/*
 * DonorVtables.c -Auto-generated donor vtable RVA arrays
 * Generated: 2026-04-01 17:46:39
 * Source: RelocateRVAs merged output (303 statuses)
 *
 * DO NOT EDIT BY HAND. Regenerate with:
 *   python generate_donors.py <RelocateRVAs_output.txt>
 */

#include <windows.h>

/* AddLeechesStatus -172 vtable slot RVAs */
const UINT_PTR g_addLeechesStatusVtableRVAs[172] = {
    0x575130, 0x575120, 0x575050, 0x575040, 0x50AF0, 0x71CCD0, 0x35A60, 0x75C5F0,
    0x35A60, 0x35A60, 0x35A60, 0x35A60, 0x35A60, 0x35A60, 0x35A60, 0x35A60,
    0x35A60, 0x35A60, 0x35A60, 0x35A60, 0x35A60, 0x35A60, 0x35A60, 0x35A60,
    0x35A60, 0x75C5C0, 0x35A60, 0x35A60, 0x804220, 0x26BD0, 0x803960, 0x803860,
    0x803740, 0x35A60, 0x35A60, 0x35A60, 0x2B5500, 0x2B5500, 0x35A60, 0x35A60,
    0x35A60, 0x2B5500, 0x35A60, 0x35A60, 0x35A60, 0x35A60, 0x35A60, 0x35A60,
    0x35A60, 0x35A60, 0x35A60, 0x35A60, 0x35A60, 0x35A60, 0x35A60, 0x35A60,
    0x35A60, 0x35A60, 0x35A60, 0x35A60, 0x35A60, 0x35A60, 0x35A60, 0x35A60,
    0x35A60, 0x35A60, 0x35A60, 0x35A60, 0x35A60, 0x35A60, 0x35A60, 0x35A60,
    0x35A60, 0x35A60, 0x35A60, 0x35A60, 0x35A60, 0x35A60, 0x35A60, 0x35A60,
    0x35A60, 0x75CC60, 0x35A60, 0x35A60, 0x35A60, 0x35A60, 0x35A60, 0x35A60,
    0x35A60, 0x270A90, 0x35A60, 0x35A60, 0x50AF0, 0x50AF0, 0x35A60, 0x35A60,
    0x35A60, 0x35A60, 0x35A60, 0x35A60, 0x35A60, 0x35A60, 0x35A60, 0x35A60,
    0x35A60, 0x35A60, 0x35A60, 0x35A60, 0x803F40, 0x35A60, 0x75CBE0, 0x75CBF0,
    0x75CC10, 0x75CC40, 0x35A60, 0x35A60, 0x35A60, 0x35A60, 0x35A60, 0x35A60,
    0x35A60, 0x35A60, 0x35A60, 0x35A60, 0x35A60, 0x35A60, 0x35A60, 0x35A60,
    0x35A60, 0x35A60, 0x35A60, 0x35A60, 0x35A60, 0x75F0F0, 0x35A60, 0x35A60,
    0x35A60, 0x35A60, 0x35A60, 0x35A60, 0x35A60, 0x35A60, 0x75CC70, 0x35A60,
    0x35A60, 0x35A60, 0x35A60, 0x35A60, 0x2B5500, 0x2B5500, 0x35A60, 0x35A60,
    0x35A60, 0x35A60, 0x35A60, 0x35A60, 0x35A60, 0x35A60, 0x35A60, 0x35A60,
    0x35A60, 0x35A60, 0x35A60, 0x75CC10, 0x35A60, 0x35A60, 0x35A60, 0x50AF0,
    0x14C4E0, 0x803FA0, 0x35A60, 0x35A60
};

/* AddStartingMana -172 vtable slot RVAs */
const UINT_PTR g_addStartingManaVtableRVAs[172] = {
    0x58B780, 0x58B770, 0x58B6A0, 0x58B690, 0x50AF0, 0x71CD50, 0x35A60, 0x75C5F0,
    0x35A60, 0x35A60, 0x35A60, 0x35A60, 0x35A60, 0x35A60, 0x35A60, 0x35A60,
    0x35A60, 0x35A60, 0x35A60, 0x35A60, 0x35A60, 0x35A60, 0x35A60, 0x35A60,
    0x35A60, 0x75C5C0, 0x35A60, 0x35A60, 0x804220, 0x26BD0, 0x803960, 0x803860,
    0x803740, 0x35A60, 0x35A60, 0x35A60, 0x2B5500, 0x2B5500, 0x35A60, 0x35A60,
    0x35A60, 0x2B5500, 0x35A60, 0x35A60, 0x35A60, 0x35A60, 0x35A60, 0x35A60,
    0x35A60, 0x171500, 0x35A60, 0x35A60, 0x35A60, 0x35A60, 0x35A60, 0x35A60,
    0x35A60, 0x35A60, 0x35A60, 0x35A60, 0x35A60, 0x35A60, 0x35A60, 0x35A60,
    0x35A60, 0x35A60, 0x35A60, 0x35A60, 0x35A60, 0x35A60, 0x35A60, 0x35A60,
    0x35A60, 0x35A60, 0x35A60, 0x35A60, 0x35A60, 0x35A60, 0x35A60, 0x35A60,
    0x35A60, 0x75CC60, 0x35A60, 0x35A60, 0x35A60, 0x35A60, 0x35A60, 0x35A60,
    0x35A60, 0x35A60, 0x35A60, 0x35A60, 0x50AF0, 0x50AF0, 0x35A60, 0x35A60,
    0x35A60, 0x35A60, 0x35A60, 0x35A60, 0x35A60, 0x35A60, 0x35A60, 0x35A60,
    0x35A60, 0x35A60, 0x35A60, 0x35A60, 0x803F40, 0x35A60, 0x75CBE0, 0x75CBF0,
    0x75CC10, 0x75CC40, 0x35A60, 0x35A60, 0x35A60, 0x35A60, 0x35A60, 0x35A60,
    0x35A60, 0x35A60, 0x35A60, 0x35A60, 0x35A60, 0x35A60, 0x35A60, 0x35A60,
    0x35A60, 0x35A60, 0x35A60, 0x35A60, 0x35A60, 0x75F0F0, 0x35A60, 0x35A60,
    0x35A60, 0x35A60, 0x35A60, 0x35A60, 0x35A60, 0x35A60, 0x75CC70, 0x35A60,
    0x35A60, 0x35A60, 0x35A60, 0x35A60, 0x2B5500, 0x2B5500, 0x35A60, 0x35A60,
    0x35A60, 0x35A60, 0x35A60, 0x35A60, 0x35A60, 0x35A60, 0x35A60, 0x35A60,
    0x35A60, 0x35A60, 0x35A60, 0x75CC10, 0x35A60, 0x35A60, 0x35A60, 0x50AF0,
    0x14C4E0, 0x803FA0, 0x35A60, 0x35A60
};

/* Adrenaline -172 vtable slot RVAs */
const UINT_PTR g_adrenalineVtableRVAs[172] = {
    0x59CA20, 0x59CA10, 0x59C940, 0x59C930, 0x50AF0, 0x71CDD0, 0x35A60, 0x75C5F0,
    0x35A60, 0x35A60, 0x35A60, 0x9F950, 0x35A60, 0x35A60, 0x35A60, 0x35A60,
    0x35A60, 0x35A60, 0x35A60, 0x35A60, 0x35A60, 0x35A60, 0x35A60, 0x35A60,
    0x35A60, 0x75C5C0, 0x35A60, 0x35A60, 0x804220, 0x26BD0, 0x803960, 0x803860,
    0x803740, 0x9F810, 0x35A60, 0x99A80, 0x2B5500, 0x2B5500, 0x35A60, 0x35A60,
    0x35A60, 0x2B5500, 0x35A60, 0x35A60, 0x35A60, 0x35A60, 0x35A60, 0x35A60,
    0x35A60, 0x35A60, 0x35A60, 0x35A60, 0x35A60, 0x35A60, 0x35A60, 0x35A60,
    0x35A60, 0x35A60, 0x35A60, 0x35A60, 0x35A60, 0x35A60, 0x35A60, 0x9F8C0,
    0x35A60, 0x35A60, 0x35A60, 0x35A60, 0x35A60, 0x35A60, 0x35A60, 0x35A60,
    0x35A60, 0x35A60, 0x35A60, 0x35A60, 0x35A60, 0x35A60, 0x35A60, 0x35A60,
    0x35A60, 0x75CC60, 0x35A60, 0x9F8B0, 0x35A60, 0x35A60, 0x35A60, 0x35A60,
    0x35A60, 0x35A60, 0x35A60, 0x35A60, 0x50AF0, 0x50AF0, 0x35A60, 0x35A60,
    0x35A60, 0x35A60, 0x35A60, 0x35A60, 0x35A60, 0x35A60, 0x35A60, 0x35A60,
    0x35A60, 0x35A60, 0x35A60, 0x35A60, 0x803F40, 0x35A60, 0x75CBE0, 0x75CBF0,
    0x75CC10, 0x75CC40, 0x35A60, 0x35A60, 0x35A60, 0x35A60, 0x35A60, 0x35A60,
    0x35A60, 0x35A60, 0x35A60, 0x35A60, 0x35A60, 0x35A60, 0x35A60, 0x35A60,
    0x35A60, 0x35A60, 0x35A60, 0x35A60, 0x35A60, 0x75F0F0, 0x35A60, 0x35A60,
    0x35A60, 0x35A60, 0x35A60, 0x35A60, 0x35A60, 0x35A60, 0x75CC70, 0x35A60,
    0x35A60, 0x35A60, 0x35A60, 0x35A60, 0x2B5500, 0x2B5500, 0x35A60, 0x35A60,
    0x35A60, 0x35A60, 0x35A60, 0x35A60, 0x35A60, 0x35A60, 0x35A60, 0x35A60,
    0x35A60, 0x35A60, 0x35A60, 0x75CC10, 0x35A60, 0x35A60, 0x35A60, 0x50AF0,
    0x14C4E0, 0x803FA0, 0x35A60, 0x35A60
};

/* AIControlNextTurn -172 vtable slot RVAs */
const UINT_PTR g_aIControlNextTurnVtableRVAs[172] = {
    0x57A760, 0x57A750, 0x57A680, 0x57A670, 0x50AF0, 0x71CC50, 0x35A60, 0x75C5F0,
    0x35A60, 0x35A60, 0x35A60, 0x35A60, 0x35A60, 0x35A60, 0x35A60, 0x35A60,
    0x35A60, 0x35A60, 0x35A60, 0x35A60, 0x35A60, 0x35A60, 0x35A60, 0x35A60,
    0x35A60, 0x75C5C0, 0x35A60, 0x35A60, 0x804220, 0x26BD0, 0x803960, 0x803860,
    0x803740, 0x35A60, 0x35A60, 0x976E0, 0x2B5500, 0x2B5500, 0x35A60, 0x35A60,
    0x35A60, 0x2B5500, 0x35A60, 0x35A60, 0x35A60, 0x35A60, 0x35A60, 0x35A60,
    0x35A60, 0x35A60, 0x35A60, 0x35A60, 0x35A60, 0x35A60, 0x35A60, 0x35A60,
    0x35A60, 0x35A60, 0x35A60, 0x35A60, 0x35A60, 0x35A60, 0x35A60, 0x35A60,
    0x35A60, 0x35A60, 0x35A60, 0x35A60, 0x35A60, 0x35A60, 0x35A60, 0x35A60,
    0x35A60, 0x35A60, 0x35A60, 0x35A60, 0x35A60, 0x35A60, 0x35A60, 0x35A60,
    0x35A60, 0x75CC60, 0x35A60, 0x35A60, 0x35A60, 0x35A60, 0x35A60, 0x35A60,
    0x35A60, 0x35A60, 0x35A60, 0x35A60, 0x50AF0, 0x50AF0, 0x35A60, 0x35A60,
    0x35A60, 0x35A60, 0x35A60, 0x35A60, 0x35A60, 0x35A60, 0x35A60, 0x35A60,
    0x35A60, 0x35A60, 0x35A60, 0x35A60, 0x803F40, 0x35A60, 0x75CBE0, 0x75CBF0,
    0x24C420, 0x75CC40, 0x35A60, 0x35A60, 0x35A60, 0x35A60, 0x35A60, 0x35A60,
    0x35A60, 0x35A60, 0x35A60, 0x35A60, 0x35A60, 0x35A60, 0x35A60, 0x35A60,
    0x35A60, 0x35A60, 0x35A60, 0x35A60, 0x35A60, 0x75F0F0, 0x35A60, 0x35A60,
    0x35A60, 0x35A60, 0x35A60, 0x35A60, 0x35A60, 0x35A60, 0x75CC70, 0x35A60,
    0x35A60, 0x35A60, 0x35A60, 0x35A60, 0x2B5500, 0x2B5500, 0x35A60, 0x35A60,
    0x35A60, 0x35A60, 0x35A60, 0x35A60, 0x35A60, 0x35A60, 0x35A60, 0x35A60,
    0x35A60, 0x35A60, 0x35A60, 0x75CC10, 0x35A60, 0x35A60, 0x35A60, 0x50AF0,
    0x14C4E0, 0x803FA0, 0x35A60, 0x35A60
};

/* AllDamageCrits -172 vtable slot RVAs */
const UINT_PTR g_allDamageCritsVtableRVAs[172] = {
    0x55EDA0, 0x55ED90, 0x55ECC0, 0x55ECB0, 0x50AF0, 0x71CE50, 0x35A60, 0x75C5F0,
    0x35A60, 0x35A60, 0x35A60, 0x35A60, 0x35A60, 0x35A60, 0x35A60, 0x35A60,
    0x35A60, 0x35A60, 0x35A60, 0x35A60, 0x35A60, 0x35A60, 0x35A60, 0x35A60,
    0x35A60, 0x75C5C0, 0x35A60, 0x35A60, 0x804220, 0x26BD0, 0x803960, 0x803860,
    0x803740, 0x35A60, 0x35A60, 0x99A80, 0x2B5500, 0x2B5500, 0x35A60, 0x35A60,
    0x35A60, 0x2B5500, 0x35A60, 0x35A60, 0x35A60, 0x35A60, 0x35A60, 0x35A60,
    0x35A60, 0x35A60, 0x35A60, 0x35A60, 0x35A60, 0x35A60, 0x35A60, 0x35A60,
    0x35A60, 0x35A60, 0x35A60, 0x8ACB80, 0x35A60, 0x35A60, 0x35A60, 0x35A60,
    0x35A60, 0x35A60, 0x35A60, 0x35A60, 0x35A60, 0x35A60, 0x35A60, 0x35A60,
    0x35A60, 0x35A60, 0x35A60, 0x35A60, 0x35A60, 0x35A60, 0x35A60, 0x35A60,
    0x35A60, 0x75CC60, 0x35A60, 0x35A60, 0x35A60, 0x35A60, 0x35A60, 0x35A60,
    0x35A60, 0x35A60, 0x35A60, 0x35A60, 0x50AF0, 0x50AF0, 0x35A60, 0x35A60,
    0x35A60, 0x35A60, 0x35A60, 0x35A60, 0x35A60, 0x35A60, 0x35A60, 0x35A60,
    0x35A60, 0x35A60, 0x35A60, 0x35A60, 0x803F40, 0x35A60, 0x75CBE0, 0x75CBF0,
    0x75CC10, 0x75CC40, 0x35A60, 0x35A60, 0x35A60, 0x35A60, 0x35A60, 0x35A60,
    0x35A60, 0x35A60, 0x35A60, 0x35A60, 0x35A60, 0x35A60, 0x35A60, 0x35A60,
    0x35A60, 0x35A60, 0x35A60, 0x35A60, 0x35A60, 0x75F0F0, 0x35A60, 0x35A60,
    0x35A60, 0x35A60, 0x35A60, 0x35A60, 0x35A60, 0x35A60, 0x75CC70, 0x35A60,
    0x35A60, 0x35A60, 0x35A60, 0x35A60, 0x2B5500, 0x2B5500, 0x35A60, 0x35A60,
    0x35A60, 0x35A60, 0x35A60, 0x35A60, 0x35A60, 0x35A60, 0x35A60, 0x35A60,
    0x35A60, 0x35A60, 0x35A60, 0x75CC10, 0x35A60, 0x35A60, 0x35A60, 0x50AF0,
    0x14C4E0, 0x803FA0, 0x35A60, 0x35A60
};

/* AllStatsUp -172 vtable slot RVAs */
const UINT_PTR g_allStatsUpVtableRVAs[172] = {
    0x563E70, 0x563E60, 0x563D90, 0x563D80, 0x50AF0, 0x71CED0, 0x35A60, 0x75C5F0,
    0x35A60, 0x35A60, 0x35A60, 0x35A60, 0x35A60, 0x35A60, 0x35A60, 0x35A60,
    0x35A60, 0x35A60, 0x35A60, 0x35A60, 0x35A60, 0x35A60, 0x35A60, 0x35A60,
    0x35A60, 0x75C5C0, 0x35A60, 0x35A60, 0x804220, 0x26BD0, 0x803960, 0x803860,
    0x803740, 0x35A60, 0x35A60, 0x35A60, 0x2B5500, 0x2B5500, 0x35A60, 0x35A60,
    0x35A60, 0x2B5500, 0x35A60, 0x35A60, 0x35A60, 0x35A60, 0x35A60, 0x35A60,
    0x35A60, 0x89CA10, 0x35A60, 0x35A60, 0x35A60, 0x35A60, 0x35A60, 0x35A60,
    0x35A60, 0x35A60, 0x35A60, 0x35A60, 0x35A60, 0x35A60, 0x35A60, 0x35A60,
    0x35A60, 0x35A60, 0x35A60, 0x35A60, 0x35A60, 0x35A60, 0x35A60, 0x35A60,
    0x35A60, 0x35A60, 0x35A60, 0x35A60, 0x35A60, 0x35A60, 0x35A60, 0x35A60,
    0x35A60, 0x75CC60, 0x89CA70, 0x35A60, 0x35A60, 0x35A60, 0x35A60, 0x35A60,
    0x35A60, 0x35A60, 0x35A60, 0x35A60, 0x50AF0, 0x50AF0, 0x35A60, 0x35A60,
    0x35A60, 0x35A60, 0x35A60, 0x35A60, 0x35A60, 0x35A60, 0x35A60, 0x35A60,
    0x35A60, 0x35A60, 0x35A60, 0x35A60, 0x803F40, 0x35A60, 0x75CBE0, 0x75CBF0,
    0x75CC10, 0x75CC40, 0x35A60, 0x35A60, 0x35A60, 0x35A60, 0x35A60, 0x35A60,
    0x35A60, 0x35A60, 0x35A60, 0x35A60, 0x35A60, 0x35A60, 0x35A60, 0x35A60,
    0x35A60, 0x35A60, 0x35A60, 0x35A60, 0x35A60, 0x75F0F0, 0x35A60, 0x35A60,
    0x35A60, 0x35A60, 0x35A60, 0x35A60, 0x35A60, 0x35A60, 0x75CC70, 0x35A60,
    0x35A60, 0x35A60, 0x35A60, 0x35A60, 0x2B5500, 0x2B5500, 0x35A60, 0x35A60,
    0x35A60, 0x35A60, 0x35A60, 0x35A60, 0x35A60, 0x35A60, 0x35A60, 0x35A60,
    0x35A60, 0x35A60, 0x35A60, 0x75CC10, 0x35A60, 0x35A60, 0x35A60, 0x50AF0,
    0x14C4E0, 0x803FA0, 0x89CAF0, 0x35A60
};

/* AllyInfested -172 vtable slot RVAs */
const UINT_PTR g_allyInfestedVtableRVAs[172] = {
    0x568C40, 0x568C30, 0x568B60, 0x568B50, 0x50AF0, 0x71CF50, 0x35A60, 0x75C5F0,
    0x35A60, 0x35A60, 0x35A60, 0x35A60, 0x35A60, 0x35A60, 0x35A60, 0x35A60,
    0x35A60, 0x35A60, 0x35A60, 0x35A60, 0x35A60, 0x35A60, 0x35A60, 0x35A60,
    0x35A60, 0x75C5C0, 0x35A60, 0x35A60, 0x804220, 0x26BD0, 0x803960, 0x803860,
    0x803740, 0x9E460, 0x35A60, 0x35A60, 0x2B5500, 0x2B5500, 0x35A60, 0x35A60,
    0x35A60, 0x2B5500, 0x35A60, 0x35A60, 0x35A60, 0x35A60, 0x35A60, 0x35A60,
    0x35A60, 0x35A60, 0x35A60, 0x35A60, 0x35A60, 0x35A60, 0x35A60, 0x35A60,
    0x35A60, 0x35A60, 0x35A60, 0x35A60, 0x35A60, 0x35A60, 0x35A60, 0x35A60,
    0x35A60, 0x35A60, 0x35A60, 0x35A60, 0x35A60, 0x35A60, 0x35A60, 0x35A60,
    0x35A60, 0x35A60, 0x35A60, 0x35A60, 0x35A60, 0x35A60, 0x35A60, 0x35A60,
    0x35A60, 0x75CC60, 0x35A60, 0x35A60, 0x35A60, 0x35A60, 0x35A60, 0x35A60,
    0x35A60, 0x35A60, 0x35A60, 0x35A60, 0x50AF0, 0x50AF0, 0x9E470, 0x35A60,
    0x7F7720, 0x35A60, 0x35A60, 0x35A60, 0x35A60, 0x35A60, 0x35A60, 0x35A60,
    0x35A60, 0x35A60, 0x35A60, 0x35A60, 0x803F40, 0x35A60, 0x75CBE0, 0x75CBF0,
    0x75CC10, 0x75CC40, 0x35A60, 0x35A60, 0x35A60, 0x35A60, 0x35A60, 0x35A60,
    0x35A60, 0x35A60, 0x35A60, 0x35A60, 0x35A60, 0x35A60, 0x35A60, 0x35A60,
    0x35A60, 0x35A60, 0x35A60, 0x35A60, 0x35A60, 0x75F0F0, 0x35A60, 0x35A60,
    0x35A60, 0x35A60, 0x35A60, 0x35A60, 0x35A60, 0x35A60, 0x75CC70, 0x35A60,
    0x35A60, 0x35A60, 0x35A60, 0x35A60, 0x2B5500, 0x2B5500, 0x35A60, 0x35A60,
    0x35A60, 0x35A60, 0x35A60, 0x35A60, 0x35A60, 0x35A60, 0x35A60, 0x35A60,
    0x35A60, 0x35A60, 0x35A60, 0x75CC10, 0x35A60, 0x35A60, 0x35A60, 0x50AF0,
    0x14C4E0, 0x803FA0, 0x35A60, 0x35A60
};

/* AlphaCat -172 vtable slot RVAs */
const UINT_PTR g_alphaCatVtableRVAs[172] = {
    0x57C7C0, 0x57C7B0, 0x57C6E0, 0x57C6D0, 0x50AF0, 0x71CFD0, 0x35A60, 0x75C5F0,
    0x35A60, 0x35A60, 0x35A60, 0x35A60, 0x35A60, 0x35A60, 0x35A60, 0x35A60,
    0x35A60, 0x35A60, 0x35A60, 0x35A60, 0x35A60, 0x35A60, 0x35A60, 0x35A60,
    0x35A60, 0x75C5C0, 0x35A60, 0x35A60, 0x804220, 0x26BD0, 0x803960, 0x803860,
    0x803740, 0x227CD0, 0x35A60, 0x35A60, 0x2B5500, 0x2B5500, 0x35A60, 0x35A60,
    0x35A60, 0x2B5500, 0x35A60, 0x35A60, 0x35A60, 0x35A60, 0x35A60, 0x35A60,
    0x35A60, 0x35A60, 0x35A60, 0x35A60, 0x35A60, 0x35A60, 0x35A60, 0x35A60,
    0x35A60, 0x35A60, 0x35A60, 0x35A60, 0x35A60, 0x35A60, 0x35A60, 0x35A60,
    0x35A60, 0x35A60, 0x35A60, 0x35A60, 0x35A60, 0x35A60, 0x35A60, 0x35A60,
    0x35A60, 0x35A60, 0x35A60, 0x35A60, 0x35A60, 0x35A60, 0x35A60, 0x35A60,
    0x35A60, 0x75CC60, 0x227DD0, 0x35A60, 0x35A60, 0x35A60, 0x35A60, 0x35A60,
    0x35A60, 0x35A60, 0x35A60, 0x35A60, 0x50AF0, 0x50AF0, 0x35A60, 0x35A60,
    0x35A60, 0x35A60, 0x35A60, 0x35A60, 0x35A60, 0x35A60, 0x35A60, 0x35A60,
    0x35A60, 0x35A60, 0x35A60, 0x35A60, 0x803F40, 0x35A60, 0x75CBE0, 0x75CBF0,
    0x75CC10, 0x75CC40, 0x35A60, 0x35A60, 0x35A60, 0x35A60, 0x35A60, 0x35A60,
    0x35A60, 0x35A60, 0x35A60, 0x35A60, 0x35A60, 0x35A60, 0x35A60, 0x35A60,
    0x35A60, 0x35A60, 0x35A60, 0x35A60, 0x35A60, 0x75F0F0, 0x35A60, 0x35A60,
    0x35A60, 0x35A60, 0x35A60, 0x35A60, 0x35A60, 0x35A60, 0x75CC70, 0x35A60,
    0x35A60, 0x35A60, 0x35A60, 0x35A60, 0x2B5500, 0x2B5500, 0x35A60, 0x35A60,
    0x35A60, 0x35A60, 0x35A60, 0x35A60, 0x35A60, 0x35A60, 0x35A60, 0x35A60,
    0x35A60, 0x35A60, 0x35A60, 0x75CC10, 0x35A60, 0x35A60, 0x35A60, 0x50AF0,
    0x14C4E0, 0x803FA0, 0x35A60, 0x35A60
};

/* AlphaTurns -172 vtable slot RVAs */
const UINT_PTR g_alphaTurnsVtableRVAs[172] = {
    0x55F460, 0x55F450, 0x55F380, 0x55F370, 0x50AF0, 0x71D050, 0x35A60, 0x75C5F0,
    0x35A60, 0x35A60, 0x35A60, 0x35A60, 0x35A60, 0x35A60, 0x35A60, 0x35A60,
    0x35A60, 0x35A60, 0x35A60, 0x35A60, 0x35A60, 0x35A60, 0x35A60, 0x35A60,
    0x35A60, 0x75C5C0, 0x35A60, 0x35A60, 0x804220, 0x26BD0, 0x803960, 0x803860,
    0x803740, 0x8AC660, 0x35A60, 0x35A60, 0x2B5500, 0x2B5500, 0x35A60, 0x8AC680,
    0x35A60, 0x2B5500, 0x35A60, 0x35A60, 0x35A60, 0x8AC670, 0x35A60, 0x35A60,
    0x35A60, 0x35A60, 0x35A60, 0x35A60, 0x35A60, 0x35A60, 0x35A60, 0x35A60,
    0x35A60, 0x35A60, 0x35A60, 0x35A60, 0x35A60, 0x35A60, 0x35A60, 0x35A60,
    0x35A60, 0x35A60, 0x35A60, 0x35A60, 0x35A60, 0x35A60, 0x35A60, 0x35A60,
    0x35A60, 0x35A60, 0x35A60, 0x35A60, 0x35A60, 0x35A60, 0x35A60, 0x35A60,
    0x35A60, 0x75CC60, 0x35A60, 0x35A60, 0x35A60, 0x35A60, 0x35A60, 0x35A60,
    0x35A60, 0x35A60, 0x35A60, 0x35A60, 0x50AF0, 0x50AF0, 0x35A60, 0x35A60,
    0x35A60, 0x35A60, 0x35A60, 0x35A60, 0x35A60, 0x35A60, 0x35A60, 0x35A60,
    0x35A60, 0x35A60, 0x35A60, 0x35A60, 0x803F40, 0x35A60, 0x75CBE0, 0x75CBF0,
    0x75CC10, 0x75CC40, 0x35A60, 0x35A60, 0x35A60, 0x35A60, 0x35A60, 0x35A60,
    0x35A60, 0x35A60, 0x35A60, 0x35A60, 0x35A60, 0x35A60, 0x35A60, 0x35A60,
    0x35A60, 0x35A60, 0x35A60, 0x35A60, 0x35A60, 0x75F0F0, 0x35A60, 0x35A60,
    0x35A60, 0x35A60, 0x35A60, 0x35A60, 0x35A60, 0x35A60, 0x75CC70, 0x35A60,
    0x35A60, 0x35A60, 0x35A60, 0x35A60, 0x2B5500, 0x2B5500, 0x35A60, 0x35A60,
    0x35A60, 0x35A60, 0x35A60, 0x35A60, 0x35A60, 0x35A60, 0x35A60, 0x35A60,
    0x35A60, 0x35A60, 0x35A60, 0x75CC10, 0x35A60, 0x35A60, 0x35A60, 0x50AF0,
    0x14C4E0, 0x803FA0, 0x35A60, 0x35A60
};

/* Ammo -172 vtable slot RVAs */
const UINT_PTR g_ammoVtableRVAs[172] = {
    0x5689D0, 0x5689C0, 0x5688F0, 0x5688E0, 0x50AF0, 0x71D0D0, 0x35A60, 0x75C5F0,
    0x35A60, 0x35A60, 0x35A60, 0x35A60, 0x35A60, 0x35A60, 0x35A60, 0x35A60,
    0x35A60, 0x35A60, 0x35A60, 0x35A60, 0x35A60, 0x35A60, 0x35A60, 0x35A60,
    0x35A60, 0x75C5C0, 0x35A60, 0x35A60, 0x804220, 0x26BD0, 0x803960, 0x803860,
    0x803740, 0x35A60, 0x35A60, 0x35A60, 0x2B5500, 0x2B5500, 0x35A60, 0x35A60,
    0x35A60, 0x2B5500, 0x35A60, 0x35A60, 0x35A60, 0x35A60, 0x35A60, 0x35A60,
    0x35A60, 0x35A60, 0x35A60, 0x35A60, 0x35A60, 0x35A60, 0x35A60, 0x35A60,
    0x35A60, 0x35A60, 0x35A60, 0x35A60, 0x35A60, 0x35A60, 0x35A60, 0x35A60,
    0x35A60, 0x35A60, 0x35A60, 0x35A60, 0x35A60, 0x35A60, 0x35A60, 0x35A60,
    0x35A60, 0x35A60, 0x35A60, 0x35A60, 0x35A60, 0x35A60, 0x35A60, 0x35A60,
    0x35A60, 0x75CC60, 0x35A60, 0x35A60, 0x35A60, 0x35A60, 0x35A60, 0x35A60,
    0x35A60, 0x35A60, 0x35A60, 0x35A60, 0x50AF0, 0x50AF0, 0x35A60, 0x35A60,
    0x35A60, 0x35A60, 0x35A60, 0x35A60, 0x35A60, 0x35A60, 0x35A60, 0x35A60,
    0x35A60, 0x35A60, 0x35A60, 0x35A60, 0x803F40, 0x35A60, 0x75CBE0, 0x75CBF0,
    0x75CC10, 0x75CC40, 0x35A60, 0x35A60, 0x35A60, 0x35A60, 0x35A60, 0x35A60,
    0x35A60, 0x35A60, 0x35A60, 0x35A60, 0x35A60, 0x35A60, 0x35A60, 0x35A60,
    0x35A60, 0x35A60, 0x35A60, 0x35A60, 0x35A60, 0x75F0F0, 0x35A60, 0x35A60,
    0x35A60, 0x35A60, 0x35A60, 0x35A60, 0x35A60, 0x35A60, 0x75CC70, 0x35A60,
    0x35A60, 0x35A60, 0x35A60, 0x35A60, 0x2B5500, 0x2B5500, 0x35A60, 0x35A60,
    0x35A60, 0x35A60, 0x35A60, 0x35A60, 0x35A60, 0x35A60, 0x35A60, 0x35A60,
    0x35A60, 0x35A60, 0x35A60, 0x75CC10, 0x35A60, 0x35A60, 0x35A60, 0x50AF0,
    0x14C4E0, 0x803FA0, 0x7F84C0, 0x7F84C0
};

/* ApplyStatusesNextTurnBegin -172 vtable slot RVAs */
const UINT_PTR g_applyStatusesNextTurnBeginVtableRVAs[172] = {
    0x579F10, 0x579F00, 0x579E30, 0x579E20, 0x50AF0, 0x71D150, 0x35A60, 0x75C5F0,
    0x35A60, 0x35A60, 0x35A60, 0x35A60, 0x35A60, 0x35A60, 0x35A60, 0x35A60,
    0x35A60, 0x35A60, 0x35A60, 0x35A60, 0x35A60, 0x35A60, 0x35A60, 0x35A60,
    0x35A60, 0x75C5C0, 0x35A60, 0x35A60, 0x804220, 0x26BD0, 0x803960, 0x803860,
    0x803740, 0x35A60, 0x24D1F0, 0x35A60, 0x2B5500, 0x2B5500, 0x35A60, 0x35A60,
    0x35A60, 0x2B5500, 0x35A60, 0x35A60, 0x35A60, 0x35A60, 0x35A60, 0x35A60,
    0x35A60, 0x35A60, 0x35A60, 0x35A60, 0x35A60, 0x35A60, 0x35A60, 0x35A60,
    0x35A60, 0x35A60, 0x35A60, 0x35A60, 0x35A60, 0x35A60, 0x35A60, 0x35A60,
    0x35A60, 0x35A60, 0x35A60, 0x35A60, 0x35A60, 0x35A60, 0x35A60, 0x35A60,
    0x35A60, 0x35A60, 0x35A60, 0x35A60, 0x35A60, 0x35A60, 0x35A60, 0x35A60,
    0x35A60, 0x75CC60, 0x35A60, 0x35A60, 0x35A60, 0x35A60, 0x35A60, 0x35A60,
    0x35A60, 0x35A60, 0x35A60, 0x35A60, 0x50AF0, 0x50AF0, 0x35A60, 0x35A60,
    0x35A60, 0x35A60, 0x35A60, 0x35A60, 0x35A60, 0x35A60, 0x35A60, 0x35A60,
    0x35A60, 0x35A60, 0x35A60, 0x35A60, 0x803F40, 0x35A60, 0x75CBE0, 0x75CBF0,
    0x75CC10, 0x75CC40, 0x35A60, 0x35A60, 0x35A60, 0x35A60, 0x35A60, 0x35A60,
    0x35A60, 0x35A60, 0x35A60, 0x35A60, 0x35A60, 0x35A60, 0x35A60, 0x35A60,
    0x35A60, 0x35A60, 0x35A60, 0x35A60, 0x35A60, 0x75F0F0, 0x35A60, 0x35A60,
    0x35A60, 0x35A60, 0x35A60, 0x35A60, 0x35A60, 0x35A60, 0x75CC70, 0x35A60,
    0x35A60, 0x35A60, 0x35A60, 0x35A60, 0x2B5500, 0x2B5500, 0x35A60, 0x35A60,
    0x35A60, 0x35A60, 0x35A60, 0x35A60, 0x35A60, 0x35A60, 0x35A60, 0x35A60,
    0x35A60, 0x35A60, 0x35A60, 0x75CC10, 0x35A60, 0x35A60, 0x35A60, 0x50AF0,
    0x14C4E0, 0x803FA0, 0x35A60, 0x35A60
};

/* ApplyStatusesNextTurnEnd -172 vtable slot RVAs */
const UINT_PTR g_applyStatusesNextTurnEndVtableRVAs[172] = {
    0x57A070, 0x57A060, 0x579F90, 0x579F80, 0x50AF0, 0x71D1D0, 0x35A60, 0x75C5F0,
    0x35A60, 0x35A60, 0x35A60, 0x35A60, 0x35A60, 0x35A60, 0x35A60, 0x35A60,
    0x35A60, 0x35A60, 0x35A60, 0x35A60, 0x35A60, 0x35A60, 0x35A60, 0x35A60,
    0x35A60, 0x75C5C0, 0x35A60, 0x35A60, 0x804220, 0x26BD0, 0x803960, 0x803860,
    0x803740, 0x35A60, 0x35A60, 0x24D1F0, 0x2B5500, 0x2B5500, 0x35A60, 0x35A60,
    0x35A60, 0x2B5500, 0x35A60, 0x35A60, 0x35A60, 0x35A60, 0x35A60, 0x35A60,
    0x35A60, 0x35A60, 0x35A60, 0x35A60, 0x35A60, 0x35A60, 0x35A60, 0x35A60,
    0x35A60, 0x35A60, 0x35A60, 0x35A60, 0x35A60, 0x35A60, 0x35A60, 0x35A60,
    0x35A60, 0x35A60, 0x35A60, 0x35A60, 0x35A60, 0x35A60, 0x35A60, 0x35A60,
    0x35A60, 0x35A60, 0x35A60, 0x35A60, 0x35A60, 0x35A60, 0x35A60, 0x35A60,
    0x35A60, 0x75CC60, 0x35A60, 0x35A60, 0x35A60, 0x35A60, 0x35A60, 0x35A60,
    0x35A60, 0x35A60, 0x35A60, 0x35A60, 0x50AF0, 0x50AF0, 0x35A60, 0x35A60,
    0x35A60, 0x35A60, 0x35A60, 0x35A60, 0x35A60, 0x35A60, 0x35A60, 0x35A60,
    0x35A60, 0x35A60, 0x35A60, 0x35A60, 0x803F40, 0x35A60, 0x75CBE0, 0x75CBF0,
    0x75CC10, 0x75CC40, 0x35A60, 0x35A60, 0x35A60, 0x35A60, 0x35A60, 0x35A60,
    0x35A60, 0x35A60, 0x35A60, 0x35A60, 0x35A60, 0x35A60, 0x35A60, 0x35A60,
    0x35A60, 0x35A60, 0x35A60, 0x35A60, 0x35A60, 0x75F0F0, 0x35A60, 0x35A60,
    0x35A60, 0x35A60, 0x35A60, 0x35A60, 0x35A60, 0x35A60, 0x75CC70, 0x35A60,
    0x35A60, 0x35A60, 0x35A60, 0x35A60, 0x2B5500, 0x2B5500, 0x35A60, 0x35A60,
    0x35A60, 0x35A60, 0x35A60, 0x35A60, 0x35A60, 0x35A60, 0x35A60, 0x35A60,
    0x35A60, 0x35A60, 0x35A60, 0x75CC10, 0x35A60, 0x35A60, 0x35A60, 0x50AF0,
    0x14C4E0, 0x803FA0, 0x35A60, 0x35A60
};

/* Attraction -172 vtable slot RVAs */
const UINT_PTR g_attractionVtableRVAs[172] = {
    0x59E610, 0x59E600, 0x59E530, 0x59E520, 0x50AF0, 0x71D250, 0x35A60, 0x75C5F0,
    0x35A60, 0x35A60, 0x35A60, 0x9CCB0, 0x35A60, 0x35A60, 0x35A60, 0x35A60,
    0x35A60, 0x35A60, 0x35A60, 0x35A60, 0x35A60, 0x35A60, 0x35A60, 0x35A60,
    0x35A60, 0x75C5C0, 0x35A60, 0x35A60, 0x804220, 0x26BD0, 0x803960, 0x803860,
    0x803740, 0x35A60, 0x35A60, 0x976E0, 0x9C860, 0x2B5500, 0x35A60, 0x35A60,
    0x35A60, 0x2B5500, 0x35A60, 0x35A60, 0x35A60, 0x35A60, 0x35A60, 0x35A60,
    0x35A60, 0x35A60, 0x35A60, 0x35A60, 0x35A60, 0x35A60, 0x35A60, 0x35A60,
    0x35A60, 0x35A60, 0x35A60, 0x35A60, 0x35A60, 0x35A60, 0x35A60, 0x35A60,
    0x35A60, 0x35A60, 0x35A60, 0x35A60, 0x35A60, 0x35A60, 0x35A60, 0x35A60,
    0x35A60, 0x35A60, 0x35A60, 0x35A60, 0x35A60, 0x35A60, 0x35A60, 0x35A60,
    0x35A60, 0x75CC60, 0x35A60, 0x35A60, 0x35A60, 0x35A60, 0x35A60, 0x35A60,
    0x35A60, 0x35A60, 0x35A60, 0x35A60, 0x50AF0, 0x50AF0, 0x35A60, 0x35A60,
    0x35A60, 0x35A60, 0x35A60, 0x35A60, 0x35A60, 0x35A60, 0x35A60, 0x35A60,
    0x35A60, 0x35A60, 0x35A60, 0x35A60, 0x803F40, 0x35A60, 0x75CBE0, 0x75CBF0,
    0x9C920, 0x75CC40, 0x35A60, 0x35A60, 0x35A60, 0x35A60, 0x35A60, 0x35A60,
    0x35A60, 0x35A60, 0x35A60, 0x35A60, 0x35A60, 0x35A60, 0x35A60, 0x35A60,
    0x35A60, 0x35A60, 0x35A60, 0x35A60, 0x35A60, 0x75F0F0, 0x35A60, 0x35A60,
    0x35A60, 0x35A60, 0x35A60, 0x35A60, 0x35A60, 0x35A60, 0x75CC70, 0x35A60,
    0x35A60, 0x35A60, 0x35A60, 0x35A60, 0x2B5500, 0x2B5500, 0x35A60, 0x35A60,
    0x35A60, 0x35A60, 0x35A60, 0x35A60, 0x35A60, 0x35A60, 0x35A60, 0x35A60,
    0x35A60, 0x35A60, 0x35A60, 0x75CC10, 0x35A60, 0x35A60, 0x35A60, 0x50AF0,
    0x14C4E0, 0x803FA0, 0x35A60, 0x35A60
};

/* AutoReanimate -172 vtable slot RVAs */
const UINT_PTR g_autoReanimateVtableRVAs[172] = {
    0x575270, 0x575260, 0x575190, 0x575180, 0x50AF0, 0x71D2D0, 0x35A60, 0x75C5F0,
    0x35A60, 0x35A60, 0x35A60, 0x2709B0, 0x35A60, 0x35A60, 0x35A60, 0x35A60,
    0x35A60, 0x35A60, 0x35A60, 0x35A60, 0x35A60, 0x35A60, 0x35A60, 0x35A60,
    0x35A60, 0x75C5C0, 0x35A60, 0x35A60, 0x804220, 0x26BD0, 0x803960, 0x803860,
    0x803740, 0x9E460, 0x35A60, 0x35A60, 0x2B5500, 0x2B5500, 0x35A60, 0x35A60,
    0x35A60, 0x2B5500, 0x35A60, 0x35A60, 0x35A60, 0x35A60, 0x35A60, 0x35A60,
    0x35A60, 0x35A60, 0x35A60, 0x35A60, 0x35A60, 0x35A60, 0x35A60, 0x35A60,
    0x35A60, 0x35A60, 0x35A60, 0x35A60, 0x35A60, 0x35A60, 0x35A60, 0x35A60,
    0x35A60, 0x35A60, 0x35A60, 0x35A60, 0x35A60, 0x35A60, 0x35A60, 0x35A60,
    0x35A60, 0x35A60, 0x35A60, 0x35A60, 0x35A60, 0x35A60, 0x35A60, 0x35A60,
    0x35A60, 0x75CC60, 0x35A60, 0x35A60, 0x35A60, 0x35A60, 0x35A60, 0x35A60,
    0x35A60, 0x35A60, 0x64A50, 0x35A60, 0x50AF0, 0x50AF0, 0x35A60, 0x35A60,
    0x35A60, 0x35A60, 0x35A60, 0x35A60, 0x35A60, 0x35A60, 0x35A60, 0x35A60,
    0x35A60, 0x35A60, 0x35A60, 0x35A60, 0x803F40, 0x35A60, 0x75CBE0, 0x75CBF0,
    0x75CC10, 0x75CC40, 0x35A60, 0x35A60, 0x35A60, 0x35A60, 0x35A60, 0x35A60,
    0x35A60, 0x35A60, 0x35A60, 0x35A60, 0x35A60, 0x35A60, 0x35A60, 0x35A60,
    0x35A60, 0x35A60, 0x35A60, 0x35A60, 0x35A60, 0x75F0F0, 0x35A60, 0x35A60,
    0x35A60, 0x35A60, 0x35A60, 0x35A60, 0x35A60, 0x35A60, 0x75CC70, 0x35A60,
    0x35A60, 0x35A60, 0x35A60, 0x35A60, 0x2B5500, 0x2B5500, 0x35A60, 0x35A60,
    0x35A60, 0x35A60, 0x35A60, 0x35A60, 0x35A60, 0x35A60, 0x35A60, 0x35A60,
    0x35A60, 0x35A60, 0x35A60, 0x75CC10, 0x35A60, 0x35A60, 0x35A60, 0x50AF0,
    0x14C4E0, 0x803FA0, 0x35A60, 0x35A60
};

/* BackflipWhenTargeted -172 vtable slot RVAs */
const UINT_PTR g_backflipWhenTargetedVtableRVAs[172] = {
    0x55FCC0, 0x55FCB0, 0x55FBE0, 0x55FBD0, 0x50AF0, 0x71D350, 0x35A60, 0x75C5F0,
    0x35A60, 0x35A60, 0x35A60, 0x35A60, 0x35A60, 0x35A60, 0x35A60, 0x35A60,
    0x35A60, 0x35A60, 0x35A60, 0x35A60, 0x35A60, 0x35A60, 0x35A60, 0x35A60,
    0x35A60, 0x75C5C0, 0x35A60, 0x35A60, 0x804220, 0x26BD0, 0x803960, 0x803860,
    0x803740, 0x8AB130, 0x35A60, 0x35A60, 0x2B5500, 0x2B5500, 0x35A60, 0x35A60,
    0x35A60, 0x2B5500, 0x35A60, 0x35A60, 0x35A60, 0x8AB7F0, 0x35A60, 0x35A60,
    0x35A60, 0x35A60, 0x35A60, 0x35A60, 0x8AB2C0, 0x35A60, 0x35A60, 0x35A60,
    0x35A60, 0x35A60, 0x35A60, 0x35A60, 0x35A60, 0x35A60, 0x35A60, 0x35A60,
    0x35A60, 0x35A60, 0x35A60, 0x35A60, 0x35A60, 0x35A60, 0x35A60, 0x35A60,
    0x35A60, 0x35A60, 0x35A60, 0x35A60, 0x35A60, 0x35A60, 0x35A60, 0x35A60,
    0x35A60, 0x75CC60, 0x35A60, 0x35A60, 0x35A60, 0x35A60, 0x35A60, 0x35A60,
    0x35A60, 0x35A60, 0x35A60, 0x35A60, 0x50AF0, 0x50AF0, 0x35A60, 0x35A60,
    0x35A60, 0x35A60, 0x35A60, 0x35A60, 0x35A60, 0x35A60, 0x35A60, 0x35A60,
    0x35A60, 0x35A60, 0x35A60, 0x35A60, 0x803F40, 0x35A60, 0x75CBE0, 0x75CBF0,
    0x75CC10, 0x75CC40, 0x35A60, 0x35A60, 0x35A60, 0x35A60, 0x35A60, 0x35A60,
    0x35A60, 0x35A60, 0x35A60, 0x35A60, 0x35A60, 0x35A60, 0x35A60, 0x35A60,
    0x35A60, 0x35A60, 0x35A60, 0x35A60, 0x35A60, 0x75F0F0, 0x35A60, 0x35A60,
    0x35A60, 0x35A60, 0x35A60, 0x35A60, 0x35A60, 0x35A60, 0x75CC70, 0x35A60,
    0x35A60, 0x35A60, 0x35A60, 0x35A60, 0x2B5500, 0x2B5500, 0x35A60, 0x35A60,
    0x35A60, 0x35A60, 0x35A60, 0x35A60, 0x35A60, 0x35A60, 0x35A60, 0x35A60,
    0x35A60, 0x35A60, 0x35A60, 0x75CC10, 0x35A60, 0x35A60, 0x35A60, 0x50AF0,
    0x14C4E0, 0x803FA0, 0x35A60, 0x35A60
};

/* Bleed -172 vtable slot RVAs */
const UINT_PTR g_bleedVtableRVAs[172] = {
    0x5A0B50, 0x5A0B40, 0x5A0A70, 0x5A0A60, 0x50AF0, 0x71D3D0, 0x35A60, 0x75C5F0,
    0x35A60, 0x35A60, 0x35A60, 0x35A60, 0x35A60, 0x35A60, 0x35A60, 0x35A60,
    0x35A60, 0x35A60, 0x35A60, 0x35A60, 0x35A60, 0x35A60, 0x35A60, 0x35A60,
    0x35A60, 0x75C5C0, 0x35A60, 0x35A60, 0x804220, 0x26BD0, 0x803960, 0x803860,
    0x803740, 0x99D10, 0x35A60, 0x35A60, 0x2B5500, 0x2B5500, 0x35A60, 0x35A60,
    0x35A60, 0x99D40, 0x35A60, 0x35A60, 0x35A60, 0x35A60, 0x35A60, 0x35A60,
    0x35A60, 0x35A60, 0x35A60, 0x35A60, 0x35A60, 0x35A60, 0x35A60, 0x35A60,
    0x35A60, 0x35A60, 0x35A60, 0x35A60, 0x35A60, 0x35A60, 0x35A60, 0x35A60,
    0x35A60, 0x35A60, 0x35A60, 0x35A60, 0x35A60, 0x35A60, 0x35A60, 0x35A60,
    0x35A60, 0x35A60, 0x35A60, 0x35A60, 0x35A60, 0x35A60, 0x35A60, 0x35A60,
    0x35A60, 0x99E40, 0x35A60, 0x35A60, 0x35A60, 0x35A60, 0x35A60, 0x35A60,
    0x35A60, 0x35A60, 0x35A60, 0x35A60, 0x50AF0, 0x50AF0, 0x35A60, 0x35A60,
    0x35A60, 0x35A60, 0x35A60, 0x35A60, 0x35A60, 0x35A60, 0x35A60, 0x35A60,
    0x35A60, 0x35A60, 0x35A60, 0x35A60, 0x803F40, 0x35A60, 0x75CBE0, 0x75CBF0,
    0x75CC10, 0x75CC40, 0x35A60, 0x35A60, 0x35A60, 0x35A60, 0x35A60, 0x35A60,
    0x35A60, 0x35A60, 0x35A60, 0x35A60, 0x35A60, 0x35A60, 0x35A60, 0x35A60,
    0x35A60, 0x35A60, 0x35A60, 0x35A60, 0x35A60, 0x75F0F0, 0x35A60, 0x35A60,
    0x35A60, 0x35A60, 0x35A60, 0x35A60, 0x35A60, 0x35A60, 0x75CC70, 0x35A60,
    0x35A60, 0x35A60, 0x35A60, 0x35A60, 0x2B5500, 0x2B5500, 0x35A60, 0x35A60,
    0x35A60, 0x35A60, 0x35A60, 0x35A60, 0x35A60, 0x35A60, 0x35A60, 0x35A60,
    0x35A60, 0x35A60, 0x35A60, 0x75CC10, 0x35A60, 0x35A60, 0x35A60, 0x50AF0,
    0x14C4E0, 0x803FA0, 0x35A60, 0x35A60
};

/* BleedThorns -172 vtable slot RVAs */
const UINT_PTR g_bleedThornsVtableRVAs[172] = {
    0x59EC00, 0x59EBF0, 0x59EB20, 0x59EB10, 0x50AF0, 0x71D450, 0x35A60, 0x75C5F0,
    0x35A60, 0x35A60, 0x35A60, 0x35A60, 0x35A60, 0x35A60, 0x35A60, 0x35A60,
    0x35A60, 0x35A60, 0x35A60, 0x35A60, 0x35A60, 0x35A60, 0x35A60, 0x35A60,
    0x35A60, 0x75C5C0, 0x35A60, 0x35A60, 0x804220, 0x26BD0, 0x803960, 0x803860,
    0x803740, 0x9BF90, 0x35A60, 0x35A60, 0x2B5500, 0x2B5500, 0x35A60, 0x35A60,
    0x35A60, 0x2B5500, 0x35A60, 0x35A60, 0x35A60, 0x35A60, 0x35A60, 0x35A60,
    0x35A60, 0x35A60, 0x35A60, 0x35A60, 0x35A60, 0x35A60, 0x35A60, 0x35A60,
    0x35A60, 0x35A60, 0x35A60, 0x35A60, 0x35A60, 0x35A60, 0x35A60, 0x35A60,
    0x35A60, 0x35A60, 0x35A60, 0x35A60, 0x35A60, 0x35A60, 0x35A60, 0x35A60,
    0x35A60, 0x35A60, 0x35A60, 0x35A60, 0x35A60, 0x35A60, 0x35A60, 0x35A60,
    0x35A60, 0x75CC60, 0x35A60, 0x9BFD0, 0x35A60, 0x35A60, 0x35A60, 0x35A60,
    0x35A60, 0x35A60, 0x35A60, 0x35A60, 0x50AF0, 0x50AF0, 0x35A60, 0x35A60,
    0x35A60, 0x35A60, 0x35A60, 0x35A60, 0x35A60, 0x35A60, 0x35A60, 0x35A60,
    0x35A60, 0x35A60, 0x35A60, 0x35A60, 0x803F40, 0x35A60, 0x75CBE0, 0x75CBF0,
    0x75CC10, 0x75CC40, 0x35A60, 0x35A60, 0x35A60, 0x35A60, 0x35A60, 0x35A60,
    0x35A60, 0x35A60, 0x35A60, 0x35A60, 0x35A60, 0x35A60, 0x35A60, 0x35A60,
    0x35A60, 0x35A60, 0x35A60, 0x35A60, 0x35A60, 0x75F0F0, 0x35A60, 0x35A60,
    0x35A60, 0x35A60, 0x35A60, 0x35A60, 0x35A60, 0x35A60, 0x75CC70, 0x35A60,
    0x35A60, 0x35A60, 0x35A60, 0x35A60, 0x2B5500, 0x2B5500, 0x35A60, 0x35A60,
    0x35A60, 0x35A60, 0x35A60, 0x35A60, 0x35A60, 0x35A60, 0x35A60, 0x35A60,
    0x35A60, 0x35A60, 0x35A60, 0x75CC10, 0x35A60, 0x35A60, 0x35A60, 0x50AF0,
    0x14C4E0, 0x803FA0, 0x35A60, 0x35A60
};

/* BlessingOfPeace -172 vtable slot RVAs */
const UINT_PTR g_blessingOfPeaceVtableRVAs[172] = {
    0x59C7B0, 0x59C7A0, 0x59C6D0, 0x59C6C0, 0x50AF0, 0x71D4D0, 0x35A60, 0x75C5F0,
    0x35A60, 0x35A60, 0x35A60, 0x35A60, 0x35A60, 0x35A60, 0x35A60, 0x35A60,
    0x35A60, 0x35A60, 0x35A60, 0x35A60, 0x35A60, 0x35A60, 0x35A60, 0x35A60,
    0x35A60, 0x75C5C0, 0x35A60, 0x35A60, 0x804220, 0x26BD0, 0x803960, 0x803860,
    0x803740, 0x35A60, 0x35A60, 0xA0190, 0x2B5500, 0x2B5500, 0x35A60, 0x35A60,
    0x35A60, 0x2B5500, 0x35A60, 0x35A60, 0x35A60, 0x35A60, 0x35A60, 0x35A60,
    0x35A60, 0x35A60, 0x35A60, 0x35A60, 0x35A60, 0x35A60, 0x35A60, 0x35A60,
    0x35A60, 0x35A60, 0x35A60, 0x35A60, 0x35A60, 0x35A60, 0x35A60, 0x35A60,
    0x35A60, 0x35A60, 0xA0160, 0x35A60, 0x35A60, 0x35A60, 0x35A60, 0x35A60,
    0x35A60, 0x35A60, 0x35A60, 0x35A60, 0x35A60, 0x35A60, 0x35A60, 0x35A60,
    0x35A60, 0x75CC60, 0x35A60, 0x35A60, 0x35A60, 0x35A60, 0x35A60, 0x35A60,
    0x35A60, 0x35A60, 0x35A60, 0x35A60, 0x50AF0, 0x50AF0, 0x35A60, 0x35A60,
    0x35A60, 0x35A60, 0x35A60, 0x35A60, 0x35A60, 0x35A60, 0x35A60, 0x35A60,
    0x35A60, 0x35A60, 0x35A60, 0x35A60, 0x803F40, 0x35A60, 0x75CBE0, 0x75CBF0,
    0x75CC10, 0x75CC40, 0x35A60, 0x35A60, 0x35A60, 0x35A60, 0x35A60, 0x35A60,
    0x35A60, 0x35A60, 0x35A60, 0x35A60, 0x35A60, 0x35A60, 0x35A60, 0x35A60,
    0x35A60, 0x35A60, 0x35A60, 0x35A60, 0x35A60, 0x75F0F0, 0x35A60, 0x35A60,
    0x35A60, 0x35A60, 0x35A60, 0x35A60, 0x35A60, 0x35A60, 0x75CC70, 0x35A60,
    0x35A60, 0x35A60, 0x35A60, 0x35A60, 0x2B5500, 0x2B5500, 0x35A60, 0x35A60,
    0x35A60, 0x35A60, 0x35A60, 0x35A60, 0x35A60, 0x35A60, 0x35A60, 0x35A60,
    0x35A60, 0x35A60, 0x35A60, 0x75CC10, 0x35A60, 0x35A60, 0x35A60, 0x50AF0,
    0x14C4E0, 0x803FA0, 0x35A60, 0x35A60
};

/* Blind -172 vtable slot RVAs */
const UINT_PTR g_blindVtableRVAs[172] = {
    0x59D990, 0x59D980, 0x59D8B0, 0x59D8A0, 0x50AF0, 0x71D550, 0x35A60, 0x75C5F0,
    0x35A60, 0x35A60, 0x35A60, 0x35A60, 0x35A60, 0x35A60, 0x35A60, 0x35A60,
    0x35A60, 0x35A60, 0x35A60, 0x35A60, 0x35A60, 0x35A60, 0x35A60, 0x35A60,
    0x35A60, 0x75C5C0, 0x35A60, 0x35A60, 0x804220, 0x26BD0, 0x803960, 0x803860,
    0x803740, 0x35A60, 0x35A60, 0x9EAE0, 0x2B5500, 0x2B5500, 0x35A60, 0x35A60,
    0x35A60, 0x2B5500, 0x35A60, 0x35A60, 0x35A60, 0x35A60, 0x35A60, 0x35A60,
    0x35A60, 0x35A60, 0x35A60, 0x35A60, 0x35A60, 0x35A60, 0x35A60, 0x35A60,
    0x35A60, 0x35A60, 0x9EA90, 0x35A60, 0x35A60, 0x35A60, 0x35A60, 0x35A60,
    0x35A60, 0x35A60, 0x35A60, 0x35A60, 0x35A60, 0x35A60, 0x35A60, 0x35A60,
    0x35A60, 0x35A60, 0x35A60, 0x35A60, 0x35A60, 0x35A60, 0x35A60, 0x35A60,
    0x35A60, 0x75CC60, 0x35A60, 0x35A60, 0x35A60, 0x35A60, 0x35A60, 0x35A60,
    0x35A60, 0x35A60, 0x35A60, 0x35A60, 0x50AF0, 0x50AF0, 0x35A60, 0x35A60,
    0x35A60, 0x35A60, 0x35A60, 0x35A60, 0x35A60, 0x35A60, 0x35A60, 0x35A60,
    0x35A60, 0x35A60, 0x35A60, 0x35A60, 0x803F40, 0x35A60, 0x75CBE0, 0x75CBF0,
    0x75CC10, 0x75CC40, 0x35A60, 0x35A60, 0x35A60, 0x35A60, 0x35A60, 0x35A60,
    0x35A60, 0x35A60, 0x35A60, 0x35A60, 0x35A60, 0x35A60, 0x35A60, 0x35A60,
    0x35A60, 0x35A60, 0x35A60, 0x35A60, 0x35A60, 0x75F0F0, 0x35A60, 0x35A60,
    0x35A60, 0x35A60, 0x35A60, 0x35A60, 0x35A60, 0x35A60, 0x75CC70, 0x35A60,
    0x35A60, 0x35A60, 0x35A60, 0x35A60, 0x2B5500, 0x2B5500, 0x35A60, 0x35A60,
    0x35A60, 0x35A60, 0x35A60, 0x35A60, 0x35A60, 0x35A60, 0x35A60, 0x35A60,
    0x35A60, 0x35A60, 0x35A60, 0x75CC10, 0x35A60, 0x35A60, 0x35A60, 0x50AF0,
    0x14C4E0, 0x803FA0, 0x9BE00, 0x35A60
};

/* Bloodzerked -172 vtable slot RVAs */
const UINT_PTR g_bloodzerkedVtableRVAs[172] = {
    0x588C80, 0x588C70, 0x588BA0, 0x588B90, 0x50AF0, 0x71D5D0, 0x35A60, 0x75C5F0,
    0x35A60, 0x35A60, 0x35A60, 0x35A60, 0x35A60, 0x35A60, 0x35A60, 0x35A60,
    0x35A60, 0x35A60, 0x35A60, 0x35A60, 0x35A60, 0x35A60, 0x35A60, 0x35A60,
    0x35A60, 0x75C5C0, 0x35A60, 0x35A60, 0x804220, 0x26BD0, 0x803960, 0x803860,
    0x803740, 0x35A60, 0x35A60, 0x35A60, 0x2B5500, 0x2B5500, 0x35A60, 0x35A60,
    0x35A60, 0x2B5500, 0x35A60, 0x35A60, 0x35A60, 0x35A60, 0x35A60, 0x35A60,
    0x35A60, 0x35A60, 0x35A60, 0x35A60, 0x35A60, 0x35A60, 0x35A60, 0x35A60,
    0x35A60, 0x35A60, 0x35A60, 0x18D680, 0x35A60, 0x35A60, 0x35A60, 0x35A60,
    0x35A60, 0x35A60, 0x35A60, 0x35A60, 0x35A60, 0x35A60, 0x35A60, 0x35A60,
    0x35A60, 0x35A60, 0x35A60, 0x35A60, 0x35A60, 0x35A60, 0x35A60, 0x35A60,
    0x35A60, 0x75CC60, 0x35A60, 0x35A60, 0x35A60, 0x35A60, 0x35A60, 0x35A60,
    0x35A60, 0x35A60, 0x35A60, 0x35A60, 0x50AF0, 0x50AF0, 0x35A60, 0x35A60,
    0x35A60, 0x35A60, 0x35A60, 0x35A60, 0x35A60, 0x35A60, 0x35A60, 0x35A60,
    0x35A60, 0x35A60, 0x35A60, 0x35A60, 0x803F40, 0x35A60, 0x75CBE0, 0x75CBF0,
    0x75CC10, 0x75CC40, 0x35A60, 0x35A60, 0x35A60, 0x35A60, 0x35A60, 0x35A60,
    0x35A60, 0x35A60, 0x35A60, 0x35A60, 0x35A60, 0x35A60, 0x35A60, 0x35A60,
    0x35A60, 0x35A60, 0x35A60, 0x35A60, 0x35A60, 0x75F0F0, 0x35A60, 0x35A60,
    0x35A60, 0x35A60, 0x35A60, 0x35A60, 0x35A60, 0x35A60, 0x75CC70, 0x35A60,
    0x35A60, 0x35A60, 0x35A60, 0x35A60, 0x2B5500, 0x2B5500, 0x35A60, 0x35A60,
    0x35A60, 0x35A60, 0x35A60, 0x35A60, 0x35A60, 0x35A60, 0x35A60, 0x35A60,
    0x35A60, 0x35A60, 0x35A60, 0x75CC10, 0x35A60, 0x35A60, 0x35A60, 0x50AF0,
    0x14C4E0, 0x803FA0, 0x35A60, 0x35A60
};

/* Blur -172 vtable slot RVAs */
const UINT_PTR g_blurVtableRVAs[172] = {
    0x55FAB0, 0x55FAA0, 0x55F9D0, 0x55F9C0, 0x50AF0, 0x71D650, 0x35A60, 0x75C5F0,
    0x35A60, 0x35A60, 0x35A60, 0x35A60, 0x35A60, 0x35A60, 0x35A60, 0x35A60,
    0x35A60, 0x35A60, 0x35A60, 0x35A60, 0x35A60, 0x35A60, 0x35A60, 0x35A60,
    0x35A60, 0x75C5C0, 0x35A60, 0x35A60, 0x804220, 0x26BD0, 0x803960, 0x803860,
    0x803740, 0x35A60, 0x35A60, 0x35A60, 0x2B5500, 0x2B5500, 0x35A60, 0x35A60,
    0x35A60, 0x2B5500, 0x35A60, 0x35A60, 0x35A60, 0x35A60, 0x35A60, 0x35A60,
    0x35A60, 0x35A60, 0x35A60, 0x35A60, 0x35A60, 0x35A60, 0x35A60, 0x35A60,
    0x35A60, 0x35A60, 0x35A60, 0x35A60, 0x35A60, 0x35A60, 0x35A60, 0x9F1D0,
    0x35A60, 0x35A60, 0x35A60, 0x35A60, 0x35A60, 0x35A60, 0x35A60, 0x35A60,
    0x35A60, 0x35A60, 0x35A60, 0x35A60, 0x35A60, 0x35A60, 0x35A60, 0x35A60,
    0x35A60, 0x75CC60, 0x35A60, 0x35A60, 0x35A60, 0x35A60, 0x35A60, 0x35A60,
    0x35A60, 0x35A60, 0x35A60, 0x35A60, 0x50AF0, 0x50AF0, 0x35A60, 0x35A60,
    0x35A60, 0x35A60, 0x35A60, 0x35A60, 0x35A60, 0x35A60, 0x35A60, 0x35A60,
    0x35A60, 0x35A60, 0x35A60, 0x35A60, 0x803F40, 0x35A60, 0x75CBE0, 0x75CBF0,
    0x75CC10, 0x75CC40, 0x35A60, 0x35A60, 0x35A60, 0x35A60, 0x35A60, 0x35A60,
    0x35A60, 0x35A60, 0x35A60, 0x35A60, 0x35A60, 0x35A60, 0x35A60, 0x35A60,
    0x35A60, 0x35A60, 0x35A60, 0x35A60, 0x35A60, 0x75F0F0, 0x35A60, 0x35A60,
    0x35A60, 0x35A60, 0x35A60, 0x35A60, 0x35A60, 0x35A60, 0x75CC70, 0x35A60,
    0x35A60, 0x35A60, 0x35A60, 0x35A60, 0x2B5500, 0x2B5500, 0x35A60, 0x35A60,
    0x35A60, 0x35A60, 0x35A60, 0x35A60, 0x35A60, 0x35A60, 0x35A60, 0x35A60,
    0x35A60, 0x35A60, 0x35A60, 0x75CC10, 0x35A60, 0x35A60, 0x35A60, 0x50AF0,
    0x14C4E0, 0x803FA0, 0x8AC070, 0x35A60
};

/* BodyGuard -172 vtable slot RVAs */
const UINT_PTR g_bodyGuardVtableRVAs[172] = {
    0x564F60, 0x564F50, 0x564E80, 0x564E70, 0x50AF0, 0x71D6D0, 0x35A60, 0x75C5F0,
    0x35A60, 0x35A60, 0x35A60, 0x35A60, 0x35A60, 0x35A60, 0x35A60, 0x35A60,
    0x35A60, 0x35A60, 0x35A60, 0x35A60, 0x35A60, 0x35A60, 0x35A60, 0x35A60,
    0x35A60, 0x75C5C0, 0x35A60, 0x35A60, 0x804220, 0x26BD0, 0x803960, 0x803860,
    0x803740, 0x35A60, 0x35A60, 0x35A60, 0x2B5500, 0x2B5500, 0x35A60, 0x35A60,
    0x35A60, 0x2B5500, 0x35A60, 0x35A60, 0x35A60, 0x35A60, 0x35A60, 0x35A60,
    0x35A60, 0x35A60, 0x35A60, 0x35A60, 0x8945B0, 0x35A60, 0x35A60, 0x35A60,
    0x35A60, 0x35A60, 0x35A60, 0x35A60, 0x35A60, 0x35A60, 0x35A60, 0x35A60,
    0x35A60, 0x35A60, 0x35A60, 0x35A60, 0x35A60, 0x35A60, 0x35A60, 0x35A60,
    0x35A60, 0x35A60, 0x35A60, 0x35A60, 0x35A60, 0x35A60, 0x35A60, 0x35A60,
    0x35A60, 0x75CC60, 0x35A60, 0x35A60, 0x35A60, 0x35A60, 0x35A60, 0x35A60,
    0x35A60, 0x35A60, 0x35A60, 0x35A60, 0x50AF0, 0x50AF0, 0x35A60, 0x35A60,
    0x35A60, 0x35A60, 0x35A60, 0x35A60, 0x35A60, 0x35A60, 0x35A60, 0x35A60,
    0x35A60, 0x35A60, 0x35A60, 0x35A60, 0x803F40, 0x35A60, 0x75CBE0, 0x75CBF0,
    0x75CC10, 0x75CC40, 0x35A60, 0x35A60, 0x35A60, 0x35A60, 0x35A60, 0x35A60,
    0x35A60, 0x35A60, 0x35A60, 0x35A60, 0x35A60, 0x35A60, 0x35A60, 0x35A60,
    0x35A60, 0x35A60, 0x35A60, 0x35A60, 0x35A60, 0x75F0F0, 0x35A60, 0x35A60,
    0x35A60, 0x35A60, 0x35A60, 0x35A60, 0x35A60, 0x35A60, 0x75CC70, 0x35A60,
    0x35A60, 0x35A60, 0x35A60, 0x35A60, 0x2B5500, 0x2B5500, 0x35A60, 0x35A60,
    0x35A60, 0x35A60, 0x35A60, 0x35A60, 0x35A60, 0x35A60, 0x35A60, 0x35A60,
    0x35A60, 0x35A60, 0x35A60, 0x75CC10, 0x35A60, 0x35A60, 0x35A60, 0x50AF0,
    0x14C4E0, 0x803FA0, 0x35A60, 0x35A60
};

/* BombRatTurtle -172 vtable slot RVAs */
const UINT_PTR g_bombRatTurtleVtableRVAs[172] = {
    0x5A08E0, 0x5A08D0, 0x5A0800, 0x5A07F0, 0x50AF0, 0x71D750, 0x35A60, 0x75C5F0,
    0x35A60, 0x35A60, 0x35A60, 0x99EA0, 0x35A60, 0x35A60, 0x35A60, 0x35A60,
    0x35A60, 0x35A60, 0x35A60, 0x35A60, 0x35A60, 0x35A60, 0x35A60, 0x35A60,
    0x35A60, 0x75C5C0, 0x35A60, 0x35A60, 0x804220, 0x26BD0, 0x803960, 0x803860,
    0x803740, 0x35A60, 0x35A60, 0x35A60, 0x2B5500, 0x2B5500, 0x35A60, 0x35A60,
    0x35A60, 0x99A80, 0x35A60, 0x35A60, 0x99F30, 0x9A160, 0x35A60, 0x35A60,
    0x35A60, 0x35A60, 0x35A60, 0x35A60, 0x35A60, 0x35A60, 0x35A60, 0x35A60,
    0x35A60, 0x35A60, 0x35A60, 0x35A60, 0x35A60, 0x9A0F0, 0x35A60, 0x35A60,
    0x35A60, 0x35A60, 0x35A60, 0x35A60, 0x35A60, 0x35A60, 0x35A60, 0x35A60,
    0x35A60, 0x35A60, 0x35A60, 0x35A60, 0x35A60, 0x35A60, 0x35A60, 0x35A60,
    0x35A60, 0x75CC60, 0x35A60, 0x35A60, 0x35A60, 0x35A60, 0x35A60, 0x35A60,
    0x35A60, 0x35A60, 0x35A60, 0x35A60, 0x50AF0, 0x50AF0, 0x35A60, 0x35A60,
    0x35A60, 0x35A60, 0x35A60, 0x35A60, 0x35A60, 0x35A60, 0x35A60, 0x35A60,
    0x35A60, 0x35A60, 0x35A60, 0x35A60, 0x803F40, 0x35A60, 0x75CBE0, 0x75CBF0,
    0x75CC10, 0x75CC40, 0x35A60, 0x35A60, 0x35A60, 0x35A60, 0x35A60, 0x35A60,
    0x35A60, 0x35A60, 0x35A60, 0x35A60, 0x35A60, 0x35A60, 0x35A60, 0x35A60,
    0x35A60, 0x35A60, 0x35A60, 0x35A60, 0x35A60, 0x75F0F0, 0x35A60, 0x35A60,
    0x35A60, 0x35A60, 0x35A60, 0x35A60, 0x35A60, 0x35A60, 0x75CC70, 0x35A60,
    0x35A60, 0x35A60, 0x35A60, 0x35A60, 0x2B5500, 0x2B5500, 0x35A60, 0x35A60,
    0x35A60, 0x35A60, 0x35A60, 0x35A60, 0x35A60, 0x35A60, 0x35A60, 0x35A60,
    0x35A60, 0x35A60, 0x35A60, 0x75CC10, 0x35A60, 0x35A60, 0x35A60, 0x50AF0,
    0x14C4E0, 0x803FA0, 0x35A60, 0x35A60
};

/* Bound -172 vtable slot RVAs */
const UINT_PTR g_boundVtableRVAs[172] = {
    0x59E200, 0x59E1F0, 0x59E120, 0x59E110, 0x50AF0, 0x71D7D0, 0x35A60, 0x75C5F0,
    0x35A60, 0x35A60, 0x35A60, 0x9D710, 0x35A60, 0x35A60, 0x35A60, 0x35A60,
    0x35A60, 0x35A60, 0x35A60, 0x35A60, 0x35A60, 0x35A60, 0x35A60, 0x35A60,
    0x35A60, 0x75C5C0, 0x35A60, 0x35A60, 0x804220, 0x26BD0, 0x803960, 0x803860,
    0x803740, 0x9D260, 0x35A60, 0x35A60, 0x2B5500, 0x2B5500, 0x35A60, 0x35A60,
    0x35A60, 0x2B5500, 0x35A60, 0x9D4F0, 0x35A60, 0x9D460, 0x35A60, 0x35A60,
    0x35A60, 0x35A60, 0x35A60, 0x35A60, 0x35A60, 0x35A60, 0x35A60, 0x35A60,
    0x35A60, 0x35A60, 0x35A60, 0x35A60, 0x35A60, 0x35A60, 0x35A60, 0x9D5F0,
    0x35A60, 0x35A60, 0x35A60, 0x35A60, 0x35A60, 0x35A60, 0x35A60, 0x35A60,
    0x35A60, 0x35A60, 0x35A60, 0x35A60, 0x35A60, 0x35A60, 0x35A60, 0x35A60,
    0x35A60, 0x75CC60, 0x9D5D0, 0x9D5E0, 0x35A60, 0x35A60, 0x35A60, 0x35A60,
    0x35A60, 0x35A60, 0x35A60, 0x35A60, 0x50AF0, 0x50AF0, 0x35A60, 0x35A60,
    0x35A60, 0x35A60, 0x35A60, 0x35A60, 0x35A60, 0x35A60, 0x35A60, 0x35A60,
    0x35A60, 0x35A60, 0x35A60, 0x35A60, 0x803F40, 0x35A60, 0x75CBE0, 0x75CBF0,
    0x75CC10, 0x75CC40, 0x35A60, 0x35A60, 0x35A60, 0x35A60, 0x35A60, 0x35A60,
    0x35A60, 0x35A60, 0x35A60, 0x35A60, 0x35A60, 0x35A60, 0x35A60, 0x35A60,
    0x35A60, 0x35A60, 0x35A60, 0x35A60, 0x35A60, 0x75F0F0, 0x35A60, 0x35A60,
    0x35A60, 0x35A60, 0x35A60, 0x35A60, 0x35A60, 0x35A60, 0x75CC70, 0x35A60,
    0x35A60, 0x35A60, 0x35A60, 0x35A60, 0x2B5500, 0x2B5500, 0x35A60, 0x35A60,
    0x35A60, 0x35A60, 0x35A60, 0x35A60, 0x35A60, 0x35A60, 0x35A60, 0x35A60,
    0x35A60, 0x35A60, 0x35A60, 0x75CC10, 0x35A60, 0x35A60, 0x35A60, 0x50AF0,
    0x14C4E0, 0x803FA0, 0x35A60, 0x35A60
};

/* Bounty -172 vtable slot RVAs */
const UINT_PTR g_bountyVtableRVAs[172] = {
    0x55F590, 0x55F580, 0x55F4B0, 0x55F4A0, 0x50AF0, 0x71D850, 0x35A60, 0x75C5F0,
    0x35A60, 0x35A60, 0x35A60, 0x35A60, 0x35A60, 0x35A60, 0x35A60, 0x35A60,
    0x35A60, 0x35A60, 0x35A60, 0x35A60, 0x35A60, 0x35A60, 0x35A60, 0x35A60,
    0x35A60, 0x75C5C0, 0x35A60, 0x35A60, 0x804220, 0x26BD0, 0x803960, 0x803860,
    0x803740, 0x35A60, 0x35A60, 0x35A60, 0x2B5500, 0x2B5500, 0x35A60, 0x35A60,
    0x35A60, 0x2B5500, 0x35A60, 0x35A60, 0x35A60, 0x35A60, 0x35A60, 0x35A60,
    0x35A60, 0x35A60, 0x35A60, 0x35A60, 0x35A60, 0x35A60, 0x8AC610, 0x35A60,
    0x35A60, 0x35A60, 0x35A60, 0x35A60, 0x35A60, 0x35A60, 0x35A60, 0x8AC540,
    0x35A60, 0x35A60, 0x35A60, 0x35A60, 0x35A60, 0x35A60, 0x35A60, 0x35A60,
    0x35A60, 0x35A60, 0x35A60, 0x35A60, 0x35A60, 0x35A60, 0x35A60, 0x35A60,
    0x35A60, 0x75CC60, 0x35A60, 0x35A60, 0x35A60, 0x35A60, 0x35A60, 0x35A60,
    0x35A60, 0x35A60, 0x35A60, 0x8AC5D0, 0x50AF0, 0x50AF0, 0x8AC590, 0x35A60,
    0x35A60, 0x35A60, 0x35A60, 0x35A60, 0x35A60, 0x35A60, 0x35A60, 0x35A60,
    0x35A60, 0x35A60, 0x35A60, 0x35A60, 0x803F40, 0x35A60, 0x75CBE0, 0x75CBF0,
    0x75CC10, 0x75CC40, 0x35A60, 0x35A60, 0x35A60, 0x35A60, 0x35A60, 0x35A60,
    0x35A60, 0x35A60, 0x35A60, 0x35A60, 0x35A60, 0x35A60, 0x35A60, 0x35A60,
    0x35A60, 0x35A60, 0x35A60, 0x35A60, 0x35A60, 0x75F0F0, 0x35A60, 0x35A60,
    0x35A60, 0x35A60, 0x35A60, 0x35A60, 0x35A60, 0x35A60, 0x75CC70, 0x35A60,
    0x35A60, 0x35A60, 0x35A60, 0x35A60, 0x2B5500, 0x2B5500, 0x35A60, 0x35A60,
    0x35A60, 0x35A60, 0x35A60, 0x35A60, 0x35A60, 0x35A60, 0x35A60, 0x35A60,
    0x35A60, 0x35A60, 0x35A60, 0x75CC10, 0x35A60, 0x35A60, 0x35A60, 0x50AF0,
    0x14C4E0, 0x803FA0, 0x35A60, 0x35A60
};

/* Brace -172 vtable slot RVAs */
const UINT_PTR g_braceVtableRVAs[172] = {
    0x59D860, 0x59D850, 0x59D780, 0x59D770, 0x50AF0, 0x71D8D0, 0x35A60, 0x75C5F0,
    0x35A60, 0x35A60, 0x35A60, 0x35A60, 0x35A60, 0x35A60, 0x35A60, 0x35A60,
    0x35A60, 0x35A60, 0x35A60, 0x35A60, 0x35A60, 0x35A60, 0x35A60, 0x35A60,
    0x35A60, 0x75C5C0, 0x35A60, 0x35A60, 0x804220, 0x26BD0, 0x803960, 0x803860,
    0x803740, 0x35A60, 0x35A60, 0x35A60, 0x2B5500, 0x2B5500, 0x35A60, 0x35A60,
    0x35A60, 0x2B5500, 0x35A60, 0x35A60, 0x35A60, 0x35A60, 0x35A60, 0x35A60,
    0x35A60, 0x35A60, 0x35A60, 0x35A60, 0x35A60, 0x35A60, 0x35A60, 0x35A60,
    0x35A60, 0x35A60, 0x35A60, 0x35A60, 0x35A60, 0x35A60, 0x35A60, 0x9EB30,
    0x35A60, 0x35A60, 0x35A60, 0x35A60, 0x35A60, 0x35A60, 0x35A60, 0x35A60,
    0x35A60, 0x35A60, 0x35A60, 0x35A60, 0x35A60, 0x35A60, 0x35A60, 0x35A60,
    0x35A60, 0x75CC60, 0x35A60, 0x35A60, 0x35A60, 0x35A60, 0x35A60, 0x35A60,
    0x35A60, 0x35A60, 0x35A60, 0x35A60, 0x50AF0, 0x50AF0, 0x35A60, 0x35A60,
    0x35A60, 0x35A60, 0x35A60, 0x35A60, 0x35A60, 0x35A60, 0x35A60, 0x35A60,
    0x35A60, 0x35A60, 0x35A60, 0x35A60, 0x803F40, 0x35A60, 0x75CBE0, 0x75CBF0,
    0x75CC10, 0x75CC40, 0x35A60, 0x35A60, 0x35A60, 0x35A60, 0x35A60, 0x35A60,
    0x35A60, 0x35A60, 0x35A60, 0x35A60, 0x35A60, 0x35A60, 0x35A60, 0x35A60,
    0x35A60, 0x35A60, 0x35A60, 0x35A60, 0x35A60, 0x75F0F0, 0x35A60, 0x35A60,
    0x35A60, 0x35A60, 0x35A60, 0x35A60, 0x35A60, 0x35A60, 0x75CC70, 0x35A60,
    0x35A60, 0x35A60, 0x35A60, 0x35A60, 0x2B5500, 0x2B5500, 0x35A60, 0x35A60,
    0x35A60, 0x35A60, 0x35A60, 0x35A60, 0x35A60, 0x35A60, 0x35A60, 0x35A60,
    0x35A60, 0x35A60, 0x35A60, 0x75CC10, 0x35A60, 0x35A60, 0x35A60, 0x50AF0,
    0x14C4E0, 0x803FA0, 0x35A60, 0x35A60
};

/* BrittleAllStatsUp -172 vtable slot RVAs */
const UINT_PTR g_brittleAllStatsUpVtableRVAs[172] = {
    0x5618C0, 0x5618B0, 0x561830, 0x561820, 0x50AF0, 0x71D950, 0x35A60, 0x75C5F0,
    0x35A60, 0x35A60, 0x35A60, 0x35A60, 0x35A60, 0x35A60, 0x35A60, 0x35A60,
    0x35A60, 0x35A60, 0x35A60, 0x35A60, 0x35A60, 0x35A60, 0x35A60, 0x35A60,
    0x35A60, 0x75C5C0, 0x35A60, 0x35A60, 0x804220, 0x26BD0, 0x803960, 0x803860,
    0x803740, 0x35A60, 0x35A60, 0x35A60, 0x2B5500, 0x2B5500, 0x35A60, 0x35A60,
    0x35A60, 0x2B5500, 0x35A60, 0x35A60, 0x35A60, 0x35A60, 0x35A60, 0x35A60,
    0x35A60, 0x89CA10, 0x35A60, 0x35A60, 0x35A60, 0x35A60, 0x35A60, 0x35A60,
    0x35A60, 0x35A60, 0x35A60, 0x35A60, 0x35A60, 0x35A60, 0x35A60, 0x35A60,
    0x35A60, 0x35A60, 0x35A60, 0x89CD10, 0x35A60, 0x35A60, 0x35A60, 0x35A60,
    0x35A60, 0x35A60, 0x35A60, 0x35A60, 0x35A60, 0x35A60, 0x35A60, 0x35A60,
    0x35A60, 0x75CC60, 0x89CA70, 0x35A60, 0x35A60, 0x35A60, 0x35A60, 0x35A60,
    0x35A60, 0x35A60, 0x35A60, 0x35A60, 0x50AF0, 0x50AF0, 0x35A60, 0x35A60,
    0x35A60, 0x35A60, 0x35A60, 0x35A60, 0x35A60, 0x35A60, 0x35A60, 0x35A60,
    0x35A60, 0x35A60, 0x35A60, 0x35A60, 0x803F40, 0x35A60, 0x75CBE0, 0x75CBF0,
    0x75CC10, 0x75CC40, 0x35A60, 0x35A60, 0x35A60, 0x35A60, 0x35A60, 0x35A60,
    0x35A60, 0x35A60, 0x35A60, 0x35A60, 0x35A60, 0x35A60, 0x35A60, 0x35A60,
    0x35A60, 0x35A60, 0x35A60, 0x35A60, 0x35A60, 0x75F0F0, 0x35A60, 0x35A60,
    0x35A60, 0x35A60, 0x35A60, 0x35A60, 0x35A60, 0x35A60, 0x75CC70, 0x35A60,
    0x35A60, 0x35A60, 0x35A60, 0x35A60, 0x2B5500, 0x2B5500, 0x35A60, 0x35A60,
    0x35A60, 0x35A60, 0x35A60, 0x35A60, 0x35A60, 0x35A60, 0x35A60, 0x35A60,
    0x35A60, 0x35A60, 0x35A60, 0x75CC10, 0x35A60, 0x35A60, 0x35A60, 0x50AF0,
    0x14C4E0, 0x803FA0, 0x89CAF0, 0x35A60
};

/* BrittleCharismaUp -172 vtable slot RVAs */
const UINT_PTR g_brittleCharismaUpVtableRVAs[172] = {
    0x561AB0, 0x561AA0, 0x561A20, 0x561A10, 0x50AF0, 0x71DA50, 0x35A60, 0x75C5F0,
    0x35A60, 0x35A60, 0x35A60, 0x35A60, 0x35A60, 0x35A60, 0x35A60, 0x35A60,
    0x35A60, 0x35A60, 0x35A60, 0x35A60, 0x35A60, 0x35A60, 0x35A60, 0x35A60,
    0x35A60, 0x75C5C0, 0x35A60, 0x35A60, 0x804220, 0x26BD0, 0x803960, 0x803860,
    0x803740, 0x35A60, 0x35A60, 0x35A60, 0x2B5500, 0x2B5500, 0x35A60, 0x35A60,
    0x35A60, 0x2B5500, 0x35A60, 0x35A60, 0x35A60, 0x35A60, 0x35A60, 0x35A60,
    0x35A60, 0x89CA10, 0x35A60, 0x35A60, 0x35A60, 0x35A60, 0x35A60, 0x35A60,
    0x35A60, 0x35A60, 0x35A60, 0x35A60, 0x35A60, 0x35A60, 0x35A60, 0x35A60,
    0x35A60, 0x35A60, 0x35A60, 0x89CD10, 0x35A60, 0x35A60, 0x35A60, 0x35A60,
    0x35A60, 0x35A60, 0x35A60, 0x35A60, 0x35A60, 0x35A60, 0x35A60, 0x35A60,
    0x35A60, 0x75CC60, 0x89C9C0, 0x35A60, 0x35A60, 0x35A60, 0x35A60, 0x35A60,
    0x35A60, 0x35A60, 0x35A60, 0x35A60, 0x50AF0, 0x50AF0, 0x35A60, 0x35A60,
    0x35A60, 0x35A60, 0x35A60, 0x35A60, 0x35A60, 0x35A60, 0x35A60, 0x35A60,
    0x35A60, 0x35A60, 0x35A60, 0x35A60, 0x803F40, 0x35A60, 0x75CBE0, 0x75CBF0,
    0x75CC10, 0x75CC40, 0x35A60, 0x35A60, 0x35A60, 0x35A60, 0x35A60, 0x35A60,
    0x35A60, 0x35A60, 0x35A60, 0x35A60, 0x35A60, 0x35A60, 0x35A60, 0x35A60,
    0x35A60, 0x35A60, 0x35A60, 0x35A60, 0x35A60, 0x75F0F0, 0x35A60, 0x35A60,
    0x35A60, 0x35A60, 0x35A60, 0x35A60, 0x35A60, 0x35A60, 0x75CC70, 0x35A60,
    0x35A60, 0x35A60, 0x35A60, 0x35A60, 0x2B5500, 0x2B5500, 0x35A60, 0x35A60,
    0x35A60, 0x35A60, 0x35A60, 0x35A60, 0x35A60, 0x35A60, 0x35A60, 0x35A60,
    0x35A60, 0x35A60, 0x35A60, 0x75CC10, 0x35A60, 0x35A60, 0x35A60, 0x50AF0,
    0x14C4E0, 0x803FA0, 0x89C9E0, 0x35A60
};

/* BrittleConstitutionUp -172 vtable slot RVAs */
const UINT_PTR g_brittleConstitutionUpVtableRVAs[172] = {
    0x561DA0, 0x561D90, 0x561D10, 0x561D00, 0x50AF0, 0x71DAD0, 0x35A60, 0x75C5F0,
    0x35A60, 0x35A60, 0x35A60, 0x35A60, 0x35A60, 0x35A60, 0x35A60, 0x35A60,
    0x35A60, 0x35A60, 0x35A60, 0x35A60, 0x35A60, 0x35A60, 0x35A60, 0x35A60,
    0x35A60, 0x75C5C0, 0x35A60, 0x35A60, 0x804220, 0x26BD0, 0x803960, 0x803860,
    0x803740, 0x35A60, 0x35A60, 0x35A60, 0x2B5500, 0x2B5500, 0x35A60, 0x35A60,
    0x35A60, 0x2B5500, 0x35A60, 0x35A60, 0x35A60, 0x35A60, 0x35A60, 0x35A60,
    0x35A60, 0x35A60, 0x35A60, 0x35A60, 0x35A60, 0x35A60, 0x35A60, 0x35A60,
    0x35A60, 0x35A60, 0x35A60, 0x35A60, 0x35A60, 0x35A60, 0x35A60, 0x35A60,
    0x35A60, 0x35A60, 0x35A60, 0x89CD10, 0x35A60, 0x35A60, 0x35A60, 0x35A60,
    0x35A60, 0x35A60, 0x35A60, 0x35A60, 0x35A60, 0x35A60, 0x35A60, 0x35A60,
    0x35A60, 0x75CC60, 0x89C910, 0x35A60, 0x35A60, 0x35A60, 0x35A60, 0x35A60,
    0x35A60, 0x35A60, 0x35A60, 0x35A60, 0x50AF0, 0x50AF0, 0x35A60, 0x35A60,
    0x35A60, 0x35A60, 0x35A60, 0x35A60, 0x35A60, 0x35A60, 0x35A60, 0x35A60,
    0x35A60, 0x35A60, 0x35A60, 0x35A60, 0x803F40, 0x35A60, 0x75CBE0, 0x75CBF0,
    0x75CC10, 0x75CC40, 0x35A60, 0x35A60, 0x35A60, 0x35A60, 0x35A60, 0x35A60,
    0x35A60, 0x35A60, 0x35A60, 0x35A60, 0x35A60, 0x35A60, 0x35A60, 0x35A60,
    0x35A60, 0x35A60, 0x35A60, 0x35A60, 0x35A60, 0x75F0F0, 0x35A60, 0x35A60,
    0x35A60, 0x35A60, 0x35A60, 0x35A60, 0x35A60, 0x35A60, 0x75CC70, 0x35A60,
    0x35A60, 0x35A60, 0x35A60, 0x35A60, 0x2B5500, 0x2B5500, 0x35A60, 0x35A60,
    0x35A60, 0x35A60, 0x35A60, 0x35A60, 0x35A60, 0x35A60, 0x35A60, 0x35A60,
    0x35A60, 0x35A60, 0x35A60, 0x75CC10, 0x35A60, 0x35A60, 0x35A60, 0x50AF0,
    0x14C4E0, 0x803FA0, 0x89C930, 0x35A60
};

/* BrittleDexterityUp -172 vtable slot RVAs */
const UINT_PTR g_brittleDexterityUpVtableRVAs[172] = {
    0x561EA0, 0x561E90, 0x561E10, 0x561E00, 0x50AF0, 0x71DB50, 0x35A60, 0x75C5F0,
    0x35A60, 0x35A60, 0x35A60, 0x35A60, 0x35A60, 0x35A60, 0x35A60, 0x35A60,
    0x35A60, 0x35A60, 0x35A60, 0x35A60, 0x35A60, 0x35A60, 0x35A60, 0x35A60,
    0x35A60, 0x75C5C0, 0x35A60, 0x35A60, 0x804220, 0x26BD0, 0x803960, 0x803860,
    0x803740, 0x35A60, 0x35A60, 0x35A60, 0x2B5500, 0x2B5500, 0x35A60, 0x35A60,
    0x35A60, 0x2B5500, 0x35A60, 0x35A60, 0x35A60, 0x35A60, 0x35A60, 0x35A60,
    0x35A60, 0x35A60, 0x35A60, 0x35A60, 0x35A60, 0x35A60, 0x35A60, 0x35A60,
    0x35A60, 0x35A60, 0x35A60, 0x35A60, 0x35A60, 0x35A60, 0x35A60, 0x35A60,
    0x35A60, 0x35A60, 0x35A60, 0x89CD10, 0x35A60, 0x35A60, 0x35A60, 0x35A60,
    0x35A60, 0x35A60, 0x35A60, 0x35A60, 0x35A60, 0x35A60, 0x35A60, 0x35A60,
    0x35A60, 0x75CC60, 0x89C8F0, 0x35A60, 0x35A60, 0x35A60, 0x35A60, 0x35A60,
    0x35A60, 0x35A60, 0x35A60, 0x35A60, 0x50AF0, 0x50AF0, 0x35A60, 0x35A60,
    0x35A60, 0x35A60, 0x35A60, 0x35A60, 0x35A60, 0x35A60, 0x35A60, 0x35A60,
    0x35A60, 0x35A60, 0x35A60, 0x35A60, 0x803F40, 0x35A60, 0x75CBE0, 0x75CBF0,
    0x75CC10, 0x75CC40, 0x35A60, 0x35A60, 0x35A60, 0x35A60, 0x35A60, 0x35A60,
    0x35A60, 0x35A60, 0x35A60, 0x35A60, 0x35A60, 0x35A60, 0x35A60, 0x35A60,
    0x35A60, 0x35A60, 0x35A60, 0x35A60, 0x35A60, 0x75F0F0, 0x35A60, 0x35A60,
    0x35A60, 0x35A60, 0x35A60, 0x35A60, 0x35A60, 0x35A60, 0x75CC70, 0x35A60,
    0x35A60, 0x35A60, 0x35A60, 0x35A60, 0x2B5500, 0x2B5500, 0x35A60, 0x35A60,
    0x35A60, 0x35A60, 0x35A60, 0x35A60, 0x35A60, 0x35A60, 0x35A60, 0x35A60,
    0x35A60, 0x35A60, 0x35A60, 0x75CC10, 0x35A60, 0x35A60, 0x35A60, 0x50AF0,
    0x14C4E0, 0x803FA0, 0x35A60, 0x35A60
};

/* BrittleIntelligenceUp -172 vtable slot RVAs */
const UINT_PTR g_brittleIntelligenceUpVtableRVAs[172] = {
    0x561CA0, 0x561C90, 0x561C10, 0x561C00, 0x50AF0, 0x71DBD0, 0x35A60, 0x75C5F0,
    0x35A60, 0x35A60, 0x35A60, 0x35A60, 0x35A60, 0x35A60, 0x35A60, 0x35A60,
    0x35A60, 0x35A60, 0x35A60, 0x35A60, 0x35A60, 0x35A60, 0x35A60, 0x35A60,
    0x35A60, 0x75C5C0, 0x35A60, 0x35A60, 0x804220, 0x26BD0, 0x803960, 0x803860,
    0x803740, 0x35A60, 0x35A60, 0x35A60, 0x2B5500, 0x2B5500, 0x35A60, 0x35A60,
    0x35A60, 0x2B5500, 0x35A60, 0x35A60, 0x35A60, 0x35A60, 0x35A60, 0x35A60,
    0x35A60, 0x35A60, 0x35A60, 0x35A60, 0x35A60, 0x35A60, 0x35A60, 0x35A60,
    0x35A60, 0x35A60, 0x35A60, 0x35A60, 0x35A60, 0x35A60, 0x35A60, 0x35A60,
    0x35A60, 0x35A60, 0x35A60, 0x89CD10, 0x35A60, 0x35A60, 0x35A60, 0x35A60,
    0x35A60, 0x35A60, 0x35A60, 0x35A60, 0x35A60, 0x35A60, 0x35A60, 0x35A60,
    0x35A60, 0x75CC60, 0x89C960, 0x35A60, 0x35A60, 0x35A60, 0x35A60, 0x35A60,
    0x35A60, 0x35A60, 0x35A60, 0x35A60, 0x50AF0, 0x50AF0, 0x35A60, 0x35A60,
    0x35A60, 0x35A60, 0x35A60, 0x35A60, 0x35A60, 0x35A60, 0x35A60, 0x35A60,
    0x35A60, 0x35A60, 0x35A60, 0x35A60, 0x803F40, 0x35A60, 0x75CBE0, 0x75CBF0,
    0x75CC10, 0x75CC40, 0x35A60, 0x35A60, 0x35A60, 0x35A60, 0x35A60, 0x35A60,
    0x35A60, 0x35A60, 0x35A60, 0x35A60, 0x35A60, 0x35A60, 0x35A60, 0x35A60,
    0x35A60, 0x35A60, 0x35A60, 0x35A60, 0x35A60, 0x75F0F0, 0x35A60, 0x35A60,
    0x35A60, 0x35A60, 0x35A60, 0x35A60, 0x35A60, 0x35A60, 0x75CC70, 0x35A60,
    0x35A60, 0x35A60, 0x35A60, 0x35A60, 0x2B5500, 0x2B5500, 0x35A60, 0x35A60,
    0x35A60, 0x35A60, 0x35A60, 0x35A60, 0x35A60, 0x35A60, 0x35A60, 0x35A60,
    0x35A60, 0x35A60, 0x35A60, 0x75CC10, 0x35A60, 0x35A60, 0x35A60, 0x50AF0,
    0x14C4E0, 0x803FA0, 0x35A60, 0x35A60
};

/* BrittleLuckUp -172 vtable slot RVAs */
const UINT_PTR g_brittleLuckUpVtableRVAs[172] = {
    0x5619C0, 0x5619B0, 0x561930, 0x561920, 0x50AF0, 0x71DC50, 0x35A60, 0x75C5F0,
    0x35A60, 0x35A60, 0x35A60, 0x35A60, 0x35A60, 0x35A60, 0x35A60, 0x35A60,
    0x35A60, 0x35A60, 0x35A60, 0x35A60, 0x35A60, 0x35A60, 0x35A60, 0x35A60,
    0x35A60, 0x75C5C0, 0x35A60, 0x35A60, 0x804220, 0x26BD0, 0x803960, 0x803860,
    0x803740, 0x35A60, 0x35A60, 0x35A60, 0x2B5500, 0x2B5500, 0x35A60, 0x35A60,
    0x35A60, 0x2B5500, 0x35A60, 0x35A60, 0x35A60, 0x35A60, 0x35A60, 0x35A60,
    0x35A60, 0x35A60, 0x35A60, 0x35A60, 0x35A60, 0x35A60, 0x35A60, 0x35A60,
    0x35A60, 0x35A60, 0x35A60, 0x35A60, 0x35A60, 0x35A60, 0x35A60, 0x35A60,
    0x35A60, 0x35A60, 0x35A60, 0x89CD10, 0x35A60, 0x35A60, 0x35A60, 0x35A60,
    0x35A60, 0x35A60, 0x35A60, 0x35A60, 0x35A60, 0x35A60, 0x35A60, 0x35A60,
    0x35A60, 0x75CC60, 0x89CA50, 0x35A60, 0x35A60, 0x35A60, 0x35A60, 0x35A60,
    0x35A60, 0x35A60, 0x35A60, 0x35A60, 0x50AF0, 0x50AF0, 0x35A60, 0x35A60,
    0x35A60, 0x35A60, 0x35A60, 0x35A60, 0x35A60, 0x35A60, 0x35A60, 0x35A60,
    0x35A60, 0x35A60, 0x35A60, 0x35A60, 0x803F40, 0x35A60, 0x75CBE0, 0x75CBF0,
    0x75CC10, 0x75CC40, 0x35A60, 0x35A60, 0x35A60, 0x35A60, 0x35A60, 0x35A60,
    0x35A60, 0x35A60, 0x35A60, 0x35A60, 0x35A60, 0x35A60, 0x35A60, 0x35A60,
    0x35A60, 0x35A60, 0x35A60, 0x35A60, 0x35A60, 0x75F0F0, 0x35A60, 0x35A60,
    0x35A60, 0x35A60, 0x35A60, 0x35A60, 0x35A60, 0x35A60, 0x75CC70, 0x35A60,
    0x35A60, 0x35A60, 0x35A60, 0x35A60, 0x2B5500, 0x2B5500, 0x35A60, 0x35A60,
    0x35A60, 0x35A60, 0x35A60, 0x35A60, 0x35A60, 0x35A60, 0x35A60, 0x35A60,
    0x35A60, 0x35A60, 0x35A60, 0x75CC10, 0x35A60, 0x35A60, 0x35A60, 0x50AF0,
    0x14C4E0, 0x803FA0, 0x35A60, 0x35A60
};

/* BrittleSpeedUp -172 vtable slot RVAs */
const UINT_PTR g_brittleSpeedUpVtableRVAs[172] = {
    0x561BB0, 0x561BA0, 0x561B20, 0x561B10, 0x50AF0, 0x71DCD0, 0x35A60, 0x75C5F0,
    0x35A60, 0x35A60, 0x35A60, 0x35A60, 0x35A60, 0x35A60, 0x35A60, 0x35A60,
    0x35A60, 0x35A60, 0x35A60, 0x35A60, 0x35A60, 0x35A60, 0x35A60, 0x35A60,
    0x35A60, 0x75C5C0, 0x35A60, 0x35A60, 0x804220, 0x26BD0, 0x803960, 0x803860,
    0x803740, 0x35A60, 0x35A60, 0x35A60, 0x2B5500, 0x2B5500, 0x35A60, 0x35A60,
    0x35A60, 0x2B5500, 0x35A60, 0x35A60, 0x35A60, 0x35A60, 0x35A60, 0x35A60,
    0x35A60, 0x35A60, 0x35A60, 0x35A60, 0x35A60, 0x35A60, 0x35A60, 0x35A60,
    0x35A60, 0x35A60, 0x35A60, 0x35A60, 0x35A60, 0x35A60, 0x35A60, 0x35A60,
    0x35A60, 0x35A60, 0x35A60, 0x89CD10, 0x35A60, 0x35A60, 0x35A60, 0x35A60,
    0x35A60, 0x35A60, 0x35A60, 0x35A60, 0x35A60, 0x35A60, 0x35A60, 0x35A60,
    0x35A60, 0x75CC60, 0x89C980, 0x35A60, 0x35A60, 0x35A60, 0x35A60, 0x35A60,
    0x35A60, 0x35A60, 0x35A60, 0x35A60, 0x50AF0, 0x50AF0, 0x35A60, 0x35A60,
    0x35A60, 0x35A60, 0x35A60, 0x35A60, 0x35A60, 0x35A60, 0x35A60, 0x35A60,
    0x35A60, 0x35A60, 0x35A60, 0x35A60, 0x803F40, 0x35A60, 0x75CBE0, 0x75CBF0,
    0x75CC10, 0x75CC40, 0x35A60, 0x35A60, 0x35A60, 0x35A60, 0x35A60, 0x35A60,
    0x35A60, 0x35A60, 0x35A60, 0x35A60, 0x35A60, 0x35A60, 0x35A60, 0x35A60,
    0x35A60, 0x35A60, 0x35A60, 0x35A60, 0x35A60, 0x75F0F0, 0x35A60, 0x35A60,
    0x35A60, 0x35A60, 0x35A60, 0x35A60, 0x35A60, 0x35A60, 0x75CC70, 0x35A60,
    0x35A60, 0x35A60, 0x35A60, 0x35A60, 0x2B5500, 0x2B5500, 0x35A60, 0x35A60,
    0x35A60, 0x35A60, 0x35A60, 0x35A60, 0x35A60, 0x35A60, 0x35A60, 0x35A60,
    0x35A60, 0x35A60, 0x35A60, 0x75CC10, 0x35A60, 0x35A60, 0x35A60, 0x50AF0,
    0x14C4E0, 0x803FA0, 0x35A60, 0x35A60
};

/* BrittleStatusBase -172 vtable slot RVAs */
const UINT_PTR g_brittleStatusBaseVtableRVAs[172] = {
    0x5620F0, 0x5620E0, 0x562010, 0x562000, 0x50AF0, 0x71D9D0, 0x35A60, 0x75C5F0,
    0x35A60, 0x35A60, 0x35A60, 0x35A60, 0x35A60, 0x35A60, 0x35A60, 0x35A60,
    0x35A60, 0x35A60, 0x35A60, 0x35A60, 0x35A60, 0x35A60, 0x35A60, 0x35A60,
    0x35A60, 0x75C5C0, 0x35A60, 0x35A60, 0x804220, 0x26BD0, 0x803960, 0x803860,
    0x803740, 0x35A60, 0x35A60, 0x35A60, 0x2B5500, 0x2B5500, 0x35A60, 0x35A60,
    0x35A60, 0x2B5500, 0x35A60, 0x35A60, 0x35A60, 0x35A60, 0x35A60, 0x35A60,
    0x35A60, 0x35A60, 0x35A60, 0x35A60, 0x35A60, 0x35A60, 0x35A60, 0x35A60,
    0x35A60, 0x35A60, 0x35A60, 0x35A60, 0x35A60, 0x35A60, 0x35A60, 0x35A60,
    0x35A60, 0x35A60, 0x35A60, 0x89CD10, 0x35A60, 0x35A60, 0x35A60, 0x35A60,
    0x35A60, 0x35A60, 0x35A60, 0x35A60, 0x35A60, 0x35A60, 0x35A60, 0x35A60,
    0x35A60, 0x75CC60, 0x35A60, 0x35A60, 0x35A60, 0x35A60, 0x35A60, 0x35A60,
    0x35A60, 0x35A60, 0x35A60, 0x35A60, 0x50AF0, 0x50AF0, 0x35A60, 0x35A60,
    0x35A60, 0x35A60, 0x35A60, 0x35A60, 0x35A60, 0x35A60, 0x35A60, 0x35A60,
    0x35A60, 0x35A60, 0x35A60, 0x35A60, 0x803F40, 0x35A60, 0x75CBE0, 0x75CBF0,
    0x75CC10, 0x75CC40, 0x35A60, 0x35A60, 0x35A60, 0x35A60, 0x35A60, 0x35A60,
    0x35A60, 0x35A60, 0x35A60, 0x35A60, 0x35A60, 0x35A60, 0x35A60, 0x35A60,
    0x35A60, 0x35A60, 0x35A60, 0x35A60, 0x35A60, 0x75F0F0, 0x35A60, 0x35A60,
    0x35A60, 0x35A60, 0x35A60, 0x35A60, 0x35A60, 0x35A60, 0x75CC70, 0x35A60,
    0x35A60, 0x35A60, 0x35A60, 0x35A60, 0x2B5500, 0x2B5500, 0x35A60, 0x35A60,
    0x35A60, 0x35A60, 0x35A60, 0x35A60, 0x35A60, 0x35A60, 0x35A60, 0x35A60,
    0x35A60, 0x35A60, 0x35A60, 0x75CC10, 0x35A60, 0x35A60, 0x35A60, 0x50AF0,
    0x14C4E0, 0x803FA0, 0x35A60, 0x35A60
};

/* BrittleStrengthUp -172 vtable slot RVAs */
const UINT_PTR g_brittleStrengthUpVtableRVAs[172] = {
    0x561FA0, 0x561F90, 0x561F10, 0x561F00, 0x50AF0, 0x71DD50, 0x35A60, 0x75C5F0,
    0x35A60, 0x35A60, 0x35A60, 0x35A60, 0x35A60, 0x35A60, 0x35A60, 0x35A60,
    0x35A60, 0x35A60, 0x35A60, 0x35A60, 0x35A60, 0x35A60, 0x35A60, 0x35A60,
    0x35A60, 0x75C5C0, 0x35A60, 0x35A60, 0x804220, 0x26BD0, 0x803960, 0x803860,
    0x803740, 0x35A60, 0x35A60, 0x35A60, 0x2B5500, 0x2B5500, 0x35A60, 0x35A60,
    0x35A60, 0x2B5500, 0x35A60, 0x35A60, 0x35A60, 0x35A60, 0x35A60, 0x35A60,
    0x35A60, 0x35A60, 0x35A60, 0x35A60, 0x35A60, 0x35A60, 0x35A60, 0x35A60,
    0x35A60, 0x35A60, 0x35A60, 0x35A60, 0x35A60, 0x35A60, 0x35A60, 0x35A60,
    0x35A60, 0x35A60, 0x35A60, 0x89CD10, 0x35A60, 0x35A60, 0x35A60, 0x35A60,
    0x35A60, 0x35A60, 0x35A60, 0x35A60, 0x35A60, 0x35A60, 0x35A60, 0x35A60,
    0x35A60, 0x75CC60, 0x89C8D0, 0x35A60, 0x35A60, 0x35A60, 0x35A60, 0x35A60,
    0x35A60, 0x35A60, 0x35A60, 0x35A60, 0x50AF0, 0x50AF0, 0x35A60, 0x35A60,
    0x35A60, 0x35A60, 0x35A60, 0x35A60, 0x35A60, 0x35A60, 0x35A60, 0x35A60,
    0x35A60, 0x35A60, 0x35A60, 0x35A60, 0x803F40, 0x35A60, 0x75CBE0, 0x75CBF0,
    0x75CC10, 0x75CC40, 0x35A60, 0x35A60, 0x35A60, 0x35A60, 0x35A60, 0x35A60,
    0x35A60, 0x35A60, 0x35A60, 0x35A60, 0x35A60, 0x35A60, 0x35A60, 0x35A60,
    0x35A60, 0x35A60, 0x35A60, 0x35A60, 0x35A60, 0x75F0F0, 0x35A60, 0x35A60,
    0x35A60, 0x35A60, 0x35A60, 0x35A60, 0x35A60, 0x35A60, 0x75CC70, 0x35A60,
    0x35A60, 0x35A60, 0x35A60, 0x35A60, 0x2B5500, 0x2B5500, 0x35A60, 0x35A60,
    0x35A60, 0x35A60, 0x35A60, 0x35A60, 0x35A60, 0x35A60, 0x35A60, 0x35A60,
    0x35A60, 0x35A60, 0x35A60, 0x75CC10, 0x35A60, 0x35A60, 0x35A60, 0x50AF0,
    0x14C4E0, 0x803FA0, 0x35A60, 0x35A60
};

/* Bruise -172 vtable slot RVAs */
const UINT_PTR g_bruiseVtableRVAs[172] = {
    0x5A07B0, 0x5A07A0, 0x5A06D0, 0x5A06C0, 0x50AF0, 0x71DDD0, 0x35A60, 0x75C5F0,
    0x35A60, 0x35A60, 0x35A60, 0x35A60, 0x35A60, 0x35A60, 0x35A60, 0x35A60,
    0x35A60, 0x35A60, 0x35A60, 0x35A60, 0x35A60, 0x35A60, 0x35A60, 0x35A60,
    0x35A60, 0x75C5C0, 0x35A60, 0x35A60, 0x804220, 0x26BD0, 0x803960, 0x803860,
    0x803740, 0x35A60, 0x35A60, 0x35A60, 0x2B5500, 0x2B5500, 0x35A60, 0x35A60,
    0x35A60, 0x2B5500, 0x35A60, 0x35A60, 0x35A60, 0x35A60, 0x35A60, 0x35A60,
    0x35A60, 0x35A60, 0x35A60, 0x35A60, 0x35A60, 0x35A60, 0x35A60, 0x35A60,
    0x35A60, 0x35A60, 0x35A60, 0x35A60, 0x35A60, 0x9A450, 0x35A60, 0x35A60,
    0x35A60, 0x35A60, 0x35A60, 0x35A60, 0x35A60, 0x35A60, 0x35A60, 0x35A60,
    0x35A60, 0x35A60, 0x35A60, 0x35A60, 0x35A60, 0x35A60, 0x35A60, 0x35A60,
    0x35A60, 0x75CC60, 0x35A60, 0x35A60, 0x35A60, 0x35A60, 0x35A60, 0x35A60,
    0x35A60, 0x35A60, 0x35A60, 0x35A60, 0x50AF0, 0x50AF0, 0x35A60, 0x35A60,
    0x35A60, 0x35A60, 0x35A60, 0x35A60, 0x35A60, 0x35A60, 0x35A60, 0x35A60,
    0x35A60, 0x35A60, 0x35A60, 0x35A60, 0x803F40, 0x35A60, 0x75CBE0, 0x75CBF0,
    0x75CC10, 0x75CC40, 0x35A60, 0x35A60, 0x35A60, 0x35A60, 0x35A60, 0x35A60,
    0x35A60, 0x35A60, 0x35A60, 0x35A60, 0x35A60, 0x35A60, 0x35A60, 0x35A60,
    0x35A60, 0x35A60, 0x35A60, 0x35A60, 0x35A60, 0x75F0F0, 0x35A60, 0x35A60,
    0x35A60, 0x35A60, 0x35A60, 0x35A60, 0x35A60, 0x35A60, 0x75CC70, 0x35A60,
    0x35A60, 0x35A60, 0x35A60, 0x35A60, 0x2B5500, 0x2B5500, 0x35A60, 0x35A60,
    0x35A60, 0x35A60, 0x35A60, 0x35A60, 0x35A60, 0x35A60, 0x35A60, 0x35A60,
    0x35A60, 0x35A60, 0x35A60, 0x75CC10, 0x35A60, 0x35A60, 0x35A60, 0x50AF0,
    0x14C4E0, 0x803FA0, 0x35A60, 0x35A60
};

/* Burn -172 vtable slot RVAs */
const UINT_PTR g_burnVtableRVAs[172] = {
    0x5A1690, 0x5A1680, 0x5A15B0, 0x5A15A0, 0x50AF0, 0x71DE50, 0x35A60, 0x75C5F0,
    0x35A60, 0x35A60, 0x35A60, 0x35A60, 0x35A60, 0x35A60, 0x35A60, 0x35A60,
    0x35A60, 0x35A60, 0x35A60, 0x35A60, 0x35A60, 0x35A60, 0x35A60, 0x35A60,
    0x35A60, 0x75C5C0, 0x35A60, 0x35A60, 0x804220, 0x26BD0, 0x803960, 0x803860,
    0x803740, 0x97A80, 0x35A60, 0x35A60, 0x97AB0, 0x2B5500, 0x35A60, 0x35A60,
    0x35A60, 0x2B5500, 0x35A60, 0x35A60, 0x35A60, 0x35A60, 0x35A60, 0x35A60,
    0x35A60, 0x35A60, 0x35A60, 0x35A60, 0x35A60, 0x35A60, 0x35A60, 0x35A60,
    0x35A60, 0x35A60, 0x35A60, 0x35A60, 0x35A60, 0x35A60, 0x35A60, 0x97E80,
    0x35A60, 0x35A60, 0x35A60, 0x35A60, 0x35A60, 0x35A60, 0x35A60, 0x35A60,
    0x35A60, 0x35A60, 0x35A60, 0x35A60, 0x35A60, 0x35A60, 0x35A60, 0x35A60,
    0x97BE0, 0x98010, 0x35A60, 0x35A60, 0x35A60, 0x35A60, 0x35A60, 0x35A60,
    0x35A60, 0x35A60, 0x35A60, 0x35A60, 0x50AF0, 0x50AF0, 0x35A60, 0x35A60,
    0x35A60, 0x35A60, 0x35A60, 0x35A60, 0x35A60, 0x35A60, 0x35A60, 0x35A60,
    0x35A60, 0x35A60, 0x35A60, 0x35A60, 0x803F40, 0x35A60, 0x75CBE0, 0x75CBF0,
    0x75CC10, 0x75CC40, 0x35A60, 0x35A60, 0x35A60, 0x35A60, 0x35A60, 0x35A60,
    0x35A60, 0x35A60, 0x35A60, 0x35A60, 0x35A60, 0x35A60, 0x35A60, 0x35A60,
    0x35A60, 0x35A60, 0x35A60, 0x35A60, 0x35A60, 0x75F0F0, 0x35A60, 0x35A60,
    0x35A60, 0x35A60, 0x35A60, 0x35A60, 0x35A60, 0x35A60, 0x75CC70, 0x35A60,
    0x35A60, 0x35A60, 0x35A60, 0x35A60, 0x2B5500, 0x2B5500, 0x35A60, 0x35A60,
    0x35A60, 0x35A60, 0x35A60, 0x35A60, 0x35A60, 0x35A60, 0x35A60, 0x35A60,
    0x35A60, 0x35A60, 0x35A60, 0x75CC10, 0x35A60, 0x35A60, 0x35A60, 0x50AF0,
    0x14C4E0, 0x803FA0, 0x35A60, 0x35A60
};

/* CapturedFamiliarIcon -172 vtable slot RVAs */
const UINT_PTR g_capturedFamiliarIconVtableRVAs[172] = {
    0x59F210, 0x59F200, 0x59F130, 0x59F120, 0x50AF0, 0x71DED0, 0x35A60, 0x75C5F0,
    0x35A60, 0x35A60, 0x35A60, 0x35A60, 0x35A60, 0x35A60, 0x35A60, 0x35A60,
    0x35A60, 0x35A60, 0x35A60, 0x35A60, 0x35A60, 0x35A60, 0x35A60, 0x35A60,
    0x35A60, 0x75C5C0, 0x35A60, 0x35A60, 0x9BCF0, 0x26BD0, 0x803960, 0x803860,
    0x803740, 0x9BCE0, 0x35A60, 0x35A60, 0x2B5500, 0x2B5500, 0x35A60, 0x35A60,
    0x35A60, 0x2B5500, 0x35A60, 0x35A60, 0x35A60, 0x35A60, 0x35A60, 0x35A60,
    0x35A60, 0x35A60, 0x35A60, 0x35A60, 0x35A60, 0x35A60, 0x35A60, 0x35A60,
    0x35A60, 0x35A60, 0x35A60, 0x35A60, 0x35A60, 0x35A60, 0x35A60, 0x35A60,
    0x35A60, 0x35A60, 0x35A60, 0x35A60, 0x35A60, 0x35A60, 0x35A60, 0x35A60,
    0x35A60, 0x35A60, 0x35A60, 0x35A60, 0x35A60, 0x35A60, 0x35A60, 0x35A60,
    0x35A60, 0x75CC60, 0x35A60, 0x35A60, 0x35A60, 0x35A60, 0x35A60, 0x35A60,
    0x35A60, 0x35A60, 0x35A60, 0x35A60, 0x50AF0, 0x50AF0, 0x35A60, 0x35A60,
    0x35A60, 0x35A60, 0x35A60, 0x35A60, 0x35A60, 0x35A60, 0x35A60, 0x35A60,
    0x35A60, 0x35A60, 0x35A60, 0x35A60, 0x803F40, 0x35A60, 0x75CBE0, 0x75CBF0,
    0x75CC10, 0x75CC40, 0x35A60, 0x35A60, 0x35A60, 0x35A60, 0x35A60, 0x35A60,
    0x35A60, 0x35A60, 0x35A60, 0x35A60, 0x35A60, 0x35A60, 0x35A60, 0x35A60,
    0x35A60, 0x35A60, 0x35A60, 0x35A60, 0x35A60, 0x75F0F0, 0x35A60, 0x35A60,
    0x35A60, 0x35A60, 0x35A60, 0x35A60, 0x35A60, 0x35A60, 0x75CC70, 0x35A60,
    0x35A60, 0x35A60, 0x35A60, 0x35A60, 0x2B5500, 0x2B5500, 0x35A60, 0x35A60,
    0x35A60, 0x35A60, 0x35A60, 0x35A60, 0x35A60, 0x35A60, 0x35A60, 0x35A60,
    0x35A60, 0x35A60, 0x35A60, 0x75CC10, 0x35A60, 0x35A60, 0x35A60, 0x50AF0,
    0x14C4E0, 0x803FA0, 0x35A60, 0x35A60
};

/* CastAgain -172 vtable slot RVAs */
const UINT_PTR g_castAgainVtableRVAs[172] = {
    0x5616C0, 0x5616B0, 0x5615E0, 0x5615D0, 0x50AF0, 0x71DF50, 0x35A60, 0x75C5F0,
    0x35A60, 0x35A60, 0x35A60, 0x35A60, 0x35A60, 0x35A60, 0x35A60, 0x35A60,
    0x35A60, 0x35A60, 0x35A60, 0x35A60, 0x35A60, 0x35A60, 0x35A60, 0x35A60,
    0x35A60, 0x75C5C0, 0x35A60, 0x35A60, 0x804220, 0x26BD0, 0x803960, 0x803860,
    0x803740, 0x7E220, 0x35A60, 0x35A60, 0x2B5500, 0x2B5500, 0x35A60, 0x35A60,
    0x35A60, 0x2B5500, 0x35A60, 0x35A60, 0x35A60, 0x35A60, 0x35A60, 0x35A60,
    0x35A60, 0x35A60, 0x35A60, 0x35A60, 0x35A60, 0x35A60, 0x35A60, 0x35A60,
    0x89B620, 0x89B8A0, 0x35A60, 0x35A60, 0x35A60, 0x35A60, 0x35A60, 0x35A60,
    0x35A60, 0x35A60, 0x35A60, 0x35A60, 0x35A60, 0x35A60, 0x35A60, 0x35A60,
    0x35A60, 0x35A60, 0x35A60, 0x35A60, 0x35A60, 0x35A60, 0x35A60, 0x35A60,
    0x35A60, 0x75CC60, 0x35A60, 0x35A60, 0x35A60, 0x35A60, 0x35A60, 0x35A60,
    0x35A60, 0x35A60, 0x35A60, 0x35A60, 0x50AF0, 0x50AF0, 0x35A60, 0x35A60,
    0x35A60, 0x35A60, 0x35A60, 0x35A60, 0x35A60, 0x35A60, 0x35A60, 0x35A60,
    0x35A60, 0x35A60, 0x35A60, 0x35A60, 0x803F40, 0x35A60, 0x75CBE0, 0x75CBF0,
    0x75CC10, 0x75CC40, 0x35A60, 0x35A60, 0x35A60, 0x35A60, 0x35A60, 0x35A60,
    0x35A60, 0x35A60, 0x35A60, 0x35A60, 0x35A60, 0x35A60, 0x35A60, 0x35A60,
    0x35A60, 0x35A60, 0x35A60, 0x35A60, 0x35A60, 0x75F0F0, 0x35A60, 0x35A60,
    0x35A60, 0x35A60, 0x35A60, 0x35A60, 0x35A60, 0x35A60, 0x75CC70, 0x35A60,
    0x35A60, 0x35A60, 0x35A60, 0x35A60, 0x2B5500, 0x2B5500, 0x35A60, 0x35A60,
    0x35A60, 0x35A60, 0x35A60, 0x35A60, 0x35A60, 0x35A60, 0x35A60, 0x35A60,
    0x35A60, 0x35A60, 0x35A60, 0x75CC10, 0x35A60, 0x35A60, 0x35A60, 0x50AF0,
    0x14C4E0, 0x803FA0, 0x35A60, 0x35A60
};

/* CastAgainWithStatus -172 vtable slot RVAs */
const UINT_PTR g_castAgainWithStatusVtableRVAs[172] = {
    0x561560, 0x561550, 0x561420, 0x561410, 0x50AF0, 0x71DFD0, 0x35A60, 0x75C5F0,
    0x35A60, 0x35A60, 0x35A60, 0x35A60, 0x35A60, 0x35A60, 0x35A60, 0x35A60,
    0x35A60, 0x35A60, 0x35A60, 0x35A60, 0x35A60, 0x35A60, 0x35A60, 0x35A60,
    0x35A60, 0x75C5C0, 0x35A60, 0x35A60, 0x804220, 0x26BD0, 0x803960, 0x803860,
    0x803740, 0x7E220, 0x35A60, 0x35A60, 0x2B5500, 0x2B5500, 0x35A60, 0x35A60,
    0x35A60, 0x2B5500, 0x35A60, 0x35A60, 0x35A60, 0x35A60, 0x35A60, 0x35A60,
    0x35A60, 0x35A60, 0x35A60, 0x35A60, 0x35A60, 0x35A60, 0x35A60, 0x35A60,
    0x89BC60, 0x89BC90, 0x35A60, 0x35A60, 0x35A60, 0x35A60, 0x35A60, 0x35A60,
    0x35A60, 0x35A60, 0x35A60, 0x35A60, 0x35A60, 0x35A60, 0x35A60, 0x35A60,
    0x35A60, 0x35A60, 0x35A60, 0x35A60, 0x35A60, 0x35A60, 0x35A60, 0x35A60,
    0x35A60, 0x75CC60, 0x35A60, 0x35A60, 0x35A60, 0x35A60, 0x35A60, 0x35A60,
    0x35A60, 0x89BDA0, 0x35A60, 0x35A60, 0x50AF0, 0x50AF0, 0x35A60, 0x35A60,
    0x35A60, 0x35A60, 0x35A60, 0x35A60, 0x35A60, 0x35A60, 0x35A60, 0x35A60,
    0x35A60, 0x35A60, 0x35A60, 0x35A60, 0x803F40, 0x35A60, 0x75CBE0, 0x75CBF0,
    0x75CC10, 0x75CC40, 0x35A60, 0x35A60, 0x35A60, 0x35A60, 0x35A60, 0x35A60,
    0x35A60, 0x35A60, 0x35A60, 0x35A60, 0x35A60, 0x35A60, 0x35A60, 0x35A60,
    0x35A60, 0x35A60, 0x35A60, 0x35A60, 0x35A60, 0x75F0F0, 0x35A60, 0x35A60,
    0x35A60, 0x35A60, 0x35A60, 0x35A60, 0x35A60, 0x35A60, 0x75CC70, 0x35A60,
    0x35A60, 0x35A60, 0x35A60, 0x35A60, 0x2B5500, 0x2B5500, 0x35A60, 0x35A60,
    0x35A60, 0x35A60, 0x35A60, 0x35A60, 0x35A60, 0x35A60, 0x35A60, 0x35A60,
    0x35A60, 0x35A60, 0x35A60, 0x75CC10, 0x35A60, 0x35A60, 0x35A60, 0x50AF0,
    0x14C4E0, 0x803FA0, 0x35A60, 0x35A60
};

/* CatPartsSizeScaleStatus -172 vtable slot RVAs */
const UINT_PTR g_catPartsSizeScaleStatusVtableRVAs[172] = {
    0x558F50, 0x558F40, 0x558E70, 0x558E60, 0x50AF0, 0x71E050, 0x35A60, 0x75C5F0,
    0x35A60, 0x35A60, 0x35A60, 0x35A60, 0x35A60, 0x35A60, 0x35A60, 0x35A60,
    0x35A60, 0x35A60, 0x35A60, 0x35A60, 0x35A60, 0x35A60, 0x35A60, 0x35A60,
    0x35A60, 0x75C5C0, 0x35A60, 0x35A60, 0x804220, 0x26BD0, 0x803960, 0x803860,
    0x803740, 0x35A60, 0x35A60, 0x35A60, 0x2B5500, 0x2B5500, 0x35A60, 0x35A60,
    0x35A60, 0x2B5500, 0x35A60, 0x35A60, 0x8EF260, 0x8EF260, 0x35A60, 0x35A60,
    0x35A60, 0x35A60, 0x35A60, 0x35A60, 0x35A60, 0x35A60, 0x35A60, 0x35A60,
    0x35A60, 0x35A60, 0x35A60, 0x35A60, 0x35A60, 0x35A60, 0x35A60, 0x35A60,
    0x35A60, 0x35A60, 0x35A60, 0x35A60, 0x35A60, 0x35A60, 0x35A60, 0x35A60,
    0x35A60, 0x35A60, 0x35A60, 0x35A60, 0x35A60, 0x35A60, 0x35A60, 0x35A60,
    0x35A60, 0x75CC60, 0x35A60, 0x35A60, 0x35A60, 0x35A60, 0x35A60, 0x35A60,
    0x35A60, 0x35A60, 0x35A60, 0x35A60, 0x50AF0, 0x50AF0, 0x35A60, 0x35A60,
    0x35A60, 0x35A60, 0x35A60, 0x35A60, 0x35A60, 0x35A60, 0x35A60, 0x35A60,
    0x35A60, 0x35A60, 0x35A60, 0x35A60, 0x803F40, 0x35A60, 0x75CBE0, 0x75CBF0,
    0x75CC10, 0x75CC40, 0x35A60, 0x35A60, 0x35A60, 0x35A60, 0x35A60, 0x35A60,
    0x35A60, 0x35A60, 0x35A60, 0x35A60, 0x35A60, 0x35A60, 0x35A60, 0x35A60,
    0x35A60, 0x35A60, 0x35A60, 0x35A60, 0x35A60, 0x75F0F0, 0x35A60, 0x35A60,
    0x35A60, 0x35A60, 0x35A60, 0x8F65B0, 0x35A60, 0x35A60, 0x75CC70, 0x35A60,
    0x35A60, 0x35A60, 0x35A60, 0x35A60, 0x2B5500, 0x2B5500, 0x35A60, 0x35A60,
    0x35A60, 0x35A60, 0x35A60, 0x35A60, 0x35A60, 0x35A60, 0x35A60, 0x35A60,
    0x35A60, 0x35A60, 0x35A60, 0x75CC10, 0x35A60, 0x35A60, 0x35A60, 0x50AF0,
    0x14C4E0, 0x803FA0, 0x35A60, 0x35A60
};

/* ChampionUpgradeNextMinion -172 vtable slot RVAs */
const UINT_PTR g_championUpgradeNextMinionVtableRVAs[172] = {
    0x58BDE0, 0x58BDD0, 0x58BD00, 0x58BCF0, 0x50AF0, 0x71E0D0, 0x35A60, 0x75C5F0,
    0x35A60, 0x35A60, 0x35A60, 0x35A60, 0x35A60, 0x35A60, 0x35A60, 0x35A60,
    0x35A60, 0x35A60, 0x35A60, 0x35A60, 0x35A60, 0x35A60, 0x35A60, 0x35A60,
    0x35A60, 0x75C5C0, 0x35A60, 0x35A60, 0x804220, 0x26BD0, 0x803960, 0x803860,
    0x803740, 0x6FEB0, 0x35A60, 0x35A60, 0x2B5500, 0x2B5500, 0x35A60, 0x35A60,
    0x35A60, 0x2B5500, 0x35A60, 0x35A60, 0x35A60, 0x35A60, 0x35A60, 0x35A60,
    0x35A60, 0x35A60, 0x35A60, 0x35A60, 0x35A60, 0x35A60, 0x35A60, 0x35A60,
    0x35A60, 0x35A60, 0x35A60, 0x35A60, 0x35A60, 0x35A60, 0x35A60, 0x35A60,
    0x35A60, 0x35A60, 0x35A60, 0x35A60, 0x35A60, 0x35A60, 0x35A60, 0x35A60,
    0x35A60, 0x35A60, 0x35A60, 0x35A60, 0x35A60, 0x35A60, 0x35A60, 0x35A60,
    0x35A60, 0x75CC60, 0x35A60, 0x35A60, 0x35A60, 0x35A60, 0x35A60, 0x35A60,
    0x35A60, 0x35A60, 0x35A60, 0x35A60, 0x50AF0, 0x50AF0, 0x35A60, 0x35A60,
    0x35A60, 0x35A60, 0x35A60, 0x35A60, 0x35A60, 0x35A60, 0x35A60, 0x35A60,
    0x35A60, 0x35A60, 0x16E870, 0x35A60, 0x803F40, 0x35A60, 0x75CBE0, 0x75CBF0,
    0x75CC10, 0x75CC40, 0x35A60, 0x35A60, 0x35A60, 0x35A60, 0x35A60, 0x35A60,
    0x35A60, 0x35A60, 0x35A60, 0x35A60, 0x35A60, 0x35A60, 0x35A60, 0x35A60,
    0x35A60, 0x35A60, 0x35A60, 0x35A60, 0x35A60, 0x75F0F0, 0x35A60, 0x35A60,
    0x35A60, 0x35A60, 0x35A60, 0x35A60, 0x35A60, 0x35A60, 0x75CC70, 0x35A60,
    0x35A60, 0x35A60, 0x35A60, 0x35A60, 0x2B5500, 0x2B5500, 0x35A60, 0x35A60,
    0x35A60, 0x35A60, 0x35A60, 0x35A60, 0x35A60, 0x35A60, 0x35A60, 0x35A60,
    0x35A60, 0x35A60, 0x35A60, 0x75CC10, 0x35A60, 0x35A60, 0x35A60, 0x50AF0,
    0x14C4E0, 0x803FA0, 0x35A60, 0x35A60
};

/* Charge -172 vtable slot RVAs */
const UINT_PTR g_chargeVtableRVAs[172] = {
    0x59DBF0, 0x59DBE0, 0x59DB10, 0x59DB00, 0x50AF0, 0x71E150, 0x35A60, 0x75C5F0,
    0x35A60, 0x35A60, 0x35A60, 0x35A60, 0x35A60, 0x35A60, 0x35A60, 0x35A60,
    0x35A60, 0x35A60, 0x35A60, 0x35A60, 0x35A60, 0x35A60, 0x35A60, 0x35A60,
    0x35A60, 0x75C5C0, 0x35A60, 0x35A60, 0x804220, 0x26BD0, 0x803960, 0x803860,
    0x803740, 0x35A60, 0x35A60, 0x35A60, 0x9E980, 0x2B5500, 0x35A60, 0x35A60,
    0x35A60, 0x2B5500, 0x35A60, 0x35A60, 0x35A60, 0x35A60, 0x35A60, 0x35A60,
    0x35A60, 0x35A60, 0x35A60, 0x35A60, 0x35A60, 0x35A60, 0x35A60, 0x35A60,
    0x35A60, 0x35A60, 0x35A60, 0x35A60, 0x35A60, 0x35A60, 0x35A60, 0x35A60,
    0x35A60, 0x35A60, 0x35A60, 0x35A60, 0x35A60, 0x35A60, 0x35A60, 0x35A60,
    0x35A60, 0x35A60, 0x35A60, 0x35A60, 0x35A60, 0x35A60, 0x35A60, 0x35A60,
    0x35A60, 0x75CC60, 0x35A60, 0x35A60, 0x35A60, 0x35A60, 0x35A60, 0x35A60,
    0x35A60, 0x35A60, 0x35A60, 0x35A60, 0x50AF0, 0x50AF0, 0x35A60, 0x35A60,
    0x35A60, 0x35A60, 0x35A60, 0x35A60, 0x35A60, 0x35A60, 0x35A60, 0x35A60,
    0x35A60, 0x35A60, 0x35A60, 0x35A60, 0x803F40, 0x35A60, 0x75CBE0, 0x75CBF0,
    0x75CC10, 0x75CC40, 0x35A60, 0x35A60, 0x35A60, 0x35A60, 0x35A60, 0x35A60,
    0x35A60, 0x35A60, 0x35A60, 0x35A60, 0x35A60, 0x35A60, 0x35A60, 0x35A60,
    0x35A60, 0x35A60, 0x35A60, 0x35A60, 0x35A60, 0x75F0F0, 0x35A60, 0x35A60,
    0x35A60, 0x35A60, 0x35A60, 0x35A60, 0x35A60, 0x35A60, 0x75CC70, 0x35A60,
    0x35A60, 0x35A60, 0x35A60, 0x35A60, 0x2B5500, 0x2B5500, 0x35A60, 0x35A60,
    0x35A60, 0x35A60, 0x35A60, 0x35A60, 0x35A60, 0x35A60, 0x35A60, 0x35A60,
    0x35A60, 0x35A60, 0x35A60, 0x75CC10, 0x35A60, 0x35A60, 0x35A60, 0x50AF0,
    0x14C4E0, 0x803FA0, 0x35A60, 0x35A60
};

/* ChargeFists -172 vtable slot RVAs */
const UINT_PTR g_chargeFistsVtableRVAs[172] = {
    0x576FC0, 0x576FB0, 0x576EE0, 0x576ED0, 0x50AF0, 0x71E1D0, 0x35A60, 0x75C5F0,
    0x35A60, 0x35A60, 0x35A60, 0x35A60, 0x35A60, 0x35A60, 0x35A60, 0x35A60,
    0x35A60, 0x35A60, 0x35A60, 0x35A60, 0x35A60, 0x35A60, 0x35A60, 0x35A60,
    0x35A60, 0x75C5C0, 0x35A60, 0x35A60, 0x804220, 0x26BD0, 0x803960, 0x803860,
    0x803740, 0x35A60, 0x35A60, 0x977D0, 0x2B5500, 0x2B5500, 0x35A60, 0x35A60,
    0x35A60, 0x2B5500, 0x35A60, 0x35A60, 0x35A60, 0x35A60, 0x35A60, 0x35A60,
    0x35A60, 0x35A60, 0x35A60, 0x35A60, 0x35A60, 0x35A60, 0x35A60, 0x35A60,
    0x35A60, 0x35A60, 0x35A60, 0x35A60, 0x35A60, 0x35A60, 0x35A60, 0x35A60,
    0x35A60, 0x35A60, 0x35A60, 0x35A60, 0x35A60, 0x35A60, 0x35A60, 0x35A60,
    0x35A60, 0x35A60, 0x35A60, 0x35A60, 0x35A60, 0x35A60, 0x35A60, 0x35A60,
    0x35A60, 0x75CC60, 0x35A60, 0x35A60, 0x35A60, 0x35A60, 0x35A60, 0x35A60,
    0x35A60, 0x265810, 0x35A60, 0x35A60, 0x50AF0, 0x50AF0, 0x35A60, 0x35A60,
    0x35A60, 0x35A60, 0x35A60, 0x35A60, 0x35A60, 0x35A60, 0x35A60, 0x35A60,
    0x35A60, 0x35A60, 0x35A60, 0x35A60, 0x803F40, 0x35A60, 0x75CBE0, 0x75CBF0,
    0x75CC10, 0x75CC40, 0x35A60, 0x35A60, 0x35A60, 0x35A60, 0x35A60, 0x35A60,
    0x35A60, 0x35A60, 0x35A60, 0x35A60, 0x35A60, 0x35A60, 0x35A60, 0x35A60,
    0x35A60, 0x35A60, 0x35A60, 0x35A60, 0x35A60, 0x75F0F0, 0x35A60, 0x35A60,
    0x35A60, 0x35A60, 0x35A60, 0x35A60, 0x35A60, 0x35A60, 0x75CC70, 0x35A60,
    0x35A60, 0x35A60, 0x35A60, 0x35A60, 0x2B5500, 0x2B5500, 0x35A60, 0x35A60,
    0x35A60, 0x35A60, 0x35A60, 0x35A60, 0x35A60, 0x35A60, 0x35A60, 0x35A60,
    0x35A60, 0x35A60, 0x35A60, 0x75CC10, 0x35A60, 0x35A60, 0x35A60, 0x50AF0,
    0x14C4E0, 0x803FA0, 0x35A60, 0x35A60
};

/* CharismaUp -172 vtable slot RVAs */
const UINT_PTR g_charismaUpVtableRVAs[172] = {
    0x5640D0, 0x5640C0, 0x563FF0, 0x563FE0, 0x50AF0, 0x71E250, 0x35A60, 0x75C5F0,
    0x35A60, 0x35A60, 0x35A60, 0x35A60, 0x35A60, 0x35A60, 0x35A60, 0x35A60,
    0x35A60, 0x35A60, 0x35A60, 0x35A60, 0x35A60, 0x35A60, 0x35A60, 0x35A60,
    0x35A60, 0x75C5C0, 0x35A60, 0x35A60, 0x804220, 0x26BD0, 0x803960, 0x803860,
    0x803740, 0x35A60, 0x35A60, 0x35A60, 0x2B5500, 0x2B5500, 0x35A60, 0x35A60,
    0x35A60, 0x2B5500, 0x35A60, 0x35A60, 0x35A60, 0x35A60, 0x35A60, 0x35A60,
    0x35A60, 0x89CA10, 0x35A60, 0x35A60, 0x35A60, 0x35A60, 0x35A60, 0x35A60,
    0x35A60, 0x35A60, 0x35A60, 0x35A60, 0x35A60, 0x35A60, 0x35A60, 0x35A60,
    0x35A60, 0x35A60, 0x35A60, 0x35A60, 0x35A60, 0x35A60, 0x35A60, 0x35A60,
    0x35A60, 0x35A60, 0x35A60, 0x35A60, 0x35A60, 0x35A60, 0x35A60, 0x35A60,
    0x35A60, 0x75CC60, 0x89C9C0, 0x35A60, 0x35A60, 0x35A60, 0x35A60, 0x35A60,
    0x35A60, 0x35A60, 0x35A60, 0x35A60, 0x50AF0, 0x50AF0, 0x35A60, 0x35A60,
    0x35A60, 0x35A60, 0x35A60, 0x35A60, 0x35A60, 0x35A60, 0x35A60, 0x35A60,
    0x35A60, 0x35A60, 0x35A60, 0x35A60, 0x803F40, 0x35A60, 0x75CBE0, 0x75CBF0,
    0x75CC10, 0x75CC40, 0x35A60, 0x35A60, 0x35A60, 0x35A60, 0x35A60, 0x35A60,
    0x35A60, 0x35A60, 0x35A60, 0x35A60, 0x35A60, 0x35A60, 0x35A60, 0x35A60,
    0x35A60, 0x35A60, 0x35A60, 0x35A60, 0x35A60, 0x75F0F0, 0x35A60, 0x35A60,
    0x35A60, 0x35A60, 0x35A60, 0x35A60, 0x35A60, 0x35A60, 0x75CC70, 0x35A60,
    0x35A60, 0x35A60, 0x35A60, 0x35A60, 0x2B5500, 0x2B5500, 0x35A60, 0x35A60,
    0x35A60, 0x35A60, 0x35A60, 0x35A60, 0x35A60, 0x35A60, 0x35A60, 0x35A60,
    0x35A60, 0x35A60, 0x35A60, 0x75CC10, 0x35A60, 0x35A60, 0x35A60, 0x50AF0,
    0x14C4E0, 0x803FA0, 0x89C9E0, 0x35A60
};

/* Charmed -172 vtable slot RVAs */
const UINT_PTR g_charmedVtableRVAs[172] = {
    0x59F990, 0x59F980, 0x59F8B0, 0x59F8A0, 0x50AF0, 0x71E2D0, 0x35A60, 0x75C5F0,
    0x35A60, 0x35A60, 0x35A60, 0x35A60, 0x35A60, 0x35A60, 0x35A60, 0x35A60,
    0x35A60, 0x35A60, 0x35A60, 0x35A60, 0x35A60, 0x35A60, 0x35A60, 0x35A60,
    0x35A60, 0x75C5C0, 0x35A60, 0x35A60, 0x804220, 0x26BD0, 0x803960, 0x803860,
    0x803740, 0x35A60, 0x35A60, 0x35A60, 0x2B5500, 0x976E0, 0x35A60, 0x35A60,
    0x35A60, 0x2B5500, 0x35A60, 0x35A60, 0x35A60, 0x35A60, 0x35A60, 0x35A60,
    0x35A60, 0x35A60, 0x35A60, 0x35A60, 0x35A60, 0x35A60, 0x35A60, 0x35A60,
    0x35A60, 0x35A60, 0x35A60, 0x35A60, 0x35A60, 0x35A60, 0x35A60, 0x35A60,
    0x35A60, 0x35A60, 0x35A60, 0x35A60, 0x35A60, 0x35A60, 0x35A60, 0x35A60,
    0x35A60, 0x35A60, 0x35A60, 0x35A60, 0x35A60, 0x35A60, 0x35A60, 0x35A60,
    0x35A60, 0x75CC60, 0x35A60, 0x9B0F0, 0x35A60, 0x35A60, 0x35A60, 0x35A60,
    0x35A60, 0x35A60, 0x35A60, 0x35A60, 0x50AF0, 0x50AF0, 0x35A60, 0x35A60,
    0x35A60, 0x35A60, 0x35A60, 0x35A60, 0x35A60, 0x35A60, 0x35A60, 0x35A60,
    0x35A60, 0x35A60, 0x35A60, 0x35A60, 0x803F40, 0x35A60, 0x75CBE0, 0x75CBF0,
    0x80560, 0x75CC40, 0x35A60, 0x35A60, 0x35A60, 0x35A60, 0x35A60, 0x35A60,
    0x35A60, 0x35A60, 0x35A60, 0x35A60, 0x35A60, 0x35A60, 0x35A60, 0x35A60,
    0x35A60, 0x35A60, 0x35A60, 0x35A60, 0x35A60, 0x75F0F0, 0x35A60, 0x35A60,
    0x35A60, 0x35A60, 0x35A60, 0x35A60, 0x35A60, 0x35A60, 0x75CC70, 0x35A60,
    0x35A60, 0x35A60, 0x35A60, 0x35A60, 0x2B5500, 0x2B5500, 0x35A60, 0x35A60,
    0x35A60, 0x35A60, 0x35A60, 0x35A60, 0x35A60, 0x35A60, 0x35A60, 0x35A60,
    0x35A60, 0x35A60, 0x35A60, 0x75CC10, 0x35A60, 0x35A60, 0x35A60, 0x50AF0,
    0x14C4E0, 0x803FA0, 0x9B120, 0x35A60
};

/* Confusion -172 vtable slot RVAs */
const UINT_PTR g_confusionVtableRVAs[172] = {
    0x59E4E0, 0x59E4D0, 0x59E400, 0x59E3F0, 0x50AF0, 0x71E350, 0x35A60, 0x75C5F0,
    0x35A60, 0x35A60, 0x35A60, 0x35A60, 0x35A60, 0x35A60, 0x35A60, 0x35A60,
    0x35A60, 0x35A60, 0x35A60, 0x35A60, 0x35A60, 0x35A60, 0x35A60, 0x35A60,
    0x35A60, 0x75C5C0, 0x35A60, 0x35A60, 0x804220, 0x26BD0, 0x803960, 0x803860,
    0x803740, 0x35A60, 0x35A60, 0x35A60, 0x2B5500, 0x99A80, 0x35A60, 0x35A60,
    0x35A60, 0x2B5500, 0x35A60, 0x35A60, 0x35A60, 0x35A60, 0x35A60, 0x35A60,
    0x35A60, 0x35A60, 0x35A60, 0x35A60, 0x35A60, 0x35A60, 0x35A60, 0x35A60,
    0x9CD00, 0x35A60, 0x35A60, 0x35A60, 0x35A60, 0x35A60, 0x35A60, 0x35A60,
    0x35A60, 0x35A60, 0x35A60, 0x35A60, 0x35A60, 0x35A60, 0x35A60, 0x35A60,
    0x35A60, 0x35A60, 0x35A60, 0x35A60, 0x35A60, 0x35A60, 0x35A60, 0x35A60,
    0x35A60, 0x75CC60, 0x35A60, 0x35A60, 0x35A60, 0x35A60, 0x35A60, 0x35A60,
    0x35A60, 0x35A60, 0x35A60, 0x35A60, 0x50AF0, 0x50AF0, 0x35A60, 0x35A60,
    0x35A60, 0x35A60, 0x35A60, 0x35A60, 0x35A60, 0x35A60, 0x35A60, 0x35A60,
    0x35A60, 0x35A60, 0x35A60, 0x35A60, 0x803F40, 0x35A60, 0x75CBE0, 0x75CBF0,
    0x75CC10, 0x75CC40, 0x35A60, 0x35A60, 0x35A60, 0x35A60, 0x35A60, 0x35A60,
    0x35A60, 0x35A60, 0x35A60, 0x35A60, 0x35A60, 0x35A60, 0x35A60, 0x35A60,
    0x35A60, 0x35A60, 0x35A60, 0x35A60, 0x35A60, 0x75F0F0, 0x35A60, 0x35A60,
    0x35A60, 0x35A60, 0x35A60, 0x35A60, 0x35A60, 0x35A60, 0x75CC70, 0x35A60,
    0x35A60, 0x35A60, 0x35A60, 0x35A60, 0x2B5500, 0x2B5500, 0x35A60, 0x35A60,
    0x35A60, 0x35A60, 0x35A60, 0x35A60, 0x35A60, 0x35A60, 0x35A60, 0x35A60,
    0x35A60, 0x35A60, 0x35A60, 0x75CC10, 0x35A60, 0x35A60, 0x35A60, 0x50AF0,
    0x14C4E0, 0x803FA0, 0x35A60, 0x35A60
};

/* ConjureBonusAbility -172 vtable slot RVAs */
const UINT_PTR g_conjureBonusAbilityVtableRVAs[172] = {
    0x596840, 0x596830, 0x596760, 0x596750, 0x50AF0, 0x71E3D0, 0x35A60, 0x75C5F0,
    0x35A60, 0x35A60, 0x35A60, 0x35A60, 0x35A60, 0x35A60, 0x35A60, 0x35A60,
    0x35A60, 0x35A60, 0x35A60, 0x35A60, 0x35A60, 0x35A60, 0x35A60, 0x35A60,
    0x35A60, 0x75C5C0, 0x35A60, 0x35A60, 0x804220, 0x26BD0, 0x803960, 0x803860,
    0x803740, 0x145D80, 0x35A60, 0x35A60, 0x2B5500, 0x2B5500, 0x35A60, 0x35A60,
    0x35A60, 0x2B5500, 0x35A60, 0x35A60, 0x35A60, 0x35A60, 0x35A60, 0x35A60,
    0x35A60, 0x35A60, 0x35A60, 0x35A60, 0x35A60, 0x35A60, 0x35A60, 0x35A60,
    0x35A60, 0x35A60, 0x35A60, 0x35A60, 0x35A60, 0x35A60, 0x35A60, 0x35A60,
    0x35A60, 0x35A60, 0x35A60, 0x35A60, 0x35A60, 0x35A60, 0x35A60, 0x35A60,
    0x35A60, 0x35A60, 0x35A60, 0x35A60, 0x35A60, 0x35A60, 0x35A60, 0x35A60,
    0x35A60, 0x75CC60, 0x35A60, 0x35A60, 0x35A60, 0x146510, 0x35A60, 0x35A60,
    0x35A60, 0x35A60, 0x35A60, 0x35A60, 0x50AF0, 0x50AF0, 0x35A60, 0x35A60,
    0x35A60, 0x35A60, 0x35A60, 0x35A60, 0x35A60, 0x35A60, 0x35A60, 0x35A60,
    0x35A60, 0x35A60, 0x35A60, 0x35A60, 0x803F40, 0x35A60, 0x75CBE0, 0x75CBF0,
    0x75CC10, 0x75CC40, 0x35A60, 0x35A60, 0x35A60, 0x35A60, 0x35A60, 0x35A60,
    0x35A60, 0x35A60, 0x35A60, 0x35A60, 0x35A60, 0x35A60, 0x35A60, 0x35A60,
    0x35A60, 0x35A60, 0x35A60, 0x35A60, 0x35A60, 0x75F0F0, 0x35A60, 0x35A60,
    0x35A60, 0x35A60, 0x35A60, 0x35A60, 0x35A60, 0x35A60, 0x75CC70, 0x35A60,
    0x35A60, 0x35A60, 0x35A60, 0x35A60, 0x2B5500, 0x2B5500, 0x35A60, 0x35A60,
    0x35A60, 0x35A60, 0x35A60, 0x35A60, 0x35A60, 0x35A60, 0x35A60, 0x35A60,
    0x35A60, 0x35A60, 0x35A60, 0x75CC10, 0x35A60, 0x35A60, 0x35A60, 0x50AF0,
    0x14C4E0, 0x803FA0, 0x35A60, 0x35A60
};

/* ConjureSingleUseBonusAbility -172 vtable slot RVAs */
const UINT_PTR g_conjureSingleUseBonusAbilityVtableRVAs[172] = {
    0x5966E0, 0x5966D0, 0x5965A0, 0x596590, 0x50AF0, 0x71E460, 0x35A60, 0x75C5F0,
    0x35A60, 0x35A60, 0x35A60, 0x35A60, 0x35A60, 0x35A60, 0x35A60, 0x35A60,
    0x35A60, 0x35A60, 0x35A60, 0x35A60, 0x35A60, 0x35A60, 0x35A60, 0x35A60,
    0x35A60, 0x75C5C0, 0x35A60, 0x35A60, 0x804220, 0x26BD0, 0x803960, 0x803860,
    0x803740, 0x146540, 0x35A60, 0x35A60, 0x2B5500, 0x2B5500, 0x35A60, 0x35A60,
    0x35A60, 0x2B5500, 0x35A60, 0x35A60, 0x35A60, 0x35A60, 0x35A60, 0x35A60,
    0x35A60, 0x35A60, 0x35A60, 0x35A60, 0x35A60, 0x35A60, 0x35A60, 0x35A60,
    0x146560, 0x1465D0, 0x35A60, 0x35A60, 0x35A60, 0x35A60, 0x35A60, 0x35A60,
    0x35A60, 0x35A60, 0x35A60, 0x35A60, 0x35A60, 0x35A60, 0x35A60, 0x35A60,
    0x35A60, 0x35A60, 0x35A60, 0x35A60, 0x35A60, 0x35A60, 0x35A60, 0x35A60,
    0x35A60, 0x75CC60, 0x35A60, 0x35A60, 0x35A60, 0x146510, 0x35A60, 0x35A60,
    0x35A60, 0x35A60, 0x35A60, 0x35A60, 0x50AF0, 0x50AF0, 0x35A60, 0x35A60,
    0x35A60, 0x35A60, 0x35A60, 0x35A60, 0x35A60, 0x35A60, 0x35A60, 0x35A60,
    0x35A60, 0x35A60, 0x35A60, 0x35A60, 0x803F40, 0x35A60, 0x75CBE0, 0x75CBF0,
    0x75CC10, 0x75CC40, 0x35A60, 0x35A60, 0x35A60, 0x35A60, 0x35A60, 0x35A60,
    0x35A60, 0x35A60, 0x35A60, 0x35A60, 0x35A60, 0x35A60, 0x35A60, 0x35A60,
    0x35A60, 0x35A60, 0x35A60, 0x35A60, 0x35A60, 0x75F0F0, 0x35A60, 0x35A60,
    0x35A60, 0x35A60, 0x35A60, 0x35A60, 0x35A60, 0x35A60, 0x75CC70, 0x35A60,
    0x35A60, 0x35A60, 0x35A60, 0x35A60, 0x2B5500, 0x2B5500, 0x35A60, 0x35A60,
    0x35A60, 0x35A60, 0x35A60, 0x35A60, 0x35A60, 0x35A60, 0x35A60, 0x35A60,
    0x35A60, 0x35A60, 0x35A60, 0x75CC10, 0x35A60, 0x35A60, 0x35A60, 0x50AF0,
    0x14C4E0, 0x803FA0, 0x35A60, 0x35A60
};

/* ConstitutionUp -172 vtable slot RVAs */
const UINT_PTR g_constitutionUpVtableRVAs[172] = {
    0x5645E0, 0x5645D0, 0x564500, 0x5644F0, 0x50AF0, 0x71E4F0, 0x35A60, 0x75C5F0,
    0x35A60, 0x35A60, 0x35A60, 0x35A60, 0x35A60, 0x35A60, 0x35A60, 0x35A60,
    0x35A60, 0x35A60, 0x35A60, 0x35A60, 0x35A60, 0x35A60, 0x35A60, 0x35A60,
    0x35A60, 0x75C5C0, 0x35A60, 0x35A60, 0x804220, 0x26BD0, 0x803960, 0x803860,
    0x803740, 0x35A60, 0x35A60, 0x35A60, 0x2B5500, 0x2B5500, 0x35A60, 0x35A60,
    0x35A60, 0x2B5500, 0x35A60, 0x35A60, 0x35A60, 0x35A60, 0x35A60, 0x35A60,
    0x35A60, 0x35A60, 0x35A60, 0x35A60, 0x35A60, 0x35A60, 0x35A60, 0x35A60,
    0x35A60, 0x35A60, 0x35A60, 0x35A60, 0x35A60, 0x35A60, 0x35A60, 0x35A60,
    0x35A60, 0x35A60, 0x35A60, 0x35A60, 0x35A60, 0x35A60, 0x35A60, 0x35A60,
    0x35A60, 0x35A60, 0x35A60, 0x35A60, 0x35A60, 0x35A60, 0x35A60, 0x35A60,
    0x35A60, 0x75CC60, 0x89C910, 0x35A60, 0x35A60, 0x35A60, 0x35A60, 0x35A60,
    0x35A60, 0x35A60, 0x35A60, 0x35A60, 0x50AF0, 0x50AF0, 0x35A60, 0x35A60,
    0x35A60, 0x35A60, 0x35A60, 0x35A60, 0x35A60, 0x35A60, 0x35A60, 0x35A60,
    0x35A60, 0x35A60, 0x35A60, 0x35A60, 0x803F40, 0x35A60, 0x75CBE0, 0x75CBF0,
    0x75CC10, 0x75CC40, 0x35A60, 0x35A60, 0x35A60, 0x35A60, 0x35A60, 0x35A60,
    0x35A60, 0x35A60, 0x35A60, 0x35A60, 0x35A60, 0x35A60, 0x35A60, 0x35A60,
    0x35A60, 0x35A60, 0x35A60, 0x35A60, 0x35A60, 0x75F0F0, 0x35A60, 0x35A60,
    0x35A60, 0x35A60, 0x35A60, 0x35A60, 0x35A60, 0x35A60, 0x75CC70, 0x35A60,
    0x35A60, 0x35A60, 0x35A60, 0x35A60, 0x2B5500, 0x2B5500, 0x35A60, 0x35A60,
    0x35A60, 0x35A60, 0x35A60, 0x35A60, 0x35A60, 0x35A60, 0x35A60, 0x35A60,
    0x35A60, 0x35A60, 0x35A60, 0x75CC10, 0x35A60, 0x35A60, 0x35A60, 0x50AF0,
    0x14C4E0, 0x803FA0, 0x89C930, 0x35A60
};

/* Consumed -172 vtable slot RVAs */
const UINT_PTR g_consumedVtableRVAs[172] = {
    0x5690D0, 0x5690C0, 0x568FF0, 0x568FE0, 0x50AF0, 0x71E570, 0x35A60, 0x75C5F0,
    0x35A60, 0x35A60, 0x35A60, 0x7F5780, 0x35A60, 0x35A60, 0x35A60, 0x35A60,
    0x35A60, 0x35A60, 0x35A60, 0x35A60, 0x35A60, 0x35A60, 0x35A60, 0x35A60,
    0x35A60, 0x75C5C0, 0x35A60, 0x35A60, 0x804220, 0x26BD0, 0x803960, 0x803860,
    0x803740, 0x7F4570, 0x35A60, 0x35A60, 0x2B5500, 0x2B5500, 0x35A60, 0x35A60,
    0x35A60, 0x2B5500, 0x35A60, 0x35A60, 0x35A60, 0x7F52D0, 0x35A60, 0x35A60,
    0x35A60, 0x35A60, 0x35A60, 0x35A60, 0x35A60, 0x35A60, 0x35A60, 0x35A60,
    0x35A60, 0x35A60, 0x35A60, 0x35A60, 0x35A60, 0x35A60, 0x35A60, 0x35A60,
    0x35A60, 0x35A60, 0x35A60, 0x35A60, 0x35A60, 0x35A60, 0x35A60, 0x35A60,
    0x35A60, 0x35A60, 0x35A60, 0x35A60, 0x35A60, 0x35A60, 0x35A60, 0x35A60,
    0x35A60, 0x7F52B0, 0x35A60, 0x7F59A0, 0x7F5850, 0x35A60, 0x35A60, 0x35A60,
    0x35A60, 0x35A60, 0x35A60, 0x35A60, 0x50AF0, 0x50AF0, 0x35A60, 0x35A60,
    0x35A60, 0x35A60, 0x35A60, 0x35A60, 0x35A60, 0x35A60, 0x35A60, 0x35A60,
    0x35A60, 0x35A60, 0x35A60, 0x35A60, 0x803F40, 0x35A60, 0x75CBE0, 0x7F5260,
    0x75CC10, 0x75CC40, 0x35A60, 0x35A60, 0x35A60, 0x35A60, 0x35A60, 0x35A60,
    0x35A60, 0x35A60, 0x35A60, 0x35A60, 0x35A60, 0x35A60, 0x35A60, 0x35A60,
    0x35A60, 0x35A60, 0x35A60, 0x35A60, 0x35A60, 0x75F0F0, 0x35A60, 0x35A60,
    0x7F5880, 0x35A60, 0x35A60, 0x35A60, 0x35A60, 0x35A60, 0x75CC70, 0x35A60,
    0x35A60, 0x35A60, 0x35A60, 0x35A60, 0x2B5500, 0x2B5500, 0x35A60, 0x35A60,
    0x35A60, 0x35A60, 0x35A60, 0x35A60, 0x35A60, 0x35A60, 0x35A60, 0x35A60,
    0x35A60, 0x35A60, 0x35A60, 0x75CC10, 0x35A60, 0x35A60, 0x35A60, 0x50AF0,
    0x14C4E0, 0x803FA0, 0x35A60, 0x35A60
};

/* Consuming -172 vtable slot RVAs */
const UINT_PTR g_consumingVtableRVAs[172] = {
    0x5691F0, 0x5691E0, 0x569110, 0x569100, 0x9A4B0, 0x71E600, 0x35A60, 0x75C5F0,
    0x35A60, 0x35A60, 0x35A60, 0x7F40B0, 0x35A60, 0x35A60, 0x35A60, 0x35A60,
    0x35A60, 0x35A60, 0x35A60, 0x35A60, 0x35A60, 0x35A60, 0x35A60, 0x35A60,
    0x35A60, 0x75C5C0, 0x35A60, 0x35A60, 0x804220, 0x26BD0, 0x803960, 0x803860,
    0x803740, 0x35A60, 0x35A60, 0x35A60, 0x2B5500, 0x2B5500, 0x35A60, 0x35A60,
    0x35A60, 0x2B5500, 0x35A60, 0x35A60, 0x35A60, 0x7F4230, 0x35A60, 0x35A60,
    0x35A60, 0x35A60, 0x35A60, 0x35A60, 0x35A60, 0x35A60, 0x35A60, 0x7F44E0,
    0x35A60, 0x35A60, 0x35A60, 0x35A60, 0x35A60, 0x35A60, 0x35A60, 0x35A60,
    0x35A60, 0x35A60, 0x35A60, 0x35A60, 0x35A60, 0x35A60, 0x35A60, 0x35A60,
    0x35A60, 0x35A60, 0x35A60, 0x35A60, 0x35A60, 0x35A60, 0x35A60, 0x35A60,
    0x35A60, 0x75CC60, 0x35A60, 0x35A60, 0x35A60, 0x35A60, 0x35A60, 0x35A60,
    0x35A60, 0x35A60, 0x7F4460, 0x7F44C0, 0x50AF0, 0x50AF0, 0x35A60, 0x35A60,
    0x7F4400, 0x35A60, 0x35A60, 0x35A60, 0x35A60, 0x35A60, 0x35A60, 0x35A60,
    0x35A60, 0x35A60, 0x35A60, 0x35A60, 0x803F40, 0x35A60, 0x75CBE0, 0x75CBF0,
    0x75CC10, 0x75CC40, 0x35A60, 0x35A60, 0x35A60, 0x35A60, 0x35A60, 0x35A60,
    0x35A60, 0x35A60, 0x35A60, 0x35A60, 0x35A60, 0x35A60, 0x35A60, 0x35A60,
    0x35A60, 0x35A60, 0x35A60, 0x35A60, 0x35A60, 0x75F0F0, 0x35A60, 0x35A60,
    0x35A60, 0x35A60, 0x35A60, 0x35A60, 0x35A60, 0x35A60, 0x75CC70, 0x35A60,
    0x35A60, 0x35A60, 0x35A60, 0x35A60, 0x2B5500, 0x2B5500, 0x35A60, 0x35A60,
    0x35A60, 0x35A60, 0x35A60, 0x35A60, 0x35A60, 0x35A60, 0x35A60, 0x35A60,
    0x35A60, 0x35A60, 0x35A60, 0x75CC10, 0x35A60, 0x35A60, 0x35A60, 0x50AF0,
    0x14C4E0, 0x803FA0, 0x35A60, 0x35A60
};

/* CopiedSpells -172 vtable slot RVAs */
const UINT_PTR g_copiedSpellsVtableRVAs[172] = {
    0x572960, 0x572950, 0x572880, 0x572870, 0x50AF0, 0x71E690, 0x35A60, 0x75C5F0,
    0x35A60, 0x35A60, 0x35A60, 0x35A60, 0x35A60, 0x35A60, 0x35A60, 0x35A60,
    0x35A60, 0x35A60, 0x35A60, 0x35A60, 0x35A60, 0x35A60, 0x35A60, 0x35A60,
    0x35A60, 0x75C5C0, 0x35A60, 0x35A60, 0x804220, 0x26BD0, 0x803960, 0x803860,
    0x803740, 0x144270, 0x35A60, 0x99A80, 0x2B5500, 0x2B5500, 0x35A60, 0x35A60,
    0x35A60, 0x2B5500, 0x35A60, 0x35A60, 0x35A60, 0x35A60, 0x35A60, 0x35A60,
    0x35A60, 0x35A60, 0x35A60, 0x35A60, 0x35A60, 0x35A60, 0x35A60, 0x35A60,
    0x35A60, 0x35A60, 0x35A60, 0x35A60, 0x35A60, 0x35A60, 0x35A60, 0x35A60,
    0x35A60, 0x35A60, 0x35A60, 0x35A60, 0x35A60, 0x35A60, 0x35A60, 0x35A60,
    0x35A60, 0x35A60, 0x35A60, 0x35A60, 0x35A60, 0x35A60, 0x35A60, 0x35A60,
    0x35A60, 0x75CC60, 0x35A60, 0x35A60, 0x35A60, 0x35A60, 0x77B6F0, 0x35A60,
    0x35A60, 0x35A60, 0x35A60, 0x35A60, 0x50AF0, 0x50AF0, 0x35A60, 0x35A60,
    0x35A60, 0x35A60, 0x35A60, 0x35A60, 0x35A60, 0x35A60, 0x35A60, 0x35A60,
    0x35A60, 0x35A60, 0x35A60, 0x35A60, 0x803F40, 0x35A60, 0x75CBE0, 0x75CBF0,
    0x75CC10, 0x75CC40, 0x35A60, 0x35A60, 0x35A60, 0x35A60, 0x35A60, 0x35A60,
    0x35A60, 0x35A60, 0x35A60, 0x35A60, 0x35A60, 0x35A60, 0x35A60, 0x35A60,
    0x35A60, 0x35A60, 0x35A60, 0x35A60, 0x35A60, 0x75F0F0, 0x35A60, 0x35A60,
    0x35A60, 0x35A60, 0x35A60, 0x35A60, 0x35A60, 0x35A60, 0x75CC70, 0x35A60,
    0x35A60, 0x35A60, 0x35A60, 0x35A60, 0x2B5500, 0x2B5500, 0x35A60, 0x35A60,
    0x35A60, 0x35A60, 0x35A60, 0x35A60, 0x35A60, 0x35A60, 0x35A60, 0x35A60,
    0x35A60, 0x35A60, 0x35A60, 0x75CC10, 0x35A60, 0x35A60, 0x35A60, 0x50AF0,
    0x14C4E0, 0x803FA0, 0x35A60, 0x35A60
};

/* CorpseCounter -172 vtable slot RVAs */
const UINT_PTR g_corpseCounterVtableRVAs[172] = {
    0x593010, 0x593000, 0x592F30, 0x592F20, 0x50AF0, 0x71E720, 0x35A60, 0x75C5F0,
    0x35A60, 0x35A60, 0x2B58D0, 0x35A60, 0x35A60, 0x35A60, 0x35A60, 0x35A60,
    0x35A60, 0x35A60, 0x35A60, 0x35A60, 0x35A60, 0x35A60, 0x35A60, 0x35A60,
    0x35A60, 0x75C5C0, 0x35A60, 0x35A60, 0x804220, 0x26BD0, 0x803960, 0x803860,
    0x803740, 0x9BCE0, 0x35A60, 0x35A60, 0x2B5500, 0x2B5500, 0x35A60, 0x35A60,
    0x35A60, 0x2B5500, 0x35A60, 0x35A60, 0x35A60, 0x35A60, 0x35A60, 0x35A60,
    0x35A60, 0x35A60, 0x35A60, 0x35A60, 0x35A60, 0x35A60, 0x35A60, 0x35A60,
    0x35A60, 0x35A60, 0x35A60, 0x35A60, 0x35A60, 0x35A60, 0x35A60, 0x2B5510,
    0x35A60, 0x35A60, 0x35A60, 0x35A60, 0x35A60, 0x35A60, 0x35A60, 0x35A60,
    0x35A60, 0x35A60, 0x35A60, 0x35A60, 0x35A60, 0x35A60, 0x35A60, 0x35A60,
    0x35A60, 0x75CC60, 0x35A60, 0x35A60, 0x35A60, 0x35A60, 0x35A60, 0x35A60,
    0x35A60, 0x35A60, 0x35A60, 0x35A60, 0x50AF0, 0x50AF0, 0x35A60, 0x35A60,
    0x35A60, 0x35A60, 0x35A60, 0x35A60, 0x35A60, 0x35A60, 0x35A60, 0x35A60,
    0x35A60, 0x35A60, 0x35A60, 0x35A60, 0x803F40, 0x35A60, 0x75CBE0, 0x75CBF0,
    0x75CC10, 0x75CC40, 0x35A60, 0x35A60, 0x35A60, 0x35A60, 0x35A60, 0x35A60,
    0x35A60, 0x35A60, 0x35A60, 0x35A60, 0x35A60, 0x35A60, 0x35A60, 0x35A60,
    0x35A60, 0x35A60, 0x35A60, 0x35A60, 0x35A60, 0x75F0F0, 0x35A60, 0x35A60,
    0x35A60, 0x35A60, 0x35A60, 0x35A60, 0x35A60, 0x35A60, 0x75CC70, 0x35A60,
    0x35A60, 0x35A60, 0x35A60, 0x35A60, 0x2B5500, 0x2B5500, 0x35A60, 0x35A60,
    0x35A60, 0x35A60, 0x35A60, 0x35A60, 0x35A60, 0x35A60, 0x35A60, 0x35A60,
    0x35A60, 0x35A60, 0x35A60, 0x75CC10, 0x35A60, 0x35A60, 0x35A60, 0x50AF0,
    0x14C4E0, 0x803FA0, 0x35A60, 0x35A60
};

/* CounterNextAttacks -172 vtable slot RVAs */
const UINT_PTR g_counterNextAttacksVtableRVAs[172] = {
    0x5891D0, 0x5891C0, 0x5890F0, 0x5890E0, 0x50AF0, 0x71E7A0, 0x35A60, 0x75C5F0,
    0x35A60, 0x35A60, 0x35A60, 0x35A60, 0x35A60, 0x35A60, 0x35A60, 0x35A60,
    0x35A60, 0x35A60, 0x35A60, 0x35A60, 0x35A60, 0x35A60, 0x35A60, 0x35A60,
    0x35A60, 0x75C5C0, 0x35A60, 0x35A60, 0x804220, 0x26BD0, 0x803960, 0x803860,
    0x803740, 0x35A60, 0x35A60, 0x35A60, 0x2B5500, 0x2B5500, 0x35A60, 0x35A60,
    0x35A60, 0x2B5500, 0x35A60, 0x35A60, 0x35A60, 0x35A60, 0x35A60, 0x35A60,
    0x35A60, 0x35A60, 0x35A60, 0x35A60, 0x35A60, 0x35A60, 0x35A60, 0x35A60,
    0x35A60, 0x35A60, 0x35A60, 0x35A60, 0x35A60, 0x35A60, 0x35A60, 0x35A60,
    0x18BC20, 0x35A60, 0x35A60, 0x35A60, 0x35A60, 0x35A60, 0x35A60, 0x35A60,
    0x35A60, 0x35A60, 0x35A60, 0x35A60, 0x35A60, 0x35A60, 0x35A60, 0x35A60,
    0x35A60, 0x75CC60, 0x35A60, 0x35A60, 0x35A60, 0x35A60, 0x35A60, 0x35A60,
    0x35A60, 0x35A60, 0x35A60, 0x35A60, 0x50AF0, 0x50AF0, 0x35A60, 0x35A60,
    0x35A60, 0x35A60, 0x35A60, 0x35A60, 0x35A60, 0x35A60, 0x35A60, 0x35A60,
    0x35A60, 0x35A60, 0x35A60, 0x35A60, 0x803F40, 0x35A60, 0x75CBE0, 0x75CBF0,
    0x75CC10, 0x75CC40, 0x35A60, 0x35A60, 0x35A60, 0x35A60, 0x35A60, 0x35A60,
    0x35A60, 0x35A60, 0x35A60, 0x35A60, 0x35A60, 0x35A60, 0x35A60, 0x35A60,
    0x35A60, 0x35A60, 0x35A60, 0x35A60, 0x35A60, 0x75F0F0, 0x35A60, 0x35A60,
    0x35A60, 0x35A60, 0x35A60, 0x35A60, 0x35A60, 0x35A60, 0x75CC70, 0x35A60,
    0x35A60, 0x35A60, 0x35A60, 0x35A60, 0x2B5500, 0x2B5500, 0x35A60, 0x35A60,
    0x35A60, 0x35A60, 0x35A60, 0x35A60, 0x35A60, 0x35A60, 0x35A60, 0x35A60,
    0x35A60, 0x35A60, 0x35A60, 0x75CC10, 0x35A60, 0x35A60, 0x35A60, 0x50AF0,
    0x14C4E0, 0x803FA0, 0x35A60, 0x35A60
};

/* Counterspell -172 vtable slot RVAs */
const UINT_PTR g_counterspellVtableRVAs[172] = {
    0x569320, 0x569310, 0x569240, 0x569230, 0x50AF0, 0x71E820, 0x35A60, 0x75C5F0,
    0x35A60, 0x35A60, 0x35A60, 0x7F35C0, 0x35A60, 0x35A60, 0x35A60, 0x35A60,
    0x35A60, 0x35A60, 0x35A60, 0x35A60, 0x35A60, 0x35A60, 0x35A60, 0x35A60,
    0x35A60, 0x75C5C0, 0x35A60, 0x35A60, 0x804220, 0x26BD0, 0x803960, 0x803860,
    0x803740, 0x35A60, 0x35A60, 0x35A60, 0x2B5500, 0x2B5500, 0x35A60, 0x35A60,
    0x35A60, 0x2B5500, 0x35A60, 0x35A60, 0x35A60, 0x35A60, 0x35A60, 0x35A60,
    0x35A60, 0x35A60, 0x35A60, 0x35A60, 0x7F34A0, 0x35A60, 0x35A60, 0x35A60,
    0x35A60, 0x35A60, 0x35A60, 0x35A60, 0x35A60, 0x35A60, 0x35A60, 0x35A60,
    0x35A60, 0x35A60, 0x35A60, 0x35A60, 0x35A60, 0x35A60, 0x35A60, 0x35A60,
    0x35A60, 0x35A60, 0x35A60, 0x35A60, 0x35A60, 0x35A60, 0x35A60, 0x35A60,
    0x35A60, 0x75CC60, 0x35A60, 0x35A60, 0x35A60, 0x35A60, 0x35A60, 0x35A60,
    0x35A60, 0x35A60, 0x35A60, 0x35A60, 0x50AF0, 0x50AF0, 0x35A60, 0x35A60,
    0x35A60, 0x35A60, 0x35A60, 0x35A60, 0x35A60, 0x35A60, 0x35A60, 0x35A60,
    0x35A60, 0x35A60, 0x35A60, 0x35A60, 0x803F40, 0x35A60, 0x75CBE0, 0x75CBF0,
    0x75CC10, 0x75CC40, 0x35A60, 0x35A60, 0x35A60, 0x35A60, 0x35A60, 0x35A60,
    0x35A60, 0x35A60, 0x35A60, 0x35A60, 0x35A60, 0x35A60, 0x35A60, 0x35A60,
    0x35A60, 0x35A60, 0x35A60, 0x35A60, 0x35A60, 0x75F0F0, 0x35A60, 0x35A60,
    0x35A60, 0x35A60, 0x35A60, 0x35A60, 0x35A60, 0x35A60, 0x75CC70, 0x35A60,
    0x35A60, 0x35A60, 0x35A60, 0x35A60, 0x2B5500, 0x2B5500, 0x35A60, 0x35A60,
    0x35A60, 0x35A60, 0x35A60, 0x35A60, 0x35A60, 0x35A60, 0x35A60, 0x35A60,
    0x35A60, 0x35A60, 0x35A60, 0x75CC10, 0x35A60, 0x35A60, 0x35A60, 0x50AF0,
    0x14C4E0, 0x803FA0, 0x35A60, 0x35A60
};

/* CritChanceUp -172 vtable slot RVAs */
const UINT_PTR g_critChanceUpVtableRVAs[172] = {
    0x563AF0, 0x563AE0, 0x563A10, 0x563A00, 0x50AF0, 0x71E8A0, 0x35A60, 0x75C5F0,
    0x35A60, 0x35A60, 0x35A60, 0x35A60, 0x35A60, 0x35A60, 0x35A60, 0x35A60,
    0x35A60, 0x35A60, 0x35A60, 0x35A60, 0x35A60, 0x35A60, 0x35A60, 0x35A60,
    0x35A60, 0x75C5C0, 0x35A60, 0x35A60, 0x804220, 0x26BD0, 0x803960, 0x803860,
    0x803740, 0x35A60, 0x35A60, 0x35A60, 0x2B5500, 0x2B5500, 0x35A60, 0x35A60,
    0x35A60, 0x2B5500, 0x35A60, 0x35A60, 0x35A60, 0x35A60, 0x35A60, 0x35A60,
    0x35A60, 0x35A60, 0x35A60, 0x35A60, 0x35A60, 0x35A60, 0x35A60, 0x35A60,
    0x35A60, 0x35A60, 0x35A60, 0x35A60, 0x35A60, 0x35A60, 0x35A60, 0x35A60,
    0x35A60, 0x35A60, 0x35A60, 0x35A60, 0x35A60, 0x35A60, 0x35A60, 0x35A60,
    0x35A60, 0x35A60, 0x35A60, 0x35A60, 0x35A60, 0x35A60, 0x35A60, 0x35A60,
    0x35A60, 0x75CC60, 0x35A60, 0x89CB80, 0x35A60, 0x35A60, 0x35A60, 0x35A60,
    0x35A60, 0x35A60, 0x35A60, 0x35A60, 0x50AF0, 0x50AF0, 0x35A60, 0x35A60,
    0x35A60, 0x35A60, 0x35A60, 0x35A60, 0x35A60, 0x35A60, 0x35A60, 0x35A60,
    0x35A60, 0x35A60, 0x35A60, 0x35A60, 0x803F40, 0x35A60, 0x75CBE0, 0x75CBF0,
    0x75CC10, 0x75CC40, 0x35A60, 0x35A60, 0x35A60, 0x35A60, 0x35A60, 0x35A60,
    0x35A60, 0x35A60, 0x35A60, 0x35A60, 0x35A60, 0x35A60, 0x35A60, 0x35A60,
    0x35A60, 0x35A60, 0x35A60, 0x35A60, 0x35A60, 0x75F0F0, 0x35A60, 0x35A60,
    0x35A60, 0x35A60, 0x35A60, 0x35A60, 0x35A60, 0x35A60, 0x75CC70, 0x35A60,
    0x35A60, 0x35A60, 0x35A60, 0x35A60, 0x2B5500, 0x2B5500, 0x35A60, 0x35A60,
    0x35A60, 0x35A60, 0x35A60, 0x35A60, 0x35A60, 0x35A60, 0x35A60, 0x35A60,
    0x35A60, 0x35A60, 0x35A60, 0x75CC10, 0x35A60, 0x35A60, 0x35A60, 0x50AF0,
    0x14C4E0, 0x803FA0, 0x35A60, 0x35A60
};

/* CurrentWeaponAddElectricElement -172 vtable slot RVAs */
const UINT_PTR g_currentWeaponAddElectricElementVtableRVAs[172] = {
    0x55B700, 0x55B6F0, 0x55B620, 0x55B610, 0x50AF0, 0x71E920, 0x35A60, 0x75C5F0,
    0x35A60, 0x35A60, 0x35A60, 0x8BDB30, 0x35A60, 0x35A60, 0x35A60, 0x35A60,
    0x35A60, 0x35A60, 0x35A60, 0x35A60, 0x35A60, 0x35A60, 0x35A60, 0x35A60,
    0x35A60, 0x75C5C0, 0x35A60, 0x35A60, 0x804220, 0x26BD0, 0x803960, 0x803860,
    0x803740, 0x8BDA70, 0x35A60, 0x35A60, 0x2B5500, 0x2B5500, 0x35A60, 0x35A60,
    0x35A60, 0x2B5500, 0x35A60, 0x35A60, 0x35A60, 0x35A60, 0x35A60, 0x35A60,
    0x35A60, 0x35A60, 0x35A60, 0x35A60, 0x35A60, 0x35A60, 0x35A60, 0x35A60,
    0x35A60, 0x35A60, 0x35A60, 0x35A60, 0x35A60, 0x35A60, 0x35A60, 0x35A60,
    0x35A60, 0x35A60, 0x35A60, 0x35A60, 0x35A60, 0x35A60, 0x35A60, 0x35A60,
    0x35A60, 0x35A60, 0x35A60, 0x35A60, 0x35A60, 0x35A60, 0x35A60, 0x35A60,
    0x35A60, 0x75CC60, 0x35A60, 0x35A60, 0x35A60, 0x35A60, 0x35A60, 0x35A60,
    0x35A60, 0x8BDC70, 0x35A60, 0x35A60, 0x50AF0, 0x50AF0, 0x35A60, 0x35A60,
    0x35A60, 0x35A60, 0x35A60, 0x35A60, 0x35A60, 0x35A60, 0x35A60, 0x35A60,
    0x35A60, 0x35A60, 0x35A60, 0x35A60, 0x803F40, 0x35A60, 0x75CBE0, 0x75CBF0,
    0x75CC10, 0x75CC40, 0x35A60, 0x35A60, 0x35A60, 0x35A60, 0x35A60, 0x35A60,
    0x35A60, 0x35A60, 0x35A60, 0x35A60, 0x35A60, 0x35A60, 0x35A60, 0x35A60,
    0x35A60, 0x35A60, 0x35A60, 0x35A60, 0x35A60, 0x8BDB60, 0x8BDCD0, 0x35A60,
    0x35A60, 0x35A60, 0x35A60, 0x35A60, 0x35A60, 0x35A60, 0x75CC70, 0x35A60,
    0x35A60, 0x35A60, 0x35A60, 0x35A60, 0x2B5500, 0x2B5500, 0x35A60, 0x35A60,
    0x35A60, 0x35A60, 0x35A60, 0x35A60, 0x35A60, 0x35A60, 0x35A60, 0x35A60,
    0x35A60, 0x35A60, 0x35A60, 0x75CC10, 0x35A60, 0x35A60, 0x35A60, 0x50AF0,
    0x14C4E0, 0x803FA0, 0x35A60, 0x35A60
};

/* CurrentWeaponAddPoison -172 vtable slot RVAs */
const UINT_PTR g_currentWeaponAddPoisonVtableRVAs[172] = {
    0x55B5A0, 0x55B590, 0x55B4C0, 0x55B4B0, 0x50AF0, 0x71E9A0, 0x35A60, 0x75C5F0,
    0x35A60, 0x35A60, 0x35A60, 0x8BDB30, 0x35A60, 0x35A60, 0x35A60, 0x35A60,
    0x35A60, 0x35A60, 0x35A60, 0x35A60, 0x35A60, 0x35A60, 0x35A60, 0x35A60,
    0x35A60, 0x75C5C0, 0x35A60, 0x35A60, 0x804220, 0x26BD0, 0x803960, 0x803860,
    0x803740, 0x8BDA70, 0x35A60, 0x35A60, 0x2B5500, 0x2B5500, 0x35A60, 0x35A60,
    0x35A60, 0x2B5500, 0x35A60, 0x35A60, 0x35A60, 0x35A60, 0x35A60, 0x35A60,
    0x35A60, 0x35A60, 0x35A60, 0x35A60, 0x35A60, 0x35A60, 0x35A60, 0x35A60,
    0x35A60, 0x35A60, 0x35A60, 0x35A60, 0x35A60, 0x35A60, 0x35A60, 0x35A60,
    0x35A60, 0x35A60, 0x35A60, 0x35A60, 0x35A60, 0x35A60, 0x35A60, 0x35A60,
    0x35A60, 0x35A60, 0x35A60, 0x35A60, 0x35A60, 0x35A60, 0x35A60, 0x35A60,
    0x35A60, 0x75CC60, 0x35A60, 0x35A60, 0x35A60, 0x35A60, 0x35A60, 0x35A60,
    0x35A60, 0x8BDDE0, 0x35A60, 0x35A60, 0x50AF0, 0x50AF0, 0x35A60, 0x35A60,
    0x35A60, 0x35A60, 0x35A60, 0x35A60, 0x35A60, 0x35A60, 0x35A60, 0x35A60,
    0x35A60, 0x35A60, 0x35A60, 0x35A60, 0x803F40, 0x35A60, 0x75CBE0, 0x75CBF0,
    0x75CC10, 0x75CC40, 0x35A60, 0x35A60, 0x35A60, 0x35A60, 0x35A60, 0x35A60,
    0x35A60, 0x35A60, 0x35A60, 0x35A60, 0x35A60, 0x35A60, 0x35A60, 0x35A60,
    0x35A60, 0x35A60, 0x35A60, 0x35A60, 0x35A60, 0x8BDB60, 0x8BDE50, 0x35A60,
    0x35A60, 0x35A60, 0x35A60, 0x35A60, 0x35A60, 0x35A60, 0x75CC70, 0x35A60,
    0x35A60, 0x35A60, 0x35A60, 0x35A60, 0x2B5500, 0x2B5500, 0x35A60, 0x35A60,
    0x35A60, 0x35A60, 0x35A60, 0x35A60, 0x35A60, 0x35A60, 0x35A60, 0x35A60,
    0x35A60, 0x35A60, 0x35A60, 0x75CC10, 0x35A60, 0x35A60, 0x35A60, 0x50AF0,
    0x14C4E0, 0x803FA0, 0x35A60, 0x35A60
};

/* CurrentWeaponDamageUp -172 vtable slot RVAs */
const UINT_PTR g_currentWeaponDamageUpVtableRVAs[172] = {
    0x55B870, 0x55B860, 0x55B790, 0x55B780, 0x50AF0, 0x71EA20, 0x35A60, 0x75C5F0,
    0x35A60, 0x35A60, 0x35A60, 0x8BDB30, 0x35A60, 0x35A60, 0x35A60, 0x35A60,
    0x35A60, 0x35A60, 0x35A60, 0x35A60, 0x35A60, 0x35A60, 0x35A60, 0x35A60,
    0x35A60, 0x75C5C0, 0x35A60, 0x35A60, 0x804220, 0x26BD0, 0x803960, 0x803860,
    0x803740, 0x8BDA70, 0x35A60, 0x35A60, 0x2B5500, 0x2B5500, 0x35A60, 0x35A60,
    0x35A60, 0x2B5500, 0x35A60, 0x35A60, 0x35A60, 0x35A60, 0x35A60, 0x35A60,
    0x35A60, 0x35A60, 0x35A60, 0x35A60, 0x35A60, 0x35A60, 0x35A60, 0x35A60,
    0x35A60, 0x35A60, 0x35A60, 0x35A60, 0x35A60, 0x35A60, 0x35A60, 0x35A60,
    0x35A60, 0x35A60, 0x35A60, 0x35A60, 0x35A60, 0x35A60, 0x35A60, 0x35A60,
    0x35A60, 0x35A60, 0x35A60, 0x35A60, 0x35A60, 0x35A60, 0x35A60, 0x35A60,
    0x35A60, 0x75CC60, 0x35A60, 0x35A60, 0x35A60, 0x35A60, 0x35A60, 0x35A60,
    0x35A60, 0x8BDAB0, 0x35A60, 0x35A60, 0x50AF0, 0x50AF0, 0x35A60, 0x35A60,
    0x35A60, 0x35A60, 0x35A60, 0x35A60, 0x35A60, 0x35A60, 0x35A60, 0x35A60,
    0x35A60, 0x35A60, 0x35A60, 0x35A60, 0x803F40, 0x35A60, 0x75CBE0, 0x75CBF0,
    0x75CC10, 0x75CC40, 0x35A60, 0x35A60, 0x35A60, 0x35A60, 0x35A60, 0x35A60,
    0x35A60, 0x35A60, 0x35A60, 0x35A60, 0x35A60, 0x35A60, 0x35A60, 0x35A60,
    0x35A60, 0x35A60, 0x35A60, 0x35A60, 0x35A60, 0x8BDB60, 0x8BDB80, 0x35A60,
    0x35A60, 0x35A60, 0x35A60, 0x35A60, 0x35A60, 0x35A60, 0x75CC70, 0x35A60,
    0x35A60, 0x35A60, 0x35A60, 0x35A60, 0x2B5500, 0x2B5500, 0x35A60, 0x35A60,
    0x35A60, 0x35A60, 0x35A60, 0x35A60, 0x35A60, 0x35A60, 0x35A60, 0x35A60,
    0x35A60, 0x35A60, 0x35A60, 0x75CC10, 0x35A60, 0x35A60, 0x35A60, 0x50AF0,
    0x14C4E0, 0x803FA0, 0x35A60, 0x35A60
};

/* CyborgTurns -172 vtable slot RVAs */
const UINT_PTR g_cyborgTurnsVtableRVAs[172] = {
    0x55F320, 0x55F310, 0x55F240, 0x55F230, 0x50AF0, 0x71EAA0, 0x35A60, 0x75C5F0,
    0x35A60, 0x35A60, 0x35A60, 0x35A60, 0x35A60, 0x35A60, 0x35A60, 0x35A60,
    0x35A60, 0x35A60, 0x35A60, 0x35A60, 0x35A60, 0x35A60, 0x35A60, 0x35A60,
    0x35A60, 0x75C5C0, 0x35A60, 0x35A60, 0x804220, 0x26BD0, 0x803960, 0x803860,
    0x803740, 0x35A60, 0x35A60, 0x35A60, 0x2B5500, 0x2B5500, 0x8AC6D0, 0x35A60,
    0x35A60, 0x2B5500, 0x35A60, 0x35A60, 0x35A60, 0x35A60, 0x35A60, 0x35A60,
    0x35A60, 0x35A60, 0x35A60, 0x35A60, 0x35A60, 0x35A60, 0x35A60, 0x35A60,
    0x35A60, 0x35A60, 0x35A60, 0x35A60, 0x35A60, 0x35A60, 0x35A60, 0x35A60,
    0x35A60, 0x35A60, 0x35A60, 0x35A60, 0x35A60, 0x35A60, 0x35A60, 0x35A60,
    0x35A60, 0x35A60, 0x35A60, 0x35A60, 0x35A60, 0x35A60, 0x35A60, 0x35A60,
    0x35A60, 0x75CC60, 0x35A60, 0x35A60, 0x35A60, 0x35A60, 0x35A60, 0x35A60,
    0x35A60, 0x35A60, 0x35A60, 0x35A60, 0x50AF0, 0x50AF0, 0x35A60, 0x35A60,
    0x35A60, 0x35A60, 0x35A60, 0x35A60, 0x35A60, 0x35A60, 0x35A60, 0x35A60,
    0x35A60, 0x35A60, 0x35A60, 0x35A60, 0x803F40, 0x35A60, 0x75CBE0, 0x75CBF0,
    0x75CC10, 0x75CC40, 0x35A60, 0x35A60, 0x35A60, 0x35A60, 0x35A60, 0x35A60,
    0x35A60, 0x35A60, 0x35A60, 0x35A60, 0x35A60, 0x35A60, 0x35A60, 0x35A60,
    0x35A60, 0x35A60, 0x35A60, 0x35A60, 0x35A60, 0x75F0F0, 0x35A60, 0x35A60,
    0x35A60, 0x35A60, 0x35A60, 0x35A60, 0x35A60, 0x35A60, 0x75CC70, 0x35A60,
    0x35A60, 0x35A60, 0x35A60, 0x35A60, 0x2B5500, 0x2B5500, 0x35A60, 0x35A60,
    0x35A60, 0x35A60, 0x35A60, 0x35A60, 0x35A60, 0x35A60, 0x35A60, 0x35A60,
    0x35A60, 0x35A60, 0x35A60, 0x75CC10, 0x35A60, 0x35A60, 0x35A60, 0x50AF0,
    0x14C4E0, 0x803FA0, 0x35A60, 0x35A60
};

/* DamageUp -172 vtable slot RVAs */
const UINT_PTR g_damageUpVtableRVAs[172] = {
    0x563D50, 0x563D40, 0x563C70, 0x563C60, 0x50AF0, 0x71EB20, 0x35A60, 0x75C5F0,
    0x35A60, 0x35A60, 0x35A60, 0x35A60, 0x35A60, 0x35A60, 0x35A60, 0x35A60,
    0x35A60, 0x35A60, 0x35A60, 0x35A60, 0x35A60, 0x35A60, 0x35A60, 0x35A60,
    0x35A60, 0x75C5C0, 0x35A60, 0x35A60, 0x804220, 0x26BD0, 0x803960, 0x803860,
    0x803740, 0x35A60, 0x35A60, 0x35A60, 0x2B5500, 0x2B5500, 0x35A60, 0x35A60,
    0x35A60, 0x2B5500, 0x35A60, 0x35A60, 0x35A60, 0x35A60, 0x35A60, 0x35A60,
    0x35A60, 0x35A60, 0x35A60, 0x35A60, 0x35A60, 0x35A60, 0x35A60, 0x35A60,
    0x35A60, 0x35A60, 0x35A60, 0x35A60, 0x35A60, 0x35A60, 0x35A60, 0x35A60,
    0x35A60, 0x35A60, 0x35A60, 0x35A60, 0x35A60, 0x35A60, 0x35A60, 0x35A60,
    0x35A60, 0x35A60, 0x35A60, 0x35A60, 0x35A60, 0x35A60, 0x35A60, 0x35A60,
    0x35A60, 0x75CC60, 0x35A60, 0x35A60, 0x35A60, 0x35A60, 0x35A60, 0x35A60,
    0x35A60, 0x77BA0, 0x35A60, 0x35A60, 0x50AF0, 0x50AF0, 0x35A60, 0x35A60,
    0x35A60, 0x35A60, 0x35A60, 0x35A60, 0x35A60, 0x35A60, 0x35A60, 0x35A60,
    0x35A60, 0x35A60, 0x35A60, 0x35A60, 0x803F40, 0x35A60, 0x75CBE0, 0x75CBF0,
    0x75CC10, 0x75CC40, 0x35A60, 0x35A60, 0x35A60, 0x35A60, 0x35A60, 0x35A60,
    0x35A60, 0x35A60, 0x35A60, 0x35A60, 0x35A60, 0x35A60, 0x35A60, 0x35A60,
    0x35A60, 0x35A60, 0x35A60, 0x35A60, 0x35A60, 0x75F0F0, 0x35A60, 0x35A60,
    0x35A60, 0x35A60, 0x35A60, 0x35A60, 0x35A60, 0x35A60, 0x75CC70, 0x35A60,
    0x35A60, 0x35A60, 0x35A60, 0x35A60, 0x2B5500, 0x2B5500, 0x35A60, 0x35A60,
    0x35A60, 0x35A60, 0x35A60, 0x35A60, 0x35A60, 0x35A60, 0x35A60, 0x35A60,
    0x35A60, 0x35A60, 0x35A60, 0x75CC10, 0x35A60, 0x35A60, 0x35A60, 0x50AF0,
    0x14C4E0, 0x803FA0, 0x89CB50, 0x35A60
};

/* DashFury -172 vtable slot RVAs */
const UINT_PTR g_dashFuryVtableRVAs[172] = {
    0x5613D0, 0x5613C0, 0x5612F0, 0x5612E0, 0x50AF0, 0x71EBA0, 0x35A60, 0x75C5F0,
    0x35A60, 0x35A60, 0x35A60, 0x35A60, 0x35A60, 0x35A60, 0x35A60, 0x35A60,
    0x35A60, 0x35A60, 0x35A60, 0x35A60, 0x35A60, 0x35A60, 0x35A60, 0x35A60,
    0x35A60, 0x75C5C0, 0x35A60, 0x35A60, 0x804220, 0x26BD0, 0x803960, 0x803860,
    0x803740, 0x7E220, 0x35A60, 0x35A60, 0x2B5500, 0x2B5500, 0x35A60, 0x35A60,
    0x35A60, 0x2B5500, 0x35A60, 0x35A60, 0x35A60, 0x35A60, 0x35A60, 0x35A60,
    0x35A60, 0x35A60, 0x35A60, 0x35A60, 0x35A60, 0x35A60, 0x35A60, 0x35A60,
    0x208990, 0x89BF10, 0x35A60, 0x35A60, 0x35A60, 0x35A60, 0x89C230, 0x35A60,
    0x35A60, 0x35A60, 0x35A60, 0x35A60, 0x35A60, 0x35A60, 0x35A60, 0x35A60,
    0x35A60, 0x35A60, 0x35A60, 0x35A60, 0x35A60, 0x35A60, 0x35A60, 0x35A60,
    0x35A60, 0x75CC60, 0x35A60, 0x35A60, 0x35A60, 0x35A60, 0x35A60, 0x35A60,
    0x35A60, 0x35A60, 0x35A60, 0x35A60, 0x50AF0, 0x50AF0, 0x35A60, 0x35A60,
    0x35A60, 0x35A60, 0x35A60, 0x35A60, 0x35A60, 0x35A60, 0x35A60, 0x35A60,
    0x35A60, 0x35A60, 0x35A60, 0x35A60, 0x803F40, 0x35A60, 0x75CBE0, 0x75CBF0,
    0x75CC10, 0x75CC40, 0x35A60, 0x35A60, 0x35A60, 0x35A60, 0x35A60, 0x35A60,
    0x35A60, 0x35A60, 0x35A60, 0x35A60, 0x35A60, 0x35A60, 0x35A60, 0x35A60,
    0x35A60, 0x35A60, 0x35A60, 0x35A60, 0x35A60, 0x75F0F0, 0x35A60, 0x35A60,
    0x35A60, 0x35A60, 0x35A60, 0x35A60, 0x35A60, 0x35A60, 0x75CC70, 0x35A60,
    0x35A60, 0x35A60, 0x35A60, 0x35A60, 0x2B5500, 0x2B5500, 0x35A60, 0x35A60,
    0x35A60, 0x35A60, 0x35A60, 0x35A60, 0x35A60, 0x35A60, 0x35A60, 0x35A60,
    0x35A60, 0x35A60, 0x35A60, 0x75CC10, 0x35A60, 0x35A60, 0x35A60, 0x50AF0,
    0x14C4E0, 0x803FA0, 0x35A60, 0x35A60
};

/* DeathwormUnderground -172 vtable slot RVAs */
const UINT_PTR g_deathwormUndergroundVtableRVAs[172] = {
    0x568AF0, 0x568AE0, 0x568A10, 0x568A00, 0x50AF0, 0x71EC20, 0x35A60, 0x75C5F0,
    0x35A60, 0x35A60, 0x7F8320, 0x35A60, 0x35A60, 0x35A60, 0x35A60, 0x35A60,
    0x35A60, 0x35A60, 0x35A60, 0x35A60, 0x35A60, 0x35A60, 0x35A60, 0x35A60,
    0x35A60, 0x75C5C0, 0x35A60, 0x35A60, 0x804220, 0x26BD0, 0x803960, 0x803860,
    0x803740, 0x7F7DC0, 0x35A60, 0x35A60, 0x2B5500, 0x2B5500, 0x35A60, 0x35A60,
    0x35A60, 0x2B5500, 0x7F82E0, 0x35A60, 0x35A60, 0x35A60, 0x35A60, 0x35A60,
    0x35A60, 0x35A60, 0x35A60, 0x35A60, 0x35A60, 0x35A60, 0x35A60, 0x35A60,
    0x35A60, 0x35A60, 0x35A60, 0x35A60, 0x35A60, 0x35A60, 0x35A60, 0x35A60,
    0x35A60, 0x35A60, 0x35A60, 0x35A60, 0x35A60, 0x35A60, 0x35A60, 0x35A60,
    0x35A60, 0x35A60, 0x35A60, 0x35A60, 0x35A60, 0x35A60, 0x35A60, 0x35A60,
    0x35A60, 0x75CC60, 0x35A60, 0x35A60, 0x35A60, 0x35A60, 0x35A60, 0x35A60,
    0x35A60, 0x35A60, 0x35A60, 0x35A60, 0x50AF0, 0x50AF0, 0x35A60, 0x35A60,
    0x35A60, 0x35A60, 0x35A60, 0x35A60, 0x35A60, 0x35A60, 0x35A60, 0x35A60,
    0x35A60, 0x35A60, 0x35A60, 0x35A60, 0x803F40, 0x35A60, 0x75CBE0, 0x75CBF0,
    0x75CC10, 0x75CC40, 0x35A60, 0x35A60, 0x35A60, 0x35A60, 0x35A60, 0x35A60,
    0x35A60, 0x35A60, 0x35A60, 0x35A60, 0x35A60, 0x35A60, 0x35A60, 0x35A60,
    0x35A60, 0x35A60, 0x35A60, 0x35A60, 0x35A60, 0x75F0F0, 0x35A60, 0x35A60,
    0x35A60, 0x35A60, 0x35A60, 0x35A60, 0x35A60, 0x35A60, 0x75CC70, 0x35A60,
    0x35A60, 0x35A60, 0x35A60, 0x35A60, 0x2B5500, 0x2B5500, 0x7F7EC0, 0x35A60,
    0x35A60, 0x35A60, 0x35A60, 0x35A60, 0x35A60, 0x35A60, 0x35A60, 0x35A60,
    0x35A60, 0x35A60, 0x35A60, 0x75CC10, 0x35A60, 0x35A60, 0x35A60, 0x50AF0,
    0x14C4E0, 0x803FA0, 0x35A60, 0x35A60
};

/* DecoySwapper -172 vtable slot RVAs */
const UINT_PTR g_decoySwapperVtableRVAs[172] = {
    0x55BAF0, 0x55BAE0, 0x55BA10, 0x55BA00, 0x50AF0, 0x71ECA0, 0x35A60, 0x75C5F0,
    0x35A60, 0x35A60, 0x35A60, 0x35A60, 0x35A60, 0x35A60, 0x35A60, 0x35A60,
    0x35A60, 0x35A60, 0x35A60, 0x35A60, 0x35A60, 0x35A60, 0x35A60, 0x35A60,
    0x35A60, 0x75C5C0, 0x35A60, 0x35A60, 0x804220, 0x26BD0, 0x803960, 0x803860,
    0x803740, 0x8BD150, 0x35A60, 0x35A60, 0x2B5500, 0x2B5500, 0x35A60, 0x35A60,
    0x35A60, 0x2B5500, 0x35A60, 0x35A60, 0x35A60, 0x8AB7F0, 0x35A60, 0x35A60,
    0x35A60, 0x35A60, 0x35A60, 0x35A60, 0x8BD200, 0x35A60, 0x35A60, 0x35A60,
    0x35A60, 0x35A60, 0x35A60, 0x35A60, 0x35A60, 0x35A60, 0x35A60, 0x35A60,
    0x35A60, 0x35A60, 0x35A60, 0x35A60, 0x35A60, 0x35A60, 0x35A60, 0x35A60,
    0x35A60, 0x35A60, 0x35A60, 0x35A60, 0x35A60, 0x35A60, 0x35A60, 0x35A60,
    0x35A60, 0x75CC60, 0x35A60, 0x35A60, 0x35A60, 0x35A60, 0x35A60, 0x35A60,
    0x35A60, 0x35A60, 0x35A60, 0x35A60, 0x50AF0, 0x50AF0, 0x35A60, 0x35A60,
    0x35A60, 0x35A60, 0x35A60, 0x35A60, 0x35A60, 0x35A60, 0x35A60, 0x35A60,
    0x35A60, 0x35A60, 0x35A60, 0x35A60, 0x803F40, 0x35A60, 0x75CBE0, 0x75CBF0,
    0x75CC10, 0x75CC40, 0x35A60, 0x35A60, 0x35A60, 0x35A60, 0x35A60, 0x35A60,
    0x35A60, 0x35A60, 0x35A60, 0x35A60, 0x35A60, 0x35A60, 0x35A60, 0x35A60,
    0x35A60, 0x35A60, 0x35A60, 0x35A60, 0x35A60, 0x75F0F0, 0x35A60, 0x35A60,
    0x35A60, 0x35A60, 0x35A60, 0x35A60, 0x35A60, 0x35A60, 0x75CC70, 0x35A60,
    0x35A60, 0x35A60, 0x35A60, 0x35A60, 0x2B5500, 0x2B5500, 0x35A60, 0x35A60,
    0x35A60, 0x35A60, 0x35A60, 0x35A60, 0x35A60, 0x35A60, 0x35A60, 0x35A60,
    0x35A60, 0x35A60, 0x35A60, 0x75CC10, 0x35A60, 0x35A60, 0x35A60, 0x50AF0,
    0x14C4E0, 0x803FA0, 0x35A60, 0x35A60
};

/* DelayedPain -172 vtable slot RVAs */
const UINT_PTR g_delayedPainVtableRVAs[172] = {
    0x59C670, 0x59C660, 0x59C590, 0x59C580, 0x50AF0, 0x71ED20, 0x35A60, 0x75C5F0,
    0x35A60, 0x35A60, 0x35A60, 0x35A60, 0x35A60, 0x35A60, 0x35A60, 0x35A60,
    0x35A60, 0x35A60, 0x35A60, 0x35A60, 0x35A60, 0x35A60, 0x35A60, 0x35A60,
    0x35A60, 0x75C5C0, 0x35A60, 0x35A60, 0x804220, 0x26BD0, 0x803960, 0x803860,
    0x803740, 0x35A60, 0x35A60, 0xA01C0, 0x2B5500, 0x2B5500, 0x35A60, 0x35A60,
    0x35A60, 0x2B5500, 0x35A60, 0x35A60, 0x35A60, 0x35A60, 0x35A60, 0x35A60,
    0x35A60, 0x35A60, 0x35A60, 0x35A60, 0x35A60, 0x35A60, 0x35A60, 0x35A60,
    0x35A60, 0x35A60, 0x35A60, 0x35A60, 0x35A60, 0x35A60, 0x35A60, 0x35A60,
    0x35A60, 0x35A60, 0x35A60, 0x35A60, 0x35A60, 0x35A60, 0x35A60, 0x35A60,
    0x35A60, 0x35A60, 0x35A60, 0x35A60, 0x35A60, 0x35A60, 0x35A60, 0x35A60,
    0x35A60, 0x75CC60, 0x35A60, 0x35A60, 0x35A60, 0x35A60, 0x35A60, 0x35A60,
    0x35A60, 0x35A60, 0x35A60, 0x35A60, 0x50AF0, 0x50AF0, 0x35A60, 0x35A60,
    0x35A60, 0x35A60, 0x35A60, 0x35A60, 0x35A60, 0x35A60, 0x35A60, 0x35A60,
    0x35A60, 0x35A60, 0x35A60, 0x35A60, 0x803F40, 0x35A60, 0x75CBE0, 0x75CBF0,
    0x75CC10, 0x75CC40, 0x35A60, 0x35A60, 0x35A60, 0x35A60, 0x35A60, 0x35A60,
    0x35A60, 0x35A60, 0x35A60, 0x35A60, 0x35A60, 0x35A60, 0x35A60, 0x35A60,
    0x35A60, 0x35A60, 0x35A60, 0x35A60, 0x35A60, 0x75F0F0, 0x35A60, 0x35A60,
    0x35A60, 0x35A60, 0x35A60, 0x35A60, 0x35A60, 0x35A60, 0x75CC70, 0x35A60,
    0x35A60, 0x35A60, 0x35A60, 0x35A60, 0x2B5500, 0x2B5500, 0x35A60, 0x35A60,
    0x35A60, 0x35A60, 0x35A60, 0x35A60, 0x35A60, 0x35A60, 0x35A60, 0x35A60,
    0x35A60, 0x35A60, 0x35A60, 0x75CC10, 0x35A60, 0x35A60, 0x35A60, 0x50AF0,
    0x14C4E0, 0x803FA0, 0x35A60, 0x35A60
};

/* DelayedStatusApplication -172 vtable slot RVAs */
const UINT_PTR g_delayedStatusApplicationVtableRVAs[172] = {
    0x57A4B0, 0x57A4A0, 0x57A3D0, 0x57A3C0, 0x50AF0, 0x71EDA0, 0x35A60, 0x75C5F0,
    0x35A60, 0x35A60, 0x35A60, 0x35A60, 0x35A60, 0x35A60, 0x35A60, 0x35A60,
    0x35A60, 0x35A60, 0x35A60, 0x35A60, 0x35A60, 0x35A60, 0x35A60, 0x35A60,
    0x35A60, 0x75C5C0, 0x35A60, 0x35A60, 0x804220, 0x26BD0, 0x803960, 0x803860,
    0x803740, 0x35A60, 0x24CD80, 0x35A60, 0x2B5500, 0x2B5500, 0x35A60, 0x35A60,
    0x35A60, 0x2B5500, 0x35A60, 0x35A60, 0x35A60, 0x35A60, 0x35A60, 0x35A60,
    0x35A60, 0x35A60, 0x35A60, 0x35A60, 0x35A60, 0x35A60, 0x35A60, 0x35A60,
    0x35A60, 0x35A60, 0x35A60, 0x35A60, 0x35A60, 0x35A60, 0x35A60, 0x35A60,
    0x35A60, 0x35A60, 0x35A60, 0x35A60, 0x35A60, 0x35A60, 0x35A60, 0x35A60,
    0x35A60, 0x35A60, 0x35A60, 0x35A60, 0x35A60, 0x35A60, 0x35A60, 0x35A60,
    0x35A60, 0x75CC60, 0x35A60, 0x35A60, 0x35A60, 0x35A60, 0x35A60, 0x35A60,
    0x35A60, 0x35A60, 0x35A60, 0x35A60, 0x50AF0, 0x50AF0, 0x35A60, 0x35A60,
    0x35A60, 0x35A60, 0x35A60, 0x35A60, 0x35A60, 0x35A60, 0x35A60, 0x35A60,
    0x35A60, 0x35A60, 0x35A60, 0x35A60, 0x803F40, 0x35A60, 0x75CBE0, 0x75CBF0,
    0x75CC10, 0x75CC40, 0x35A60, 0x35A60, 0x35A60, 0x35A60, 0x35A60, 0x35A60,
    0x35A60, 0x35A60, 0x35A60, 0x35A60, 0x35A60, 0x35A60, 0x35A60, 0x35A60,
    0x35A60, 0x35A60, 0x35A60, 0x35A60, 0x35A60, 0x75F0F0, 0x35A60, 0x35A60,
    0x35A60, 0x35A60, 0x35A60, 0x35A60, 0x35A60, 0x35A60, 0x75CC70, 0x35A60,
    0x35A60, 0x35A60, 0x35A60, 0x35A60, 0x2B5500, 0x2B5500, 0x35A60, 0x35A60,
    0x35A60, 0x35A60, 0x35A60, 0x35A60, 0x35A60, 0x35A60, 0x35A60, 0x35A60,
    0x35A60, 0x35A60, 0x35A60, 0x75CC10, 0x35A60, 0x35A60, 0x35A60, 0x50AF0,
    0x14C4E0, 0x803FA0, 0x35A60, 0x35A60
};

/* DelayedTrigger -172 vtable slot RVAs */
const UINT_PTR g_delayedTriggerVtableRVAs[172] = {
    0x476C0, 0x476B0, 0x475E0, 0x475D0, 0x50AF0, 0x4C610, 0x35A60, 0x75C5F0,
    0x35A60, 0x35A60, 0x35A60, 0x800350, 0x35A60, 0x35A60, 0x35A60, 0x35A60,
    0x35A60, 0x35A60, 0x35A60, 0x35A60, 0x35A60, 0x35A60, 0x35A60, 0x35A60,
    0x35A60, 0x75C5C0, 0x35A60, 0x35A60, 0x804220, 0x26BD0, 0x803960, 0x803860,
    0x803740, 0x7FFD80, 0x800290, 0x800300, 0x2B5500, 0x2B5500, 0x35A60, 0x35A60,
    0x8002D0, 0x2B5500, 0x35A60, 0x35A60, 0x35A60, 0x800310, 0x35A60, 0x35A60,
    0x35A60, 0x35A60, 0x35A60, 0x35A60, 0x35A60, 0x35A60, 0x35A60, 0x35A60,
    0x35A60, 0x35A60, 0x35A60, 0x35A60, 0x35A60, 0x35A60, 0x35A60, 0x35A60,
    0x35A60, 0x35A60, 0x35A60, 0x35A60, 0x35A60, 0x35A60, 0x35A60, 0x35A60,
    0x35A60, 0x35A60, 0x35A60, 0x35A60, 0x35A60, 0x35A60, 0x35A60, 0x35A60,
    0x35A60, 0x75CC60, 0x35A60, 0x35A60, 0x35A60, 0x35A60, 0x35A60, 0x35A60,
    0x35A60, 0x35A60, 0x35A60, 0x35A60, 0x50AF0, 0x50AF0, 0x35A60, 0x35A60,
    0x35A60, 0x35A60, 0x35A60, 0x35A60, 0x35A60, 0x35A60, 0x35A60, 0x35A60,
    0x35A60, 0x35A60, 0x35A60, 0x35A60, 0x803F40, 0x35A60, 0x75CBE0, 0x75CBF0,
    0x75CC10, 0x75CC40, 0x35A60, 0x35A60, 0x35A60, 0x35A60, 0x35A60, 0x35A60,
    0x35A60, 0x35A60, 0x35A60, 0x35A60, 0x35A60, 0x35A60, 0x35A60, 0x35A60,
    0x35A60, 0x35A60, 0x35A60, 0x35A60, 0x35A60, 0x75F0F0, 0x35A60, 0x35A60,
    0x35A60, 0x35A60, 0x35A60, 0x35A60, 0x35A60, 0x35A60, 0x75CC70, 0x35A60,
    0x35A60, 0x35A60, 0x35A60, 0x35A60, 0x2B5500, 0x2B5500, 0x35A60, 0x35A60,
    0x35A60, 0x35A60, 0x35A60, 0x35A60, 0x35A60, 0x35A60, 0x35A60, 0x35A60,
    0x35A60, 0x35A60, 0x35A60, 0x75CC10, 0x35A60, 0x35A60, 0x35A60, 0x50AF0,
    0x14C4E0, 0x803FA0, 0x35A60, 0x35A60
};

/* DemonicGlyph -172 vtable slot RVAs */
const UINT_PTR g_demonicGlyphVtableRVAs[172] = {
    0x568100, 0x5680F0, 0x568020, 0x568010, 0x50AF0, 0x71EE20, 0x35A60, 0x75C5F0,
    0x35A60, 0x208990, 0x35A60, 0x35A60, 0x35A60, 0x35A60, 0x35A60, 0x35A60,
    0x35A60, 0x35A60, 0x35A60, 0x35A60, 0x35A60, 0x35A60, 0x35A60, 0x35A60,
    0x35A60, 0x75C5C0, 0x35A60, 0x35A60, 0x7FC450, 0x26BD0, 0x803960, 0x803860,
    0x803740, 0x9BF90, 0x35A60, 0x35A60, 0x2B5500, 0x2B5500, 0x35A60, 0x35A60,
    0x35A60, 0x2B5500, 0x35A60, 0x35A60, 0x35A60, 0x35A60, 0x35A60, 0x35A60,
    0x35A60, 0x35A60, 0x35A60, 0x35A60, 0x35A60, 0x35A60, 0x35A60, 0x35A60,
    0x35A60, 0x35A60, 0x35A60, 0x35A60, 0x35A60, 0x35A60, 0x35A60, 0x35A60,
    0x35A60, 0x35A60, 0x35A60, 0x35A60, 0x35A60, 0x35A60, 0x35A60, 0x35A60,
    0x35A60, 0x35A60, 0x35A60, 0x35A60, 0x35A60, 0x35A60, 0x35A60, 0x35A60,
    0x35A60, 0x75CC60, 0x35A60, 0x35A60, 0x35A60, 0x35A60, 0x35A60, 0x35A60,
    0x35A60, 0x35A60, 0x35A60, 0x35A60, 0x50AF0, 0x50AF0, 0x35A60, 0x35A60,
    0x35A60, 0x35A60, 0x35A60, 0x35A60, 0x35A60, 0x35A60, 0x35A60, 0x35A60,
    0x35A60, 0x35A60, 0x35A60, 0x35A60, 0x803F40, 0x35A60, 0x75CBE0, 0x75CBF0,
    0x75CC10, 0x75CC40, 0x35A60, 0x35A60, 0x35A60, 0x35A60, 0x35A60, 0x35A60,
    0x35A60, 0x35A60, 0x35A60, 0x35A60, 0x35A60, 0x35A60, 0x35A60, 0x35A60,
    0x35A60, 0x35A60, 0x35A60, 0x35A60, 0x35A60, 0x75F0F0, 0x35A60, 0x35A60,
    0x35A60, 0x35A60, 0x35A60, 0x35A60, 0x35A60, 0x35A60, 0x75CC70, 0x35A60,
    0x35A60, 0x35A60, 0x35A60, 0x35A60, 0x2B5500, 0x2B5500, 0x35A60, 0x35A60,
    0x35A60, 0x35A60, 0x35A60, 0x35A60, 0x35A60, 0x35A60, 0x35A60, 0x35A60,
    0x35A60, 0x35A60, 0x35A60, 0x75CC10, 0x35A60, 0x35A60, 0x35A60, 0x50AF0,
    0x14C4E0, 0x803FA0, 0x35A60, 0x35A60
};

/* DemonicGlyph_Bite -172 vtable slot RVAs */
const UINT_PTR g_demonicGlyph_BiteVtableRVAs[172] = {
    0x567FB0, 0x567FA0, 0x567F20, 0x567F10, 0x50AF0, 0x71EEA0, 0x7FC4E0, 0x75C5F0,
    0x35A60, 0x208990, 0x35A60, 0x35A60, 0x35A60, 0x35A60, 0x35A60, 0x35A60,
    0x35A60, 0x35A60, 0x35A60, 0x35A60, 0x35A60, 0x35A60, 0x35A60, 0x35A60,
    0x35A60, 0x75C5C0, 0x35A60, 0x35A60, 0x7FC450, 0x26BD0, 0x803960, 0x803860,
    0x803740, 0x9BF90, 0x35A60, 0x35A60, 0x2B5500, 0x2B5500, 0x35A60, 0x35A60,
    0x35A60, 0x2B5500, 0x35A60, 0x35A60, 0x35A60, 0x35A60, 0x35A60, 0x35A60,
    0x35A60, 0x35A60, 0x35A60, 0x35A60, 0x35A60, 0x35A60, 0x35A60, 0x35A60,
    0x35A60, 0x35A60, 0x35A60, 0x35A60, 0x35A60, 0x35A60, 0x35A60, 0x35A60,
    0x35A60, 0x35A60, 0x35A60, 0x35A60, 0x35A60, 0x35A60, 0x35A60, 0x35A60,
    0x35A60, 0x35A60, 0x35A60, 0x35A60, 0x35A60, 0x35A60, 0x35A60, 0x35A60,
    0x35A60, 0x75CC60, 0x35A60, 0x35A60, 0x35A60, 0x35A60, 0x35A60, 0x35A60,
    0x35A60, 0x35A60, 0x35A60, 0x35A60, 0x50AF0, 0x50AF0, 0x35A60, 0x35A60,
    0x35A60, 0x35A60, 0x35A60, 0x35A60, 0x35A60, 0x35A60, 0x35A60, 0x35A60,
    0x35A60, 0x35A60, 0x35A60, 0x35A60, 0x803F40, 0x35A60, 0x75CBE0, 0x75CBF0,
    0x75CC10, 0x75CC40, 0x35A60, 0x35A60, 0x35A60, 0x35A60, 0x35A60, 0x35A60,
    0x35A60, 0x35A60, 0x35A60, 0x35A60, 0x35A60, 0x35A60, 0x35A60, 0x35A60,
    0x35A60, 0x35A60, 0x35A60, 0x35A60, 0x35A60, 0x75F0F0, 0x35A60, 0x35A60,
    0x35A60, 0x35A60, 0x35A60, 0x35A60, 0x35A60, 0x35A60, 0x75CC70, 0x35A60,
    0x35A60, 0x35A60, 0x35A60, 0x35A60, 0x2B5500, 0x2B5500, 0x35A60, 0x35A60,
    0x35A60, 0x35A60, 0x35A60, 0x35A60, 0x35A60, 0x35A60, 0x35A60, 0x35A60,
    0x35A60, 0x35A60, 0x35A60, 0x75CC10, 0x35A60, 0x35A60, 0x35A60, 0x50AF0,
    0x14C4E0, 0x803FA0, 0x35A60, 0x35A60
};

/* DemonicGlyph_Bounce -172 vtable slot RVAs */
const UINT_PTR g_demonicGlyph_BounceVtableRVAs[172] = {
    0x567B90, 0x567B80, 0x567B00, 0x567AF0, 0x50AF0, 0x71EF20, 0x35A60, 0x75C5F0,
    0x35A60, 0x208990, 0x35A60, 0x35A60, 0x35A60, 0x35A60, 0x35A60, 0x35A60,
    0x35A60, 0x35A60, 0x35A60, 0x35A60, 0x35A60, 0x35A60, 0x35A60, 0x35A60,
    0x35A60, 0x75C5C0, 0x35A60, 0x35A60, 0x7FC450, 0x26BD0, 0x803960, 0x803860,
    0x803740, 0x9BF90, 0x35A60, 0x35A60, 0x2B5500, 0x2B5500, 0x35A60, 0x35A60,
    0x35A60, 0x2B5500, 0x35A60, 0x35A60, 0x35A60, 0x35A60, 0x35A60, 0x35A60,
    0x35A60, 0x35A60, 0x35A60, 0x35A60, 0x35A60, 0x35A60, 0x35A60, 0x35A60,
    0x35A60, 0x35A60, 0x35A60, 0x35A60, 0x35A60, 0x35A60, 0x35A60, 0x35A60,
    0x35A60, 0x35A60, 0x35A60, 0x35A60, 0x35A60, 0x35A60, 0x35A60, 0x35A60,
    0x35A60, 0x35A60, 0x35A60, 0x35A60, 0x35A60, 0x35A60, 0x35A60, 0x35A60,
    0x35A60, 0x75CC60, 0x35A60, 0x35A60, 0x35A60, 0x35A60, 0x35A60, 0x35A60,
    0x35A60, 0x35A60, 0x35A60, 0x35A60, 0x50AF0, 0x50AF0, 0x35A60, 0x35A60,
    0x35A60, 0x35A60, 0x35A60, 0x35A60, 0x35A60, 0x35A60, 0x35A60, 0x35A60,
    0x35A60, 0x35A60, 0x35A60, 0x35A60, 0x803F40, 0x35A60, 0x75CBE0, 0x75CBF0,
    0x75CC10, 0x75CC40, 0x35A60, 0x35A60, 0x35A60, 0x35A60, 0x35A60, 0x35A60,
    0x35A60, 0x35A60, 0x35A60, 0x35A60, 0x35A60, 0x35A60, 0x35A60, 0x35A60,
    0x35A60, 0x35A60, 0x35A60, 0x35A60, 0x35A60, 0x75F0F0, 0x35A60, 0x35A60,
    0x35A60, 0x35A60, 0x35A60, 0x35A60, 0x35A60, 0x35A60, 0x75CC70, 0x35A60,
    0x35A60, 0x35A60, 0x35A60, 0x35A60, 0x2B5500, 0x2B5500, 0x35A60, 0x35A60,
    0x35A60, 0x35A60, 0x35A60, 0x35A60, 0x35A60, 0x35A60, 0x35A60, 0x35A60,
    0x35A60, 0x35A60, 0x35A60, 0x75CC10, 0x35A60, 0x35A60, 0x35A60, 0x50AF0,
    0x14C4E0, 0x803FA0, 0x35A60, 0x35A60
};

/* DemonicGlyph_Fire -172 vtable slot RVAs */
const UINT_PTR g_demonicGlyph_FireVtableRVAs[172] = {
    0x567EB0, 0x567EA0, 0x567E20, 0x567E10, 0x50AF0, 0x71EFA0, 0x35A60, 0x75C5F0,
    0x35A60, 0x208990, 0x35A60, 0x35A60, 0x35A60, 0x35A60, 0x35A60, 0x35A60,
    0x35A60, 0x35A60, 0x35A60, 0x35A60, 0x35A60, 0x35A60, 0x35A60, 0x35A60,
    0x35A60, 0x75C5C0, 0x35A60, 0x35A60, 0x7FC450, 0x26BD0, 0x803960, 0x803860,
    0x803740, 0x9BF90, 0x35A60, 0x35A60, 0x2B5500, 0x2B5500, 0x35A60, 0x35A60,
    0x35A60, 0x2B5500, 0x35A60, 0x35A60, 0x35A60, 0x35A60, 0x35A60, 0x35A60,
    0x35A60, 0x35A60, 0x35A60, 0x35A60, 0x35A60, 0x35A60, 0x35A60, 0x35A60,
    0x35A60, 0x35A60, 0x35A60, 0x35A60, 0x35A60, 0x35A60, 0x35A60, 0x35A60,
    0x35A60, 0x35A60, 0x35A60, 0x35A60, 0x35A60, 0x35A60, 0x35A60, 0x35A60,
    0x35A60, 0x35A60, 0x35A60, 0x35A60, 0x35A60, 0x35A60, 0x35A60, 0x35A60,
    0x35A60, 0x75CC60, 0x35A60, 0x35A60, 0x35A60, 0x35A60, 0x35A60, 0x35A60,
    0x35A60, 0x35A60, 0x35A60, 0x35A60, 0x50AF0, 0x50AF0, 0x35A60, 0x35A60,
    0x35A60, 0x35A60, 0x35A60, 0x35A60, 0x35A60, 0x35A60, 0x35A60, 0x35A60,
    0x35A60, 0x35A60, 0x35A60, 0x35A60, 0x803F40, 0x35A60, 0x75CBE0, 0x75CBF0,
    0x75CC10, 0x75CC40, 0x35A60, 0x35A60, 0x35A60, 0x35A60, 0x35A60, 0x35A60,
    0x35A60, 0x35A60, 0x35A60, 0x35A60, 0x35A60, 0x35A60, 0x35A60, 0x35A60,
    0x35A60, 0x35A60, 0x35A60, 0x35A60, 0x35A60, 0x75F0F0, 0x35A60, 0x35A60,
    0x35A60, 0x35A60, 0x35A60, 0x35A60, 0x35A60, 0x35A60, 0x75CC70, 0x35A60,
    0x35A60, 0x35A60, 0x35A60, 0x35A60, 0x2B5500, 0x2B5500, 0x35A60, 0x35A60,
    0x35A60, 0x35A60, 0x35A60, 0x35A60, 0x35A60, 0x35A60, 0x35A60, 0x35A60,
    0x35A60, 0x35A60, 0x35A60, 0x75CC10, 0x35A60, 0x35A60, 0x35A60, 0x50AF0,
    0x14C4E0, 0x803FA0, 0x35A60, 0x35A60
};

/* DemonicGlyph_Movement -172 vtable slot RVAs */
const UINT_PTR g_demonicGlyph_MovementVtableRVAs[172] = {
    0x567CA0, 0x567C90, 0x567C10, 0x567C00, 0x50AF0, 0x71F020, 0x35A60, 0x75C5F0,
    0x35A60, 0x208990, 0x35A60, 0x35A60, 0x35A60, 0x35A60, 0x35A60, 0x35A60,
    0x35A60, 0x35A60, 0x35A60, 0x35A60, 0x35A60, 0x35A60, 0x35A60, 0x35A60,
    0x35A60, 0x75C5C0, 0x35A60, 0x35A60, 0x7FC450, 0x26BD0, 0x803960, 0x803860,
    0x803740, 0x9BF90, 0x35A60, 0x35A60, 0x2B5500, 0x2B5500, 0x35A60, 0x35A60,
    0x35A60, 0x2B5500, 0x35A60, 0x35A60, 0x35A60, 0x35A60, 0x35A60, 0x35A60,
    0x35A60, 0x35A60, 0x35A60, 0x35A60, 0x35A60, 0x35A60, 0x35A60, 0x35A60,
    0x35A60, 0x35A60, 0x35A60, 0x35A60, 0x35A60, 0x35A60, 0x35A60, 0x35A60,
    0x35A60, 0x35A60, 0x35A60, 0x35A60, 0x35A60, 0x35A60, 0x35A60, 0x35A60,
    0x35A60, 0x35A60, 0x35A60, 0x35A60, 0x35A60, 0x35A60, 0x35A60, 0x35A60,
    0x35A60, 0x75CC60, 0x35A60, 0x35A60, 0x35A60, 0x35A60, 0x35A60, 0x35A60,
    0x35A60, 0x35A60, 0x35A60, 0x35A60, 0x50AF0, 0x50AF0, 0x35A60, 0x35A60,
    0x35A60, 0x35A60, 0x35A60, 0x35A60, 0x35A60, 0x35A60, 0x35A60, 0x35A60,
    0x35A60, 0x35A60, 0x35A60, 0x35A60, 0x803F40, 0x35A60, 0x75CBE0, 0x75CBF0,
    0x75CC10, 0x75CC40, 0x35A60, 0x35A60, 0x35A60, 0x35A60, 0x35A60, 0x35A60,
    0x35A60, 0x35A60, 0x35A60, 0x35A60, 0x35A60, 0x35A60, 0x35A60, 0x35A60,
    0x35A60, 0x35A60, 0x35A60, 0x35A60, 0x35A60, 0x75F0F0, 0x35A60, 0x35A60,
    0x35A60, 0x35A60, 0x35A60, 0x35A60, 0x35A60, 0x35A60, 0x75CC70, 0x35A60,
    0x35A60, 0x35A60, 0x35A60, 0x35A60, 0x2B5500, 0x2B5500, 0x35A60, 0x35A60,
    0x35A60, 0x35A60, 0x35A60, 0x35A60, 0x35A60, 0x35A60, 0x35A60, 0x35A60,
    0x35A60, 0x35A60, 0x35A60, 0x75CC10, 0x35A60, 0x35A60, 0x35A60, 0x50AF0,
    0x14C4E0, 0x803FA0, 0x35A60, 0x35A60
};

/* DemonicGlyph_Summon -172 vtable slot RVAs */
const UINT_PTR g_demonicGlyph_SummonVtableRVAs[172] = {
    0x567DA0, 0x567D90, 0x567D10, 0x567D00, 0x50AF0, 0x71F0A0, 0x7FC4E0, 0x75C5F0,
    0x35A60, 0x208990, 0x35A60, 0x35A60, 0x35A60, 0x35A60, 0x35A60, 0x35A60,
    0x35A60, 0x35A60, 0x35A60, 0x35A60, 0x35A60, 0x35A60, 0x35A60, 0x35A60,
    0x35A60, 0x75C5C0, 0x35A60, 0x35A60, 0x7FC450, 0x26BD0, 0x803960, 0x803860,
    0x803740, 0x9BF90, 0x35A60, 0x35A60, 0x2B5500, 0x2B5500, 0x35A60, 0x35A60,
    0x35A60, 0x2B5500, 0x35A60, 0x35A60, 0x35A60, 0x35A60, 0x35A60, 0x35A60,
    0x35A60, 0x35A60, 0x35A60, 0x35A60, 0x35A60, 0x35A60, 0x35A60, 0x35A60,
    0x35A60, 0x35A60, 0x35A60, 0x35A60, 0x35A60, 0x35A60, 0x35A60, 0x35A60,
    0x35A60, 0x35A60, 0x35A60, 0x35A60, 0x35A60, 0x35A60, 0x35A60, 0x35A60,
    0x35A60, 0x35A60, 0x35A60, 0x35A60, 0x35A60, 0x35A60, 0x35A60, 0x35A60,
    0x35A60, 0x75CC60, 0x35A60, 0x35A60, 0x35A60, 0x35A60, 0x35A60, 0x35A60,
    0x35A60, 0x35A60, 0x35A60, 0x35A60, 0x50AF0, 0x50AF0, 0x35A60, 0x35A60,
    0x35A60, 0x35A60, 0x35A60, 0x35A60, 0x35A60, 0x35A60, 0x35A60, 0x35A60,
    0x35A60, 0x35A60, 0x35A60, 0x35A60, 0x803F40, 0x35A60, 0x75CBE0, 0x75CBF0,
    0x75CC10, 0x75CC40, 0x35A60, 0x35A60, 0x35A60, 0x35A60, 0x35A60, 0x35A60,
    0x35A60, 0x35A60, 0x35A60, 0x35A60, 0x35A60, 0x35A60, 0x35A60, 0x35A60,
    0x35A60, 0x35A60, 0x35A60, 0x35A60, 0x35A60, 0x75F0F0, 0x35A60, 0x35A60,
    0x35A60, 0x35A60, 0x35A60, 0x35A60, 0x35A60, 0x35A60, 0x75CC70, 0x35A60,
    0x35A60, 0x35A60, 0x35A60, 0x35A60, 0x2B5500, 0x2B5500, 0x35A60, 0x35A60,
    0x35A60, 0x35A60, 0x35A60, 0x35A60, 0x35A60, 0x35A60, 0x35A60, 0x35A60,
    0x35A60, 0x35A60, 0x35A60, 0x75CC10, 0x35A60, 0x35A60, 0x35A60, 0x50AF0,
    0x14C4E0, 0x803FA0, 0x35A60, 0x35A60
};

/* DexterityUp -172 vtable slot RVAs */
const UINT_PTR g_dexterityUpVtableRVAs[172] = {
    0x564720, 0x564710, 0x564640, 0x564630, 0x50AF0, 0x71F120, 0x35A60, 0x75C5F0,
    0x35A60, 0x35A60, 0x35A60, 0x35A60, 0x35A60, 0x35A60, 0x35A60, 0x35A60,
    0x35A60, 0x35A60, 0x35A60, 0x35A60, 0x35A60, 0x35A60, 0x35A60, 0x35A60,
    0x35A60, 0x75C5C0, 0x35A60, 0x35A60, 0x804220, 0x26BD0, 0x803960, 0x803860,
    0x803740, 0x35A60, 0x35A60, 0x35A60, 0x2B5500, 0x2B5500, 0x35A60, 0x35A60,
    0x35A60, 0x2B5500, 0x35A60, 0x35A60, 0x35A60, 0x35A60, 0x35A60, 0x35A60,
    0x35A60, 0x35A60, 0x35A60, 0x35A60, 0x35A60, 0x35A60, 0x35A60, 0x35A60,
    0x35A60, 0x35A60, 0x35A60, 0x35A60, 0x35A60, 0x35A60, 0x35A60, 0x35A60,
    0x35A60, 0x35A60, 0x35A60, 0x35A60, 0x35A60, 0x35A60, 0x35A60, 0x35A60,
    0x35A60, 0x35A60, 0x35A60, 0x35A60, 0x35A60, 0x35A60, 0x35A60, 0x35A60,
    0x35A60, 0x75CC60, 0x89C8F0, 0x35A60, 0x35A60, 0x35A60, 0x35A60, 0x35A60,
    0x35A60, 0x35A60, 0x35A60, 0x35A60, 0x50AF0, 0x50AF0, 0x35A60, 0x35A60,
    0x35A60, 0x35A60, 0x35A60, 0x35A60, 0x35A60, 0x35A60, 0x35A60, 0x35A60,
    0x35A60, 0x35A60, 0x35A60, 0x35A60, 0x803F40, 0x35A60, 0x75CBE0, 0x75CBF0,
    0x75CC10, 0x75CC40, 0x35A60, 0x35A60, 0x35A60, 0x35A60, 0x35A60, 0x35A60,
    0x35A60, 0x35A60, 0x35A60, 0x35A60, 0x35A60, 0x35A60, 0x35A60, 0x35A60,
    0x35A60, 0x35A60, 0x35A60, 0x35A60, 0x35A60, 0x75F0F0, 0x35A60, 0x35A60,
    0x35A60, 0x35A60, 0x35A60, 0x35A60, 0x35A60, 0x35A60, 0x75CC70, 0x35A60,
    0x35A60, 0x35A60, 0x35A60, 0x35A60, 0x2B5500, 0x2B5500, 0x35A60, 0x35A60,
    0x35A60, 0x35A60, 0x35A60, 0x35A60, 0x35A60, 0x35A60, 0x35A60, 0x35A60,
    0x35A60, 0x35A60, 0x35A60, 0x75CC10, 0x35A60, 0x35A60, 0x35A60, 0x50AF0,
    0x14C4E0, 0x803FA0, 0x35A60, 0x35A60
};

/* DiminishingHealthRegen -172 vtable slot RVAs */
const UINT_PTR g_diminishingHealthRegenVtableRVAs[172] = {
    0x59D030, 0x59D020, 0x59CF50, 0x59CF40, 0x50AF0, 0x71F1A0, 0x35A60, 0x75C5F0,
    0x35A60, 0x35A60, 0x35A60, 0x9F170, 0x35A60, 0x35A60, 0x35A60, 0x35A60,
    0x35A60, 0x35A60, 0x35A60, 0x35A60, 0x35A60, 0x35A60, 0x35A60, 0x35A60,
    0x35A60, 0x75C5C0, 0x35A60, 0x35A60, 0x804220, 0x26BD0, 0x803960, 0x803860,
    0x803740, 0x35A60, 0x35A60, 0x9F150, 0x2B5500, 0x2B5500, 0x35A60, 0x35A60,
    0x35A60, 0x2B5500, 0x35A60, 0x35A60, 0x35A60, 0x35A60, 0x35A60, 0x35A60,
    0x35A60, 0x35A60, 0x35A60, 0x35A60, 0x35A60, 0x35A60, 0x35A60, 0x35A60,
    0x35A60, 0x35A60, 0x35A60, 0x35A60, 0x35A60, 0x35A60, 0x35A60, 0x35A60,
    0x35A60, 0x35A60, 0x35A60, 0x35A60, 0x35A60, 0x35A60, 0x35A60, 0x35A60,
    0x35A60, 0x35A60, 0x35A60, 0x35A60, 0x35A60, 0x35A60, 0x35A60, 0x35A60,
    0x35A60, 0x75CC60, 0x35A60, 0x9F160, 0x35A60, 0x35A60, 0x35A60, 0x35A60,
    0x35A60, 0x35A60, 0x35A60, 0x35A60, 0x50AF0, 0x50AF0, 0x35A60, 0x35A60,
    0x35A60, 0x35A60, 0x35A60, 0x35A60, 0x35A60, 0x35A60, 0x35A60, 0x35A60,
    0x35A60, 0x35A60, 0x35A60, 0x35A60, 0x803F40, 0x35A60, 0x75CBE0, 0x75CBF0,
    0x75CC10, 0x75CC40, 0x35A60, 0x35A60, 0x35A60, 0x35A60, 0x35A60, 0x35A60,
    0x35A60, 0x35A60, 0x35A60, 0x35A60, 0x35A60, 0x35A60, 0x35A60, 0x35A60,
    0x35A60, 0x35A60, 0x35A60, 0x35A60, 0x35A60, 0x75F0F0, 0x35A60, 0x35A60,
    0x35A60, 0x35A60, 0x35A60, 0x35A60, 0x35A60, 0x35A60, 0x75CC70, 0x35A60,
    0x35A60, 0x35A60, 0x35A60, 0x35A60, 0x2B5500, 0x2B5500, 0x35A60, 0x35A60,
    0x35A60, 0x35A60, 0x35A60, 0x35A60, 0x35A60, 0x35A60, 0x35A60, 0x35A60,
    0x35A60, 0x35A60, 0x35A60, 0x75CC10, 0x35A60, 0x35A60, 0x35A60, 0x50AF0,
    0x14C4E0, 0x803FA0, 0x35A60, 0x35A60
};

/* DisableTrample -172 vtable slot RVAs */
const UINT_PTR g_disableTrampleVtableRVAs[172] = {
    0x55B160, 0x55B150, 0x55B080, 0x55B070, 0x50AF0, 0x71F220, 0x35A60, 0x75C5F0,
    0x35A60, 0x35A60, 0x35A60, 0x35A60, 0x35A60, 0x35A60, 0x35A60, 0x35A60,
    0x35A60, 0x35A60, 0x35A60, 0x35A60, 0x35A60, 0x35A60, 0x35A60, 0x35A60,
    0x35A60, 0x75C5C0, 0x35A60, 0x35A60, 0x804220, 0x26BD0, 0x803960, 0x803860,
    0x803740, 0x8C6BD0, 0x35A60, 0x35A60, 0x2B5500, 0x2B5500, 0x35A60, 0x35A60,
    0x35A60, 0x2B5500, 0x35A60, 0x35A60, 0x35A60, 0x8C6C90, 0x35A60, 0x35A60,
    0x35A60, 0x35A60, 0x35A60, 0x35A60, 0x35A60, 0x35A60, 0x35A60, 0x35A60,
    0x35A60, 0x35A60, 0x35A60, 0x35A60, 0x35A60, 0x35A60, 0x35A60, 0x35A60,
    0x35A60, 0x35A60, 0x35A60, 0x35A60, 0x35A60, 0x35A60, 0x35A60, 0x35A60,
    0x35A60, 0x35A60, 0x35A60, 0x35A60, 0x35A60, 0x35A60, 0x35A60, 0x35A60,
    0x35A60, 0x75CC60, 0x35A60, 0x35A60, 0x35A60, 0x35A60, 0x35A60, 0x35A60,
    0x35A60, 0x35A60, 0x35A60, 0x35A60, 0x50AF0, 0x50AF0, 0x35A60, 0x35A60,
    0x35A60, 0x35A60, 0x35A60, 0x35A60, 0x35A60, 0x35A60, 0x35A60, 0x35A60,
    0x35A60, 0x35A60, 0x35A60, 0x35A60, 0x803F40, 0x35A60, 0x75CBE0, 0x75CBF0,
    0x75CC10, 0x75CC40, 0x35A60, 0x35A60, 0x35A60, 0x35A60, 0x35A60, 0x35A60,
    0x35A60, 0x35A60, 0x35A60, 0x35A60, 0x35A60, 0x35A60, 0x35A60, 0x35A60,
    0x35A60, 0x35A60, 0x35A60, 0x35A60, 0x35A60, 0x75F0F0, 0x35A60, 0x35A60,
    0x35A60, 0x35A60, 0x35A60, 0x35A60, 0x35A60, 0x35A60, 0x75CC70, 0x35A60,
    0x35A60, 0x35A60, 0x35A60, 0x35A60, 0x2B5500, 0x2B5500, 0x35A60, 0x35A60,
    0x35A60, 0x35A60, 0x35A60, 0x35A60, 0x35A60, 0x35A60, 0x35A60, 0x35A60,
    0x35A60, 0x35A60, 0x35A60, 0x75CC10, 0x35A60, 0x35A60, 0x35A60, 0x50AF0,
    0x14C4E0, 0x803FA0, 0x35A60, 0x35A60
};

/* DisableWeapon -172 vtable slot RVAs */
const UINT_PTR g_disableWeaponVtableRVAs[172] = {
    0x59ADE0, 0x59ADD0, 0x59AD00, 0x59ACF0, 0x50AF0, 0x71F2A0, 0x35A60, 0x75C5F0,
    0x35A60, 0x35A60, 0x35A60, 0x35A60, 0x35A60, 0x35A60, 0x35A60, 0x35A60,
    0x35A60, 0x35A60, 0x35A60, 0x35A60, 0x35A60, 0x35A60, 0x35A60, 0x35A60,
    0x35A60, 0x75C5C0, 0x35A60, 0x35A60, 0x804220, 0x26BD0, 0x803960, 0x803860,
    0x803740, 0x35A60, 0x35A60, 0x35A60, 0x2B5500, 0x2B5500, 0x35A60, 0x35A60,
    0x35A60, 0x2B5500, 0x35A60, 0x35A60, 0x35A60, 0x35A60, 0x35A60, 0x35A60,
    0x35A60, 0x35A60, 0x35A60, 0x35A60, 0x35A60, 0x35A60, 0x35A60, 0x35A60,
    0x35A60, 0x35A60, 0x35A60, 0x35A60, 0x35A60, 0x35A60, 0x35A60, 0x35A60,
    0x35A60, 0x35A60, 0x35A60, 0x35A60, 0x35A60, 0x35A60, 0x35A60, 0x35A60,
    0x35A60, 0x35A60, 0x35A60, 0x35A60, 0x35A60, 0x35A60, 0x35A60, 0x35A60,
    0x35A60, 0x75CC60, 0x35A60, 0x35A60, 0x35A60, 0x35A60, 0x35A60, 0x35A60,
    0x35A60, 0xB2250, 0x35A60, 0x35A60, 0x50AF0, 0x50AF0, 0x35A60, 0x35A60,
    0x35A60, 0x35A60, 0x35A60, 0x35A60, 0x35A60, 0x35A60, 0x35A60, 0x35A60,
    0x35A60, 0x35A60, 0x35A60, 0x35A60, 0x803F40, 0x35A60, 0x75CBE0, 0x75CBF0,
    0x75CC10, 0x75CC40, 0x35A60, 0x35A60, 0x35A60, 0x35A60, 0x35A60, 0x35A60,
    0x35A60, 0x35A60, 0x35A60, 0x35A60, 0x35A60, 0x35A60, 0x35A60, 0x35A60,
    0x35A60, 0x35A60, 0x35A60, 0x35A60, 0x35A60, 0x75F0F0, 0x35A60, 0x35A60,
    0x35A60, 0x35A60, 0x35A60, 0x35A60, 0x35A60, 0x35A60, 0x75CC70, 0x35A60,
    0x35A60, 0x35A60, 0x35A60, 0x35A60, 0x2B5500, 0x2B5500, 0x35A60, 0x35A60,
    0x35A60, 0x35A60, 0x35A60, 0x35A60, 0x35A60, 0x35A60, 0x35A60, 0x35A60,
    0x35A60, 0x35A60, 0x35A60, 0x75CC10, 0x35A60, 0x35A60, 0x35A60, 0x50AF0,
    0x14C4E0, 0x803FA0, 0x35A60, 0x35A60
};

/* Disguised -172 vtable slot RVAs */
const UINT_PTR g_disguisedVtableRVAs[172] = {
    0x569450, 0x569440, 0x569370, 0x569360, 0x50AF0, 0x71F320, 0x35A60, 0x75C5F0,
    0x35A60, 0x35A60, 0x35A60, 0x7F3270, 0x35A60, 0x35A60, 0x35A60, 0x35A60,
    0x35A60, 0x35A60, 0x35A60, 0x35A60, 0x35A60, 0x35A60, 0x35A60, 0x35A60,
    0x35A60, 0x75C5C0, 0x35A60, 0x35A60, 0x804220, 0x26BD0, 0x803960, 0x803860,
    0x803740, 0x7F2E80, 0x7F3250, 0x35A60, 0x2B5500, 0x2B5500, 0x35A60, 0x35A60,
    0x35A60, 0x2B5500, 0x35A60, 0x35A60, 0x35A60, 0x7F3380, 0x35A60, 0x35A60,
    0x35A60, 0x35A60, 0x35A60, 0x35A60, 0x35A60, 0x35A60, 0x35A60, 0x35A60,
    0x35A60, 0x35A60, 0x35A60, 0x35A60, 0x35A60, 0x35A60, 0x35A60, 0x35A60,
    0x35A60, 0x35A60, 0x35A60, 0x7F3470, 0x35A60, 0x35A60, 0x35A60, 0x35A60,
    0x35A60, 0x35A60, 0x35A60, 0x35A60, 0x35A60, 0x35A60, 0x35A60, 0x35A60,
    0x35A60, 0x75CC60, 0x35A60, 0x7F3490, 0x35A60, 0x35A60, 0x35A60, 0x35A60,
    0x35A60, 0x35A60, 0x35A60, 0x35A60, 0x50AF0, 0x50AF0, 0x35A60, 0x35A60,
    0x35A60, 0x35A60, 0x35A60, 0x35A60, 0x35A60, 0x35A60, 0x35A60, 0x35A60,
    0x35A60, 0x35A60, 0x35A60, 0x35A60, 0x803F40, 0x35A60, 0x75CBE0, 0x75CBF0,
    0x75CC10, 0x75CC40, 0x35A60, 0x35A60, 0x35A60, 0x35A60, 0x35A60, 0x35A60,
    0x35A60, 0x35A60, 0x35A60, 0x35A60, 0x35A60, 0x35A60, 0x35A60, 0x35A60,
    0x35A60, 0x35A60, 0x35A60, 0x35A60, 0x35A60, 0x75F0F0, 0x35A60, 0x35A60,
    0x35A60, 0x35A60, 0x35A60, 0x35A60, 0x35A60, 0x35A60, 0x75CC70, 0x35A60,
    0x35A60, 0x35A60, 0x35A60, 0x35A60, 0x2B5500, 0x2B5500, 0x35A60, 0x35A60,
    0x35A60, 0x35A60, 0x35A60, 0x35A60, 0x35A60, 0x35A60, 0x35A60, 0x35A60,
    0x35A60, 0x35A60, 0x35A60, 0x75CC10, 0x35A60, 0x35A60, 0x35A60, 0x50AF0,
    0x14C4E0, 0x803FA0, 0x35A60, 0x35A60
};

/* Dodge -172 vtable slot RVAs */
const UINT_PTR g_dodgeVtableRVAs[172] = {
    0x5A1560, 0x5A1550, 0x5A1480, 0x5A1470, 0x50AF0, 0x71F3A0, 0x35A60, 0x75C5F0,
    0x35A60, 0x35A60, 0x35A60, 0x35A60, 0x35A60, 0x35A60, 0x35A60, 0x35A60,
    0x35A60, 0x35A60, 0x35A60, 0x35A60, 0x35A60, 0x35A60, 0x35A60, 0x35A60,
    0x35A60, 0x75C5C0, 0x35A60, 0x35A60, 0x804220, 0x26BD0, 0x803960, 0x803860,
    0x803740, 0x7F930, 0x35A60, 0x35A60, 0x2B5500, 0x2B5500, 0x35A60, 0x35A60,
    0x35A60, 0x2B5500, 0x35A60, 0x35A60, 0x35A60, 0x35A60, 0x35A60, 0x35A60,
    0x35A60, 0x35A60, 0x35A60, 0x35A60, 0x35A60, 0x35A60, 0x35A60, 0x35A60,
    0x35A60, 0x35A60, 0x35A60, 0x35A60, 0x35A60, 0x98020, 0x35A60, 0x35A60,
    0x35A60, 0x35A60, 0x35A60, 0x35A60, 0x35A60, 0x35A60, 0x35A60, 0x35A60,
    0x35A60, 0x35A60, 0x35A60, 0x35A60, 0x35A60, 0x35A60, 0x35A60, 0x35A60,
    0x35A60, 0x75CC60, 0x35A60, 0x35A60, 0x35A60, 0x35A60, 0x35A60, 0x35A60,
    0x35A60, 0x35A60, 0x35A60, 0x35A60, 0x50AF0, 0x50AF0, 0x35A60, 0x35A60,
    0x35A60, 0x35A60, 0x35A60, 0x35A60, 0x35A60, 0x35A60, 0x35A60, 0x35A60,
    0x35A60, 0x35A60, 0x35A60, 0x35A60, 0x803F40, 0x35A60, 0x75CBE0, 0x75CBF0,
    0x75CC10, 0x75CC40, 0x35A60, 0x35A60, 0x35A60, 0x35A60, 0x35A60, 0x35A60,
    0x35A60, 0x35A60, 0x35A60, 0x35A60, 0x35A60, 0x35A60, 0x35A60, 0x35A60,
    0x35A60, 0x35A60, 0x35A60, 0x35A60, 0x35A60, 0x75F0F0, 0x35A60, 0x35A60,
    0x35A60, 0x35A60, 0x35A60, 0x35A60, 0x35A60, 0x35A60, 0x75CC70, 0x35A60,
    0x35A60, 0x35A60, 0x35A60, 0x35A60, 0x2B5500, 0x2B5500, 0x35A60, 0x35A60,
    0x35A60, 0x35A60, 0x35A60, 0x35A60, 0x35A60, 0x35A60, 0x35A60, 0x35A60,
    0x35A60, 0x35A60, 0x35A60, 0x75CC10, 0x35A60, 0x35A60, 0x35A60, 0x50AF0,
    0x14C4E0, 0x803FA0, 0x35A60, 0x35A60
};

/* DodgeChance_Status -172 vtable slot RVAs */
const UINT_PTR g_dodgeChance_StatusVtableRVAs[172] = {
    0x59CEE0, 0x59CED0, 0x59CE00, 0x59CDF0, 0x50AF0, 0x71F420, 0x35A60, 0x75C5F0,
    0x35A60, 0x35A60, 0x35A60, 0x35A60, 0x35A60, 0x35A60, 0x35A60, 0x35A60,
    0x35A60, 0x35A60, 0x35A60, 0x35A60, 0x35A60, 0x35A60, 0x35A60, 0x35A60,
    0x35A60, 0x75C5C0, 0x35A60, 0x35A60, 0x804220, 0x26BD0, 0x803960, 0x803860,
    0x803740, 0x35A60, 0x35A60, 0x35A60, 0x2B5500, 0x2B5500, 0x35A60, 0x35A60,
    0x35A60, 0x2B5500, 0x35A60, 0x35A60, 0x35A60, 0x35A60, 0x35A60, 0x35A60,
    0x35A60, 0x35A60, 0x35A60, 0x35A60, 0x35A60, 0x35A60, 0x35A60, 0x35A60,
    0x35A60, 0x35A60, 0x35A60, 0x35A60, 0x35A60, 0x35A60, 0x35A60, 0x9F1D0,
    0x35A60, 0x35A60, 0x35A60, 0x35A60, 0x35A60, 0x35A60, 0x35A60, 0x35A60,
    0x35A60, 0x35A60, 0x35A60, 0x35A60, 0x35A60, 0x35A60, 0x35A60, 0x35A60,
    0x35A60, 0x75CC60, 0x35A60, 0x35A60, 0x35A60, 0x35A60, 0x35A60, 0x35A60,
    0x35A60, 0x35A60, 0x35A60, 0x35A60, 0x50AF0, 0x50AF0, 0x35A60, 0x35A60,
    0x35A60, 0x35A60, 0x35A60, 0x35A60, 0x35A60, 0x35A60, 0x35A60, 0x35A60,
    0x35A60, 0x35A60, 0x35A60, 0x35A60, 0x803F40, 0x35A60, 0x75CBE0, 0x75CBF0,
    0x75CC10, 0x75CC40, 0x35A60, 0x35A60, 0x35A60, 0x35A60, 0x35A60, 0x35A60,
    0x35A60, 0x35A60, 0x35A60, 0x35A60, 0x35A60, 0x35A60, 0x35A60, 0x35A60,
    0x35A60, 0x35A60, 0x35A60, 0x35A60, 0x35A60, 0x75F0F0, 0x35A60, 0x35A60,
    0x35A60, 0x35A60, 0x35A60, 0x35A60, 0x35A60, 0x35A60, 0x75CC70, 0x35A60,
    0x35A60, 0x35A60, 0x35A60, 0x35A60, 0x2B5500, 0x2B5500, 0x35A60, 0x35A60,
    0x35A60, 0x35A60, 0x35A60, 0x35A60, 0x35A60, 0x35A60, 0x35A60, 0x35A60,
    0x35A60, 0x35A60, 0x35A60, 0x75CC10, 0x35A60, 0x35A60, 0x35A60, 0x50AF0,
    0x14C4E0, 0x803FA0, 0x35A60, 0x35A60
};

/* Doomed -172 vtable slot RVAs */
const UINT_PTR g_doomedVtableRVAs[172] = {
    0x59D520, 0x59D510, 0x59D440, 0x59D430, 0x50AF0, 0x71F4A0, 0x35A60, 0x75C5F0,
    0x35A60, 0x35A60, 0x35A60, 0x35A60, 0x35A60, 0x35A60, 0x35A60, 0x35A60,
    0x35A60, 0x35A60, 0x35A60, 0x35A60, 0x35A60, 0x35A60, 0x35A60, 0x35A60,
    0x35A60, 0x75C5C0, 0x35A60, 0x35A60, 0x804220, 0x26BD0, 0x803960, 0x803860,
    0x803740, 0x35A60, 0x35A60, 0x35A60, 0x2B5500, 0x9EEB0, 0x35A60, 0x35A60,
    0x35A60, 0x2B5500, 0x35A60, 0x35A60, 0x35A60, 0x35A60, 0x35A60, 0x35A60,
    0x35A60, 0x35A60, 0x35A60, 0x35A60, 0x35A60, 0x35A60, 0x35A60, 0x35A60,
    0x35A60, 0x35A60, 0x35A60, 0x35A60, 0x35A60, 0x35A60, 0x35A60, 0x35A60,
    0x35A60, 0x35A60, 0x35A60, 0x35A60, 0x35A60, 0x35A60, 0x35A60, 0x35A60,
    0x35A60, 0x35A60, 0x35A60, 0x35A60, 0x35A60, 0x35A60, 0x35A60, 0x35A60,
    0x35A60, 0x75CC60, 0x35A60, 0x35A60, 0x35A60, 0x35A60, 0x35A60, 0x35A60,
    0x35A60, 0x35A60, 0x35A60, 0x35A60, 0x50AF0, 0x50AF0, 0x35A60, 0x35A60,
    0x35A60, 0x35A60, 0x35A60, 0x35A60, 0x35A60, 0x35A60, 0x35A60, 0x35A60,
    0x35A60, 0x35A60, 0x35A60, 0x35A60, 0x803F40, 0x35A60, 0x75CBE0, 0x75CBF0,
    0x75CC10, 0x75CC40, 0x35A60, 0x35A60, 0x35A60, 0x35A60, 0x35A60, 0x35A60,
    0x35A60, 0x35A60, 0x35A60, 0x35A60, 0x35A60, 0x35A60, 0x35A60, 0x35A60,
    0x35A60, 0x35A60, 0x35A60, 0x35A60, 0x35A60, 0x75F0F0, 0x35A60, 0x35A60,
    0x35A60, 0x35A60, 0x35A60, 0x35A60, 0x35A60, 0x35A60, 0x75CC70, 0x35A60,
    0x35A60, 0x35A60, 0x35A60, 0x35A60, 0x2B5500, 0x2B5500, 0x35A60, 0x35A60,
    0x35A60, 0x35A60, 0x35A60, 0x35A60, 0x35A60, 0x35A60, 0x35A60, 0x35A60,
    0x35A60, 0x35A60, 0x35A60, 0x75CC10, 0x35A60, 0x35A60, 0x35A60, 0x50AF0,
    0x14C4E0, 0x803FA0, 0x35A60, 0x35A60
};

/* DoubleCast -172 vtable slot RVAs */
const UINT_PTR g_doubleCastVtableRVAs[172] = {
    0x5A01B0, 0x5A01A0, 0x5A00D0, 0x5A00C0, 0x50AF0, 0x71F520, 0x35A60, 0x75C5F0,
    0x35A60, 0x35A60, 0x35A60, 0x35A60, 0x35A60, 0x35A60, 0x35A60, 0x35A60,
    0x35A60, 0x35A60, 0x35A60, 0x35A60, 0x35A60, 0x35A60, 0x35A60, 0x35A60,
    0x35A60, 0x75C5C0, 0x35A60, 0x35A60, 0x804220, 0x26BD0, 0x803960, 0x803860,
    0x803740, 0x7E220, 0x35A60, 0x35A60, 0x2B5500, 0x2B5500, 0x35A60, 0x35A60,
    0x35A60, 0x2B5500, 0x35A60, 0x35A60, 0x35A60, 0x35A60, 0x35A60, 0x35A60,
    0x35A60, 0x35A60, 0x35A60, 0x35A60, 0x35A60, 0x35A60, 0x35A60, 0x35A60,
    0x9A560, 0x9A5D0, 0x35A60, 0x35A60, 0x35A60, 0x35A60, 0x35A60, 0x35A60,
    0x35A60, 0x35A60, 0x35A60, 0x35A60, 0x35A60, 0x35A60, 0x35A60, 0x35A60,
    0x35A60, 0x35A60, 0x35A60, 0x35A60, 0x35A60, 0x35A60, 0x35A60, 0x35A60,
    0x35A60, 0x75CC60, 0x35A60, 0x35A60, 0x35A60, 0x35A60, 0x35A60, 0x35A60,
    0x35A60, 0x35A60, 0x35A60, 0x35A60, 0x50AF0, 0x50AF0, 0x35A60, 0x35A60,
    0x35A60, 0x35A60, 0x35A60, 0x35A60, 0x35A60, 0x35A60, 0x35A60, 0x35A60,
    0x35A60, 0x35A60, 0x35A60, 0x35A60, 0x803F40, 0x35A60, 0x75CBE0, 0x75CBF0,
    0x75CC10, 0x75CC40, 0x35A60, 0x35A60, 0x35A60, 0x35A60, 0x35A60, 0x35A60,
    0x35A60, 0x35A60, 0x35A60, 0x35A60, 0x35A60, 0x35A60, 0x35A60, 0x35A60,
    0x35A60, 0x35A60, 0x35A60, 0x35A60, 0x35A60, 0x75F0F0, 0x35A60, 0x35A60,
    0x35A60, 0x35A60, 0x35A60, 0x35A60, 0x35A60, 0x35A60, 0x75CC70, 0x35A60,
    0x35A60, 0x35A60, 0x35A60, 0x35A60, 0x2B5500, 0x2B5500, 0x35A60, 0x35A60,
    0x35A60, 0x35A60, 0x35A60, 0x35A60, 0x35A60, 0x35A60, 0x35A60, 0x35A60,
    0x35A60, 0x35A60, 0x35A60, 0x75CC10, 0x35A60, 0x35A60, 0x35A60, 0x50AF0,
    0x14C4E0, 0x803FA0, 0x35A60, 0x35A60
};

/* DoubleCastSpell -172 vtable slot RVAs */
const UINT_PTR g_doubleCastSpellVtableRVAs[172] = {
    0x5A0070, 0x5A0060, 0x59FFE0, 0x59FFD0, 0x50AF0, 0x71F5E0, 0x35A60, 0x75C5F0,
    0x35A60, 0x35A60, 0x35A60, 0x35A60, 0x35A60, 0x35A60, 0x35A60, 0x35A60,
    0x35A60, 0x35A60, 0x35A60, 0x35A60, 0x35A60, 0x35A60, 0x35A60, 0x35A60,
    0x35A60, 0x75C5C0, 0x35A60, 0x35A60, 0x804220, 0x26BD0, 0x803960, 0x803860,
    0x803740, 0x7E220, 0x35A60, 0x35A60, 0x2B5500, 0x2B5500, 0x35A60, 0x35A60,
    0x35A60, 0x2B5500, 0x35A60, 0x35A60, 0x35A60, 0x35A60, 0x35A60, 0x35A60,
    0x35A60, 0x35A60, 0x35A60, 0x35A60, 0x35A60, 0x35A60, 0x35A60, 0x35A60,
    0x9A850, 0x9A5D0, 0x35A60, 0x35A60, 0x35A60, 0x35A60, 0x35A60, 0x35A60,
    0x35A60, 0x35A60, 0x35A60, 0x35A60, 0x35A60, 0x35A60, 0x35A60, 0x35A60,
    0x35A60, 0x35A60, 0x35A60, 0x35A60, 0x35A60, 0x35A60, 0x35A60, 0x35A60,
    0x35A60, 0x75CC60, 0x35A60, 0x35A60, 0x35A60, 0x35A60, 0x35A60, 0x35A60,
    0x35A60, 0x35A60, 0x35A60, 0x35A60, 0x50AF0, 0x50AF0, 0x35A60, 0x35A60,
    0x35A60, 0x35A60, 0x35A60, 0x35A60, 0x35A60, 0x35A60, 0x35A60, 0x35A60,
    0x35A60, 0x35A60, 0x35A60, 0x35A60, 0x803F40, 0x35A60, 0x75CBE0, 0x75CBF0,
    0x75CC10, 0x75CC40, 0x35A60, 0x35A60, 0x35A60, 0x35A60, 0x35A60, 0x35A60,
    0x35A60, 0x35A60, 0x35A60, 0x35A60, 0x35A60, 0x35A60, 0x35A60, 0x35A60,
    0x35A60, 0x35A60, 0x35A60, 0x35A60, 0x35A60, 0x75F0F0, 0x35A60, 0x35A60,
    0x35A60, 0x35A60, 0x35A60, 0x35A60, 0x35A60, 0x35A60, 0x75CC70, 0x35A60,
    0x35A60, 0x35A60, 0x35A60, 0x35A60, 0x2B5500, 0x2B5500, 0x35A60, 0x35A60,
    0x35A60, 0x35A60, 0x35A60, 0x35A60, 0x35A60, 0x35A60, 0x35A60, 0x35A60,
    0x35A60, 0x35A60, 0x35A60, 0x75CC10, 0x35A60, 0x35A60, 0x35A60, 0x50AF0,
    0x14C4E0, 0x803FA0, 0x35A60, 0x35A60
};

/* DoubleCastSpellsEachTurn_Status -172 vtable slot RVAs */
const UINT_PTR g_doubleCastSpellsEachTurn_StatusVtableRVAs[172] = {
    0x577230, 0x577220, 0x577150, 0x577140, 0x50AF0, 0x71F680, 0x35A60, 0x75C5F0,
    0x35A60, 0x35A60, 0x35A60, 0x35A60, 0x35A60, 0x35A60, 0x35A60, 0x35A60,
    0x35A60, 0x35A60, 0x35A60, 0x35A60, 0x35A60, 0x35A60, 0x35A60, 0x35A60,
    0x35A60, 0x75C5C0, 0x35A60, 0x35A60, 0x804220, 0x26BD0, 0x803960, 0x803860,
    0x803740, 0x35A60, 0x264240, 0x35A60, 0x2B5500, 0x2B5500, 0x35A60, 0x35A60,
    0x35A60, 0x2B5500, 0x35A60, 0x35A60, 0x35A60, 0x35A60, 0x35A60, 0x35A60,
    0x35A60, 0x35A60, 0x35A60, 0x35A60, 0x35A60, 0x35A60, 0x35A60, 0x35A60,
    0x35A60, 0x35A60, 0x35A60, 0x35A60, 0x35A60, 0x35A60, 0x35A60, 0x35A60,
    0x35A60, 0x35A60, 0x35A60, 0x35A60, 0x35A60, 0x35A60, 0x35A60, 0x35A60,
    0x35A60, 0x35A60, 0x35A60, 0x35A60, 0x35A60, 0x35A60, 0x35A60, 0x35A60,
    0x35A60, 0x75CC60, 0x35A60, 0x35A60, 0x35A60, 0x35A60, 0x35A60, 0x35A60,
    0x35A60, 0x35A60, 0x35A60, 0x35A60, 0x50AF0, 0x50AF0, 0x35A60, 0x35A60,
    0x35A60, 0x35A60, 0x35A60, 0x35A60, 0x35A60, 0x35A60, 0x35A60, 0x35A60,
    0x35A60, 0x35A60, 0x35A60, 0x35A60, 0x803F40, 0x35A60, 0x75CBE0, 0x75CBF0,
    0x75CC10, 0x75CC40, 0x35A60, 0x35A60, 0x35A60, 0x35A60, 0x35A60, 0x35A60,
    0x35A60, 0x35A60, 0x35A60, 0x35A60, 0x35A60, 0x35A60, 0x35A60, 0x35A60,
    0x35A60, 0x35A60, 0x35A60, 0x35A60, 0x35A60, 0x75F0F0, 0x35A60, 0x35A60,
    0x35A60, 0x35A60, 0x35A60, 0x35A60, 0x35A60, 0x35A60, 0x75CC70, 0x35A60,
    0x35A60, 0x35A60, 0x35A60, 0x35A60, 0x2B5500, 0x2B5500, 0x35A60, 0x35A60,
    0x35A60, 0x35A60, 0x35A60, 0x35A60, 0x35A60, 0x35A60, 0x35A60, 0x35A60,
    0x35A60, 0x35A60, 0x35A60, 0x75CC10, 0x35A60, 0x35A60, 0x35A60, 0x50AF0,
    0x14C4E0, 0x803FA0, 0x35A60, 0x35A60
};

/* DoubleCastSpellThisTurn -172 vtable slot RVAs */
const UINT_PTR g_doubleCastSpellThisTurnVtableRVAs[172] = {
    0x59FF60, 0x59FF50, 0x59FED0, 0x59FEC0, 0x50AF0, 0x71F630, 0x35A60, 0x75C5F0,
    0x35A60, 0x35A60, 0x35A60, 0x35A60, 0x35A60, 0x35A60, 0x35A60, 0x35A60,
    0x35A60, 0x35A60, 0x35A60, 0x35A60, 0x35A60, 0x35A60, 0x35A60, 0x35A60,
    0x35A60, 0x75C5C0, 0x35A60, 0x35A60, 0x804220, 0x26BD0, 0x803960, 0x803860,
    0x803740, 0x7E220, 0x35A60, 0x977D0, 0x2B5500, 0x2B5500, 0x35A60, 0x35A60,
    0x35A60, 0x2B5500, 0x35A60, 0x35A60, 0x35A60, 0x35A60, 0x35A60, 0x35A60,
    0x35A60, 0x35A60, 0x35A60, 0x35A60, 0x35A60, 0x35A60, 0x35A60, 0x35A60,
    0x9A8A0, 0x9A5D0, 0x35A60, 0x35A60, 0x35A60, 0x35A60, 0x35A60, 0x35A60,
    0x35A60, 0x35A60, 0x35A60, 0x35A60, 0x35A60, 0x35A60, 0x35A60, 0x35A60,
    0x35A60, 0x35A60, 0x35A60, 0x35A60, 0x35A60, 0x35A60, 0x35A60, 0x35A60,
    0x35A60, 0x75CC60, 0x35A60, 0x35A60, 0x35A60, 0x35A60, 0x35A60, 0x35A60,
    0x35A60, 0x35A60, 0x35A60, 0x35A60, 0x50AF0, 0x50AF0, 0x35A60, 0x35A60,
    0x35A60, 0x35A60, 0x35A60, 0x35A60, 0x35A60, 0x35A60, 0x35A60, 0x35A60,
    0x35A60, 0x35A60, 0x35A60, 0x35A60, 0x803F40, 0x35A60, 0x75CBE0, 0x75CBF0,
    0x75CC10, 0x75CC40, 0x35A60, 0x35A60, 0x35A60, 0x35A60, 0x35A60, 0x35A60,
    0x35A60, 0x35A60, 0x35A60, 0x35A60, 0x35A60, 0x35A60, 0x35A60, 0x35A60,
    0x35A60, 0x35A60, 0x35A60, 0x35A60, 0x35A60, 0x75F0F0, 0x35A60, 0x35A60,
    0x35A60, 0x35A60, 0x35A60, 0x35A60, 0x35A60, 0x35A60, 0x75CC70, 0x35A60,
    0x35A60, 0x35A60, 0x35A60, 0x35A60, 0x2B5500, 0x2B5500, 0x35A60, 0x35A60,
    0x35A60, 0x35A60, 0x35A60, 0x35A60, 0x35A60, 0x35A60, 0x35A60, 0x35A60,
    0x35A60, 0x35A60, 0x35A60, 0x75CC10, 0x35A60, 0x35A60, 0x35A60, 0x50AF0,
    0x14C4E0, 0x803FA0, 0x35A60, 0x35A60
};

/* DoubleLoot -172 vtable slot RVAs */
const UINT_PTR g_doubleLootVtableRVAs[172] = {
    0x55FE10, 0x55FE00, 0x55FD30, 0x55FD20, 0x50AF0, 0x71F700, 0x35A60, 0x75C5F0,
    0x35A60, 0x35A60, 0x35A60, 0x35A60, 0x35A60, 0x35A60, 0x35A60, 0x35A60,
    0x35A60, 0x35A60, 0x35A60, 0x35A60, 0x35A60, 0x35A60, 0x35A60, 0x35A60,
    0x35A60, 0x75C5C0, 0x35A60, 0x35A60, 0x804220, 0x26BD0, 0x803960, 0x803860,
    0x803740, 0x35A60, 0x35A60, 0x977D0, 0x2B5500, 0x2B5500, 0x35A60, 0x35A60,
    0x35A60, 0x2B5500, 0x35A60, 0x35A60, 0x35A60, 0x35A60, 0x35A60, 0x35A60,
    0x35A60, 0x35A60, 0x35A60, 0x35A60, 0x35A60, 0x35A60, 0x35A60, 0x35A60,
    0x35A60, 0x35A60, 0x35A60, 0x35A60, 0x35A60, 0x35A60, 0x35A60, 0x35A60,
    0x35A60, 0x35A60, 0x35A60, 0x35A60, 0x35A60, 0x35A60, 0x35A60, 0x35A60,
    0x35A60, 0x35A60, 0x35A60, 0x35A60, 0x35A60, 0x35A60, 0x35A60, 0x35A60,
    0x35A60, 0x75CC60, 0x35A60, 0x8036F0, 0x35A60, 0x35A60, 0x35A60, 0x35A60,
    0x35A60, 0x35A60, 0x35A60, 0x35A60, 0x50AF0, 0x50AF0, 0x35A60, 0x35A60,
    0x35A60, 0x35A60, 0x35A60, 0x35A60, 0x35A60, 0x35A60, 0x35A60, 0x35A60,
    0x35A60, 0x35A60, 0x35A60, 0x35A60, 0x803F40, 0x35A60, 0x75CBE0, 0x75CBF0,
    0x75CC10, 0x75CC40, 0x35A60, 0x35A60, 0x35A60, 0x35A60, 0x35A60, 0x35A60,
    0x35A60, 0x35A60, 0x35A60, 0x35A60, 0x35A60, 0x35A60, 0x35A60, 0x35A60,
    0x35A60, 0x35A60, 0x35A60, 0x35A60, 0x35A60, 0x75F0F0, 0x35A60, 0x35A60,
    0x35A60, 0x35A60, 0x35A60, 0x35A60, 0x35A60, 0x35A60, 0x75CC70, 0x35A60,
    0x35A60, 0x35A60, 0x35A60, 0x35A60, 0x2B5500, 0x2B5500, 0x35A60, 0x35A60,
    0x35A60, 0x35A60, 0x35A60, 0x35A60, 0x35A60, 0x35A60, 0x35A60, 0x35A60,
    0x35A60, 0x35A60, 0x35A60, 0x75CC10, 0x35A60, 0x35A60, 0x35A60, 0x50AF0,
    0x14C4E0, 0x803FA0, 0x35A60, 0x35A60
};

/* Drag -172 vtable slot RVAs */
const UINT_PTR g_dragVtableRVAs[172] = {
    0x572590, 0x572580, 0x5724B0, 0x5724A0, 0x50AF0, 0x71F780, 0x35A60, 0x75C5F0,
    0x35A60, 0x35A60, 0x35A60, 0x35A60, 0x35A60, 0x35A60, 0x35A60, 0x35A60,
    0x35A60, 0x35A60, 0x35A60, 0x35A60, 0x35A60, 0x35A60, 0x35A60, 0x35A60,
    0x35A60, 0x75C5C0, 0x35A60, 0x35A60, 0x804220, 0x26BD0, 0x803960, 0x803860,
    0x803740, 0x7F930, 0x35A60, 0x35A60, 0x2B5500, 0x2B5500, 0x35A60, 0x35A60,
    0x35A60, 0x2B5500, 0x35A60, 0x77CA60, 0x35A60, 0x35A60, 0x35A60, 0x35A60,
    0x35A60, 0x35A60, 0x35A60, 0x35A60, 0x35A60, 0x35A60, 0x35A60, 0x35A60,
    0x35A60, 0x35A60, 0x35A60, 0x35A60, 0x35A60, 0x35A60, 0x35A60, 0x35A60,
    0x35A60, 0x35A60, 0x35A60, 0x35A60, 0x35A60, 0x35A60, 0x35A60, 0x35A60,
    0x35A60, 0x35A60, 0x77CB80, 0x35A60, 0x35A60, 0x35A60, 0x35A60, 0x35A60,
    0x35A60, 0x75CC60, 0x35A60, 0x35A60, 0x35A60, 0x35A60, 0x35A60, 0x35A60,
    0x35A60, 0x35A60, 0x35A60, 0x977D0, 0x50AF0, 0x50AF0, 0x35A60, 0x35A60,
    0x35A60, 0x35A60, 0x35A60, 0x35A60, 0x35A60, 0x35A60, 0x35A60, 0x35A60,
    0x35A60, 0x35A60, 0x35A60, 0x35A60, 0x803F40, 0x35A60, 0x75CBE0, 0x75CBF0,
    0x75CC10, 0x75CC40, 0x35A60, 0x35A60, 0x35A60, 0x35A60, 0x35A60, 0x35A60,
    0x35A60, 0x35A60, 0x35A60, 0x35A60, 0x35A60, 0x35A60, 0x35A60, 0x35A60,
    0x35A60, 0x35A60, 0x35A60, 0x35A60, 0x35A60, 0x75F0F0, 0x35A60, 0x35A60,
    0x35A60, 0x35A60, 0x35A60, 0x35A60, 0x35A60, 0x35A60, 0x75CC70, 0x35A60,
    0x35A60, 0x35A60, 0x35A60, 0x35A60, 0x2B5500, 0x2B5500, 0x35A60, 0x35A60,
    0x35A60, 0x35A60, 0x35A60, 0x35A60, 0x35A60, 0x35A60, 0x35A60, 0x35A60,
    0x35A60, 0x35A60, 0x35A60, 0x75CC10, 0x35A60, 0x35A60, 0x35A60, 0x50AF0,
    0x14C4E0, 0x803FA0, 0x35A60, 0x35A60
};

/* Drowsy -172 vtable slot RVAs */
const UINT_PTR g_drowsyVtableRVAs[172] = {
    0x59FC20, 0x59FC10, 0x59FB40, 0x59FB30, 0x50AF0, 0x71F800, 0x35A60, 0x75C5F0,
    0x35A60, 0x35A60, 0x35A60, 0x35A60, 0x35A60, 0x35A60, 0x35A60, 0x35A60,
    0x35A60, 0x35A60, 0x35A60, 0x35A60, 0x35A60, 0x35A60, 0x35A60, 0x35A60,
    0x35A60, 0x75C5C0, 0x35A60, 0x35A60, 0x804220, 0x26BD0, 0x803960, 0x803860,
    0x803740, 0x35A60, 0x35A60, 0x35A60, 0x2B5500, 0x9AFB0, 0x35A60, 0x35A60,
    0x35A60, 0x2B5500, 0x35A60, 0x35A60, 0x35A60, 0x35A60, 0x35A60, 0x35A60,
    0x35A60, 0x35A60, 0x35A60, 0x35A60, 0x35A60, 0x35A60, 0x35A60, 0x35A60,
    0x35A60, 0x35A60, 0x35A60, 0x35A60, 0x35A60, 0x35A60, 0x35A60, 0x35A60,
    0x35A60, 0x35A60, 0x35A60, 0x35A60, 0x35A60, 0x35A60, 0x35A60, 0x35A60,
    0x35A60, 0x35A60, 0x35A60, 0x35A60, 0x35A60, 0x35A60, 0x35A60, 0x35A60,
    0x35A60, 0x75CC60, 0x35A60, 0x35A60, 0x35A60, 0x35A60, 0x35A60, 0x35A60,
    0x35A60, 0x35A60, 0x35A60, 0x35A60, 0x50AF0, 0x50AF0, 0x35A60, 0x35A60,
    0x35A60, 0x35A60, 0x35A60, 0x35A60, 0x35A60, 0x35A60, 0x35A60, 0x35A60,
    0x35A60, 0x35A60, 0x35A60, 0x35A60, 0x803F40, 0x35A60, 0x75CBE0, 0x75CBF0,
    0x75CC10, 0x75CC40, 0x35A60, 0x35A60, 0x35A60, 0x35A60, 0x35A60, 0x35A60,
    0x35A60, 0x35A60, 0x35A60, 0x35A60, 0x35A60, 0x35A60, 0x35A60, 0x35A60,
    0x35A60, 0x35A60, 0x35A60, 0x35A60, 0x35A60, 0x75F0F0, 0x35A60, 0x35A60,
    0x35A60, 0x35A60, 0x35A60, 0x35A60, 0x35A60, 0x35A60, 0x75CC70, 0x35A60,
    0x35A60, 0x35A60, 0x35A60, 0x35A60, 0x2B5500, 0x2B5500, 0x35A60, 0x35A60,
    0x35A60, 0x35A60, 0x35A60, 0x35A60, 0x35A60, 0x35A60, 0x35A60, 0x35A60,
    0x35A60, 0x35A60, 0x35A60, 0x75CC10, 0x35A60, 0x35A60, 0x35A60, 0x50AF0,
    0x14C4E0, 0x803FA0, 0x35A60, 0x35A60
};

/* DybbukManualExitTag -172 vtable slot RVAs */
const UINT_PTR g_dybbukManualExitTagVtableRVAs[172] = {
    0x5685F0, 0x5685E0, 0x568510, 0x568500, 0x50AF0, 0x71F880, 0x35A60, 0x75C5F0,
    0x35A60, 0x35A60, 0x35A60, 0x35A60, 0x35A60, 0x35A60, 0x35A60, 0x35A60,
    0x35A60, 0x35A60, 0x35A60, 0x35A60, 0x35A60, 0x35A60, 0x35A60, 0x35A60,
    0x35A60, 0x75C5C0, 0x35A60, 0x35A60, 0x804220, 0x26BD0, 0x803960, 0x803860,
    0x803740, 0x35A60, 0x35A60, 0x35A60, 0x2B5500, 0x2B5500, 0x35A60, 0x35A60,
    0x35A60, 0x2B5500, 0x35A60, 0x35A60, 0x35A60, 0x35A60, 0x35A60, 0x35A60,
    0x35A60, 0x35A60, 0x35A60, 0x35A60, 0x35A60, 0x35A60, 0x35A60, 0x35A60,
    0x35A60, 0x35A60, 0x35A60, 0x35A60, 0x35A60, 0x35A60, 0x35A60, 0x35A60,
    0x35A60, 0x35A60, 0x35A60, 0x35A60, 0x35A60, 0x35A60, 0x35A60, 0x35A60,
    0x35A60, 0x35A60, 0x35A60, 0x35A60, 0x35A60, 0x35A60, 0x35A60, 0x35A60,
    0x35A60, 0x75CC60, 0x35A60, 0x35A60, 0x35A60, 0x35A60, 0x35A60, 0x35A60,
    0x35A60, 0x35A60, 0x35A60, 0x35A60, 0x50AF0, 0x50AF0, 0x35A60, 0x35A60,
    0x35A60, 0x35A60, 0x35A60, 0x35A60, 0x35A60, 0x35A60, 0x35A60, 0x35A60,
    0x35A60, 0x35A60, 0x35A60, 0x35A60, 0x803F40, 0x35A60, 0x75CBE0, 0x75CBF0,
    0x75CC10, 0x75CC40, 0x35A60, 0x35A60, 0x35A60, 0x35A60, 0x35A60, 0x35A60,
    0x35A60, 0x35A60, 0x35A60, 0x35A60, 0x35A60, 0x35A60, 0x35A60, 0x35A60,
    0x35A60, 0x35A60, 0x35A60, 0x35A60, 0x35A60, 0x75F0F0, 0x35A60, 0x35A60,
    0x35A60, 0x35A60, 0x35A60, 0x35A60, 0x35A60, 0x35A60, 0x75CC70, 0x35A60,
    0x35A60, 0x35A60, 0x35A60, 0x35A60, 0x2B5500, 0x2B5500, 0x35A60, 0x35A60,
    0x35A60, 0x35A60, 0x35A60, 0x35A60, 0x35A60, 0x35A60, 0x35A60, 0x35A60,
    0x35A60, 0x35A60, 0x35A60, 0x75CC10, 0x35A60, 0x35A60, 0x35A60, 0x50AF0,
    0x14C4E0, 0x803FA0, 0x35A60, 0x35A60
};

/* DybbukPossessed -172 vtable slot RVAs */
const UINT_PTR g_dybbukPossessedVtableRVAs[172] = {
    0x568750, 0x568740, 0x568670, 0x568660, 0x50AF0, 0x71F900, 0x35A60, 0x75C5F0,
    0x35A60, 0x35A60, 0x35A60, 0x35A60, 0x35A60, 0x35A60, 0x35A60, 0x35A60,
    0x35A60, 0x35A60, 0x35A60, 0x35A60, 0x35A60, 0x35A60, 0x35A60, 0x35A60,
    0x35A60, 0x75C5C0, 0x35A60, 0x35A60, 0x804220, 0x26BD0, 0x803960, 0x803860,
    0x803740, 0x7F9500, 0x35A60, 0x35A60, 0x2B5500, 0x2B5500, 0x35A60, 0x35A60,
    0x35A60, 0x2B5500, 0x35A60, 0x35A60, 0x35A60, 0x7F9D80, 0x35A60, 0x35A60,
    0x35A60, 0x35A60, 0x35A60, 0x35A60, 0x35A60, 0x35A60, 0x35A60, 0x35A60,
    0x35A60, 0x35A60, 0x35A60, 0x35A60, 0x35A60, 0x35A60, 0x35A60, 0x7F9C70,
    0x35A60, 0x35A60, 0x35A60, 0x35A60, 0x35A60, 0x35A60, 0x35A60, 0x35A60,
    0x35A60, 0x35A60, 0x35A60, 0x35A60, 0x35A60, 0x35A60, 0x35A60, 0x35A60,
    0x35A60, 0x75CC60, 0x35A60, 0x7F9910, 0x35A60, 0x35A60, 0x35A60, 0x35A60,
    0x35A60, 0x35A60, 0x35A60, 0x35A60, 0x50AF0, 0x50AF0, 0x35A60, 0x35A60,
    0x35A60, 0x35A60, 0x35A60, 0x35A60, 0x35A60, 0x35A60, 0x35A60, 0x35A60,
    0x35A60, 0x35A60, 0x35A60, 0x35A60, 0x803F40, 0x35A60, 0x75CBE0, 0x75CBF0,
    0x7F9990, 0x75CC40, 0x35A60, 0x35A60, 0x35A60, 0x35A60, 0x35A60, 0x35A60,
    0x35A60, 0x35A60, 0x35A60, 0x35A60, 0x35A60, 0x35A60, 0x35A60, 0x35A60,
    0x35A60, 0x35A60, 0x35A60, 0x35A60, 0x35A60, 0x75F0F0, 0x35A60, 0x35A60,
    0x35A60, 0x35A60, 0x35A60, 0x35A60, 0x35A60, 0x35A60, 0x75CC70, 0x35A60,
    0x35A60, 0x35A60, 0x35A60, 0x35A60, 0x2B5500, 0x2B5500, 0x35A60, 0x35A60,
    0x35A60, 0x35A60, 0x35A60, 0x35A60, 0x35A60, 0x35A60, 0x35A60, 0x35A60,
    0x35A60, 0x35A60, 0x35A60, 0x75CC10, 0x35A60, 0x35A60, 0x35A60, 0x50AF0,
    0x14C4E0, 0x803FA0, 0x35A60, 0x35A60
};

/* EliteUpgradeNextMinion -172 vtable slot RVAs */
const UINT_PTR g_eliteUpgradeNextMinionVtableRVAs[172] = {
    0x58BC80, 0x58BC70, 0x58BBA0, 0x58BB90, 0x50AF0, 0x71F990, 0x35A60, 0x75C5F0,
    0x35A60, 0x35A60, 0x35A60, 0x35A60, 0x35A60, 0x35A60, 0x35A60, 0x35A60,
    0x35A60, 0x35A60, 0x35A60, 0x35A60, 0x35A60, 0x35A60, 0x35A60, 0x35A60,
    0x35A60, 0x75C5C0, 0x35A60, 0x35A60, 0x804220, 0x26BD0, 0x803960, 0x803860,
    0x803740, 0x16E8F0, 0x35A60, 0x35A60, 0x2B5500, 0x2B5500, 0x35A60, 0x35A60,
    0x35A60, 0x2B5500, 0x35A60, 0x35A60, 0x35A60, 0x35A60, 0x35A60, 0x35A60,
    0x35A60, 0x35A60, 0x35A60, 0x35A60, 0x35A60, 0x35A60, 0x35A60, 0x35A60,
    0x35A60, 0x35A60, 0x35A60, 0x35A60, 0x35A60, 0x35A60, 0x35A60, 0x35A60,
    0x35A60, 0x35A60, 0x35A60, 0x35A60, 0x35A60, 0x35A60, 0x35A60, 0x35A60,
    0x35A60, 0x35A60, 0x35A60, 0x35A60, 0x35A60, 0x35A60, 0x35A60, 0x35A60,
    0x35A60, 0x75CC60, 0x35A60, 0x35A60, 0x35A60, 0x35A60, 0x35A60, 0x35A60,
    0x35A60, 0x35A60, 0x35A60, 0x35A60, 0x50AF0, 0x50AF0, 0x35A60, 0x35A60,
    0x35A60, 0x35A60, 0x35A60, 0x35A60, 0x35A60, 0x35A60, 0x35A60, 0x35A60,
    0x35A60, 0x35A60, 0x16E900, 0x35A60, 0x803F40, 0x35A60, 0x75CBE0, 0x75CBF0,
    0x75CC10, 0x75CC40, 0x35A60, 0x35A60, 0x35A60, 0x35A60, 0x35A60, 0x35A60,
    0x35A60, 0x35A60, 0x35A60, 0x35A60, 0x35A60, 0x35A60, 0x35A60, 0x35A60,
    0x35A60, 0x35A60, 0x35A60, 0x35A60, 0x35A60, 0x75F0F0, 0x35A60, 0x35A60,
    0x35A60, 0x35A60, 0x35A60, 0x35A60, 0x35A60, 0x35A60, 0x75CC70, 0x35A60,
    0x35A60, 0x35A60, 0x35A60, 0x35A60, 0x2B5500, 0x2B5500, 0x35A60, 0x35A60,
    0x35A60, 0x35A60, 0x35A60, 0x35A60, 0x35A60, 0x35A60, 0x35A60, 0x35A60,
    0x35A60, 0x35A60, 0x35A60, 0x75CC10, 0x35A60, 0x35A60, 0x35A60, 0x50AF0,
    0x14C4E0, 0x803FA0, 0x35A60, 0x35A60
};

/* EmptyMind -172 vtable slot RVAs */
const UINT_PTR g_emptyMindVtableRVAs[172] = {
    0x577100, 0x5770F0, 0x577020, 0x577010, 0x50AF0, 0x71FA10, 0x35A60, 0x75C5F0,
    0x35A60, 0x35A60, 0x35A60, 0x35A60, 0x35A60, 0x35A60, 0x35A60, 0x35A60,
    0x35A60, 0x35A60, 0x35A60, 0x35A60, 0x35A60, 0x35A60, 0x35A60, 0x35A60,
    0x35A60, 0x75C5C0, 0x35A60, 0x35A60, 0x804220, 0x26BD0, 0x803960, 0x803860,
    0x803740, 0x35A60, 0x35A60, 0x35A60, 0x2B5500, 0x2B5500, 0x35A60, 0x35A60,
    0x35A60, 0x2B5500, 0x35A60, 0x35A60, 0x35A60, 0x35A60, 0x35A60, 0x35A60,
    0x35A60, 0x35A60, 0x35A60, 0x35A60, 0x35A60, 0x35A60, 0x35A60, 0x35A60,
    0x35A60, 0x35A60, 0x35A60, 0x35A60, 0x35A60, 0x35A60, 0x35A60, 0x35A60,
    0x35A60, 0x35A60, 0x35A60, 0x35A60, 0x35A60, 0x35A60, 0x35A60, 0x35A60,
    0x35A60, 0x35A60, 0x35A60, 0x35A60, 0x35A60, 0x35A60, 0x35A60, 0x35A60,
    0x35A60, 0x75CC60, 0x35A60, 0x35A60, 0x35A60, 0x35A60, 0x35A60, 0x35A60,
    0x35A60, 0x7E2B0, 0x35A60, 0x35A60, 0x50AF0, 0x50AF0, 0x35A60, 0x35A60,
    0x35A60, 0x35A60, 0x35A60, 0x2657D0, 0x35A60, 0x35A60, 0x35A60, 0x35A60,
    0x35A60, 0x35A60, 0x35A60, 0x35A60, 0x803F40, 0x35A60, 0x75CBE0, 0x75CBF0,
    0x75CC10, 0x75CC40, 0x35A60, 0x35A60, 0x35A60, 0x35A60, 0x35A60, 0x35A60,
    0x35A60, 0x35A60, 0x35A60, 0x35A60, 0x35A60, 0x35A60, 0x35A60, 0x35A60,
    0x35A60, 0x35A60, 0x35A60, 0x35A60, 0x35A60, 0x75F0F0, 0x35A60, 0x35A60,
    0x35A60, 0x35A60, 0x35A60, 0x35A60, 0x35A60, 0x35A60, 0x75CC70, 0x35A60,
    0x35A60, 0x35A60, 0x35A60, 0x35A60, 0x2B5500, 0x2B5500, 0x35A60, 0x35A60,
    0x35A60, 0x35A60, 0x35A60, 0x35A60, 0x35A60, 0x35A60, 0x35A60, 0x35A60,
    0x35A60, 0x35A60, 0x35A60, 0x75CC10, 0x35A60, 0x35A60, 0x35A60, 0x50AF0,
    0x14C4E0, 0x803FA0, 0x35A60, 0x35A60
};

/* EndTurn -172 vtable slot RVAs */
const UINT_PTR g_endTurnVtableRVAs[172] = {
    0x5A1C70, 0x5A1C60, 0x5A1B90, 0x5A1B80, 0x50AF0, 0x71FA90, 0x35A60, 0x75C5F0,
    0x35A60, 0x35A60, 0x35A60, 0x35A60, 0x35A60, 0x35A60, 0x35A60, 0x35A60,
    0x35A60, 0x35A60, 0x35A60, 0x35A60, 0x35A60, 0x35A60, 0x35A60, 0x35A60,
    0x35A60, 0x75C5C0, 0x35A60, 0x35A60, 0x804220, 0x26BD0, 0x803960, 0x803860,
    0x803740, 0x975E0, 0x977D0, 0x977D0, 0x2B5500, 0x2B5500, 0x35A60, 0x35A60,
    0x35A60, 0x2B5500, 0x35A60, 0x35A60, 0x35A60, 0x35A60, 0x35A60, 0x35A60,
    0x35A60, 0x35A60, 0x35A60, 0x35A60, 0x35A60, 0x35A60, 0x35A60, 0x35A60,
    0x35A60, 0x35A60, 0x35A60, 0x35A60, 0x35A60, 0x35A60, 0x35A60, 0x35A60,
    0x35A60, 0x35A60, 0x35A60, 0x35A60, 0x35A60, 0x35A60, 0x35A60, 0x35A60,
    0x35A60, 0x35A60, 0x35A60, 0x35A60, 0x35A60, 0x35A60, 0x35A60, 0x35A60,
    0x35A60, 0x75CC60, 0x35A60, 0x35A60, 0x35A60, 0x35A60, 0x35A60, 0x35A60,
    0x35A60, 0x35A60, 0x35A60, 0x35A60, 0x50AF0, 0x50AF0, 0x35A60, 0x35A60,
    0x35A60, 0x35A60, 0x35A60, 0x35A60, 0x35A60, 0x35A60, 0x35A60, 0x35A60,
    0x35A60, 0x35A60, 0x35A60, 0x35A60, 0x803F40, 0x35A60, 0x75CBE0, 0x75CBF0,
    0x97730, 0x75CC40, 0x35A60, 0x35A60, 0x35A60, 0x35A60, 0x35A60, 0x35A60,
    0x35A60, 0x35A60, 0x35A60, 0x35A60, 0x35A60, 0x35A60, 0x35A60, 0x35A60,
    0x35A60, 0x35A60, 0x35A60, 0x35A60, 0x35A60, 0x75F0F0, 0x35A60, 0x35A60,
    0x35A60, 0x35A60, 0x35A60, 0x35A60, 0x35A60, 0x35A60, 0x75CC70, 0x35A60,
    0x35A60, 0x35A60, 0x35A60, 0x35A60, 0x2B5500, 0x2B5500, 0x35A60, 0x35A60,
    0x35A60, 0x35A60, 0x35A60, 0x35A60, 0x35A60, 0x35A60, 0x35A60, 0x35A60,
    0x35A60, 0x35A60, 0x35A60, 0x75CC10, 0x35A60, 0x35A60, 0x35A60, 0x50AF0,
    0x14C4E0, 0x803FA0, 0x35A60, 0x35A60
};

/* Enrage -172 vtable slot RVAs */
const UINT_PTR g_enrageVtableRVAs[172] = {
    0x5A0EE0, 0x5A0ED0, 0x5A0E00, 0x5A0DF0, 0x50AF0, 0x71FB10, 0x35A60, 0x75C5F0,
    0x35A60, 0x35A60, 0x35A60, 0x35A60, 0x35A60, 0x35A60, 0x35A60, 0x35A60,
    0x35A60, 0x35A60, 0x35A60, 0x35A60, 0x35A60, 0x35A60, 0x35A60, 0x35A60,
    0x35A60, 0x75C5C0, 0x35A60, 0x35A60, 0x804220, 0x26BD0, 0x803960, 0x803860,
    0x803740, 0x35A60, 0x35A60, 0x35A60, 0x2B5500, 0x999D0, 0x35A60, 0x35A60,
    0x35A60, 0x2B5500, 0x35A60, 0x35A60, 0x35A60, 0x35A60, 0x35A60, 0x35A60,
    0x35A60, 0x35A60, 0x35A60, 0x35A60, 0x35A60, 0x35A60, 0x35A60, 0x35A60,
    0x35A60, 0x35A60, 0x35A60, 0x35A60, 0x35A60, 0x35A60, 0x35A60, 0x35A60,
    0x35A60, 0x35A60, 0x35A60, 0x35A60, 0x35A60, 0x35A60, 0x35A60, 0x35A60,
    0x35A60, 0x35A60, 0x35A60, 0x35A60, 0x35A60, 0x35A60, 0x35A60, 0x35A60,
    0x35A60, 0x75CC60, 0x35A60, 0x35A60, 0x35A60, 0x35A60, 0x35A60, 0x35A60,
    0x35A60, 0x35A60, 0x35A60, 0x35A60, 0x50AF0, 0x50AF0, 0x35A60, 0x35A60,
    0x35A60, 0x35A60, 0x35A60, 0x35A60, 0x35A60, 0x35A60, 0x35A60, 0x35A60,
    0x35A60, 0x35A60, 0x35A60, 0x35A60, 0x803F40, 0x35A60, 0x75CBE0, 0x75CBF0,
    0x75CC10, 0x75CC40, 0x35A60, 0x35A60, 0x35A60, 0x35A60, 0x35A60, 0x35A60,
    0x35A60, 0x35A60, 0x35A60, 0x35A60, 0x35A60, 0x35A60, 0x35A60, 0x35A60,
    0x35A60, 0x35A60, 0x35A60, 0x35A60, 0x35A60, 0x75F0F0, 0x35A60, 0x35A60,
    0x35A60, 0x35A60, 0x35A60, 0x35A60, 0x35A60, 0x35A60, 0x75CC70, 0x35A60,
    0x35A60, 0x35A60, 0x35A60, 0x35A60, 0x2B5500, 0x2B5500, 0x35A60, 0x35A60,
    0x35A60, 0x35A60, 0x35A60, 0x35A60, 0x35A60, 0x35A60, 0x35A60, 0x35A60,
    0x35A60, 0x35A60, 0x35A60, 0x75CC10, 0x35A60, 0x35A60, 0x35A60, 0x50AF0,
    0x14C4E0, 0x803FA0, 0x35A60, 0x35A60
};

/* EventBounty -172 vtable slot RVAs */
const UINT_PTR g_eventBountyVtableRVAs[172] = {
    0x568890, 0x568880, 0x5687B0, 0x5687A0, 0x50AF0, 0x71FB90, 0x35A60, 0x75C5F0,
    0x35A60, 0x35A60, 0x35A60, 0x35A60, 0x35A60, 0x35A60, 0x35A60, 0x35A60,
    0x35A60, 0x35A60, 0x35A60, 0x35A60, 0x35A60, 0x35A60, 0x35A60, 0x35A60,
    0x35A60, 0x75C5C0, 0x35A60, 0x35A60, 0x804220, 0x26BD0, 0x803960, 0x803860,
    0x803740, 0x7F94E0, 0x35A60, 0x35A60, 0x2B5500, 0x2B5500, 0x35A60, 0x35A60,
    0x35A60, 0x2B5500, 0x35A60, 0x35A60, 0x35A60, 0x35A60, 0x35A60, 0x35A60,
    0x35A60, 0x35A60, 0x35A60, 0x35A60, 0x35A60, 0x35A60, 0x35A60, 0x35A60,
    0x35A60, 0x35A60, 0x35A60, 0x35A60, 0x35A60, 0x35A60, 0x35A60, 0x35A60,
    0x35A60, 0x35A60, 0x35A60, 0x35A60, 0x35A60, 0x35A60, 0x35A60, 0x35A60,
    0x35A60, 0x35A60, 0x35A60, 0x35A60, 0x35A60, 0x35A60, 0x35A60, 0x35A60,
    0x35A60, 0x75CC60, 0x35A60, 0x35A60, 0x35A60, 0x35A60, 0x35A60, 0x35A60,
    0x35A60, 0x35A60, 0x35A60, 0x35A60, 0x50AF0, 0x50AF0, 0x35A60, 0x35A60,
    0x35A60, 0x35A60, 0x35A60, 0x35A60, 0x35A60, 0x35A60, 0x35A60, 0x35A60,
    0x35A60, 0x35A60, 0x35A60, 0x35A60, 0x803F40, 0x35A60, 0x75CBE0, 0x75CBF0,
    0x75CC10, 0x75CC40, 0x35A60, 0x35A60, 0x35A60, 0x35A60, 0x35A60, 0x35A60,
    0x35A60, 0x35A60, 0x35A60, 0x35A60, 0x35A60, 0x35A60, 0x35A60, 0x35A60,
    0x35A60, 0x35A60, 0x35A60, 0x35A60, 0x35A60, 0x75F0F0, 0x35A60, 0x35A60,
    0x35A60, 0x35A60, 0x35A60, 0x35A60, 0x35A60, 0x35A60, 0x75CC70, 0x35A60,
    0x35A60, 0x35A60, 0x35A60, 0x35A60, 0x2B5500, 0x2B5500, 0x35A60, 0x35A60,
    0x35A60, 0x35A60, 0x35A60, 0x35A60, 0x35A60, 0x35A60, 0x35A60, 0x35A60,
    0x35A60, 0x35A60, 0x35A60, 0x75CC10, 0x35A60, 0x35A60, 0x35A60, 0x50AF0,
    0x14C4E0, 0x803FA0, 0x35A60, 0x35A60
};

/* Exhaustion -172 vtable slot RVAs */
const UINT_PTR g_exhaustionVtableRVAs[172] = {
    0x59D650, 0x59D640, 0x59D570, 0x59D560, 0x50AF0, 0x71FC10, 0x35A60, 0x75C5F0,
    0x35A60, 0x35A60, 0x35A60, 0x35A60, 0x35A60, 0x35A60, 0x35A60, 0x35A60,
    0x35A60, 0x35A60, 0x35A60, 0x35A60, 0x35A60, 0x35A60, 0x35A60, 0x35A60,
    0x35A60, 0x75C5C0, 0x35A60, 0x35A60, 0x804220, 0x26BD0, 0x803960, 0x803860,
    0x803740, 0x9EBC0, 0x35A60, 0x35A60, 0x9EC80, 0x2B5500, 0x35A60, 0x35A60,
    0x35A60, 0x2B5500, 0x35A60, 0x35A60, 0x35A60, 0x35A60, 0x35A60, 0x35A60,
    0x35A60, 0x35A60, 0x35A60, 0x35A60, 0x35A60, 0x35A60, 0x35A60, 0x35A60,
    0x35A60, 0x35A60, 0x35A60, 0x35A60, 0x35A60, 0x35A60, 0x35A60, 0x9EE70,
    0x35A60, 0x35A60, 0x35A60, 0x35A60, 0x35A60, 0x35A60, 0x35A60, 0x35A60,
    0x35A60, 0x35A60, 0x35A60, 0x35A60, 0x35A60, 0x35A60, 0x35A60, 0x35A60,
    0x35A60, 0x75CC60, 0x35A60, 0x9EE50, 0x35A60, 0x35A60, 0x35A60, 0x35A60,
    0x35A60, 0x35A60, 0x35A60, 0x35A60, 0x50AF0, 0x50AF0, 0x35A60, 0x35A60,
    0x35A60, 0x35A60, 0x35A60, 0x35A60, 0x35A60, 0x35A60, 0x35A60, 0x35A60,
    0x35A60, 0x35A60, 0x35A60, 0x35A60, 0x803F40, 0x35A60, 0x75CBE0, 0x75CBF0,
    0x75CC10, 0x75CC40, 0x35A60, 0x35A60, 0x35A60, 0x35A60, 0x9EEA0, 0x35A60,
    0x35A60, 0x35A60, 0x35A60, 0x35A60, 0x35A60, 0x35A60, 0x35A60, 0x35A60,
    0x35A60, 0x35A60, 0x35A60, 0x35A60, 0x35A60, 0x75F0F0, 0x35A60, 0x35A60,
    0x35A60, 0x35A60, 0x35A60, 0x35A60, 0x35A60, 0x35A60, 0x75CC70, 0x35A60,
    0x35A60, 0x35A60, 0x35A60, 0x35A60, 0x2B5500, 0x2B5500, 0x35A60, 0x35A60,
    0x35A60, 0x35A60, 0x35A60, 0x35A60, 0x35A60, 0x35A60, 0x35A60, 0x35A60,
    0x35A60, 0x35A60, 0x35A60, 0x75CC10, 0x35A60, 0x35A60, 0x35A60, 0x50AF0,
    0x14C4E0, 0x803FA0, 0x35A60, 0x35A60
};

/* ExistUntilIdleUpkeep -172 vtable slot RVAs */
const UINT_PTR g_existUntilIdleUpkeepVtableRVAs[172] = {
    0x579860, 0x579850, 0x579780, 0x579770, 0x50AF0, 0x71FC90, 0x35A60, 0x75C5F0,
    0x35A60, 0x35A60, 0x35A60, 0x35A60, 0x35A60, 0x35A60, 0x35A60, 0x35A60,
    0x35A60, 0x35A60, 0x35A60, 0x35A60, 0x35A60, 0x35A60, 0x35A60, 0x35A60,
    0x35A60, 0x75C5C0, 0x35A60, 0x35A60, 0x804220, 0x26BD0, 0x803960, 0x803860,
    0x803740, 0x35A60, 0x35A60, 0x35A60, 0x2B5500, 0x2B5500, 0x35A60, 0x35A60,
    0x35A60, 0x2B5500, 0x35A60, 0x35A60, 0x35A60, 0x35A60, 0x35A60, 0x35A60,
    0x35A60, 0x35A60, 0x35A60, 0x35A60, 0x35A60, 0x35A60, 0x35A60, 0x35A60,
    0x35A60, 0x35A60, 0x35A60, 0x35A60, 0x35A60, 0x35A60, 0x35A60, 0x35A60,
    0x35A60, 0x35A60, 0x35A60, 0x35A60, 0x35A60, 0x35A60, 0x35A60, 0x35A60,
    0x35A60, 0x35A60, 0x35A60, 0x35A60, 0x35A60, 0x35A60, 0x35A60, 0x35A60,
    0x35A60, 0x75CC60, 0x35A60, 0x35A60, 0x35A60, 0x35A60, 0x35A60, 0x35A60,
    0x35A60, 0x35A60, 0x35A60, 0x977D0, 0x50AF0, 0x50AF0, 0x35A60, 0x35A60,
    0x35A60, 0x35A60, 0x35A60, 0x35A60, 0x35A60, 0x35A60, 0x35A60, 0x35A60,
    0x35A60, 0x35A60, 0x35A60, 0x35A60, 0x803F40, 0x35A60, 0x75CBE0, 0x75CBF0,
    0x75CC10, 0x75CC40, 0x35A60, 0x35A60, 0x35A60, 0x35A60, 0x35A60, 0x35A60,
    0x35A60, 0x35A60, 0x35A60, 0x35A60, 0x35A60, 0x35A60, 0x35A60, 0x35A60,
    0x35A60, 0x35A60, 0x35A60, 0x35A60, 0x35A60, 0x75F0F0, 0x35A60, 0x35A60,
    0x35A60, 0x35A60, 0x35A60, 0x35A60, 0x35A60, 0x35A60, 0x75CC70, 0x35A60,
    0x35A60, 0x35A60, 0x35A60, 0x35A60, 0x2B5500, 0x2B5500, 0x35A60, 0x35A60,
    0x35A60, 0x35A60, 0x35A60, 0x35A60, 0x35A60, 0x35A60, 0x35A60, 0x35A60,
    0x35A60, 0x35A60, 0x35A60, 0x75CC10, 0x35A60, 0x35A60, 0x35A60, 0x50AF0,
    0x14C4E0, 0x803FA0, 0x35A60, 0x35A60
};

/* ExtraBasicAttacks_Status -172 vtable slot RVAs */
const UINT_PTR g_extraBasicAttacks_StatusVtableRVAs[172] = {
    0x577500, 0x5774F0, 0x577420, 0x577410, 0x50AF0, 0x71FD10, 0x35A60, 0x75C5F0,
    0x35A60, 0x35A60, 0x35A60, 0x35A60, 0x35A60, 0x35A60, 0x35A60, 0x35A60,
    0x35A60, 0x35A60, 0x35A60, 0x35A60, 0x35A60, 0x35A60, 0x35A60, 0x35A60,
    0x35A60, 0x75C5C0, 0x35A60, 0x35A60, 0x804220, 0x26BD0, 0x803960, 0x803860,
    0x803740, 0x35A60, 0x264200, 0x35A60, 0x2B5500, 0x2B5500, 0x35A60, 0x35A60,
    0x35A60, 0x2B5500, 0x35A60, 0x35A60, 0x35A60, 0x35A60, 0x35A60, 0x35A60,
    0x35A60, 0x35A60, 0x35A60, 0x35A60, 0x35A60, 0x35A60, 0x35A60, 0x35A60,
    0x35A60, 0x35A60, 0x35A60, 0x35A60, 0x35A60, 0x35A60, 0x35A60, 0x35A60,
    0x35A60, 0x35A60, 0x35A60, 0x35A60, 0x35A60, 0x35A60, 0x35A60, 0x35A60,
    0x35A60, 0x35A60, 0x35A60, 0x35A60, 0x35A60, 0x35A60, 0x35A60, 0x35A60,
    0x35A60, 0x75CC60, 0x35A60, 0x35A60, 0x35A60, 0x35A60, 0x35A60, 0x35A60,
    0x35A60, 0x35A60, 0x35A60, 0x35A60, 0x50AF0, 0x50AF0, 0x35A60, 0x35A60,
    0x35A60, 0x35A60, 0x35A60, 0x35A60, 0x35A60, 0x35A60, 0x35A60, 0x35A60,
    0x35A60, 0x35A60, 0x35A60, 0x35A60, 0x803F40, 0x35A60, 0x75CBE0, 0x75CBF0,
    0x75CC10, 0x75CC40, 0x35A60, 0x35A60, 0x35A60, 0x35A60, 0x35A60, 0x35A60,
    0x35A60, 0x35A60, 0x35A60, 0x35A60, 0x35A60, 0x35A60, 0x35A60, 0x35A60,
    0x35A60, 0x35A60, 0x35A60, 0x35A60, 0x35A60, 0x75F0F0, 0x35A60, 0x35A60,
    0x35A60, 0x35A60, 0x35A60, 0x35A60, 0x35A60, 0x35A60, 0x75CC70, 0x35A60,
    0x35A60, 0x35A60, 0x35A60, 0x35A60, 0x2B5500, 0x2B5500, 0x35A60, 0x35A60,
    0x35A60, 0x35A60, 0x35A60, 0x35A60, 0x35A60, 0x35A60, 0x35A60, 0x35A60,
    0x35A60, 0x35A60, 0x35A60, 0x75CC10, 0x35A60, 0x35A60, 0x35A60, 0x50AF0,
    0x14C4E0, 0x803FA0, 0x264210, 0x35A60
};

/* ExtraBasicMoves_Status -172 vtable slot RVAs */
const UINT_PTR g_extraBasicMoves_StatusVtableRVAs[172] = {
    0x5773A0, 0x577390, 0x5772C0, 0x5772B0, 0x50AF0, 0x71FD90, 0x35A60, 0x75C5F0,
    0x35A60, 0x35A60, 0x35A60, 0x35A60, 0x35A60, 0x35A60, 0x35A60, 0x35A60,
    0x35A60, 0x35A60, 0x35A60, 0x35A60, 0x35A60, 0x35A60, 0x35A60, 0x35A60,
    0x35A60, 0x75C5C0, 0x35A60, 0x35A60, 0x804220, 0x26BD0, 0x803960, 0x803860,
    0x803740, 0x35A60, 0x264220, 0x35A60, 0x2B5500, 0x2B5500, 0x35A60, 0x35A60,
    0x35A60, 0x2B5500, 0x35A60, 0x35A60, 0x35A60, 0x35A60, 0x35A60, 0x35A60,
    0x35A60, 0x35A60, 0x35A60, 0x35A60, 0x35A60, 0x35A60, 0x35A60, 0x35A60,
    0x35A60, 0x35A60, 0x35A60, 0x35A60, 0x35A60, 0x35A60, 0x35A60, 0x35A60,
    0x35A60, 0x35A60, 0x35A60, 0x35A60, 0x35A60, 0x35A60, 0x35A60, 0x35A60,
    0x35A60, 0x35A60, 0x35A60, 0x35A60, 0x35A60, 0x35A60, 0x35A60, 0x35A60,
    0x35A60, 0x75CC60, 0x35A60, 0x35A60, 0x35A60, 0x35A60, 0x35A60, 0x35A60,
    0x35A60, 0x35A60, 0x35A60, 0x35A60, 0x50AF0, 0x50AF0, 0x35A60, 0x35A60,
    0x35A60, 0x35A60, 0x35A60, 0x35A60, 0x35A60, 0x35A60, 0x35A60, 0x35A60,
    0x35A60, 0x35A60, 0x35A60, 0x35A60, 0x803F40, 0x35A60, 0x75CBE0, 0x75CBF0,
    0x75CC10, 0x75CC40, 0x35A60, 0x35A60, 0x35A60, 0x35A60, 0x35A60, 0x35A60,
    0x35A60, 0x35A60, 0x35A60, 0x35A60, 0x35A60, 0x35A60, 0x35A60, 0x35A60,
    0x35A60, 0x35A60, 0x35A60, 0x35A60, 0x35A60, 0x75F0F0, 0x35A60, 0x35A60,
    0x35A60, 0x35A60, 0x35A60, 0x35A60, 0x35A60, 0x35A60, 0x75CC70, 0x35A60,
    0x35A60, 0x35A60, 0x35A60, 0x35A60, 0x2B5500, 0x2B5500, 0x35A60, 0x35A60,
    0x35A60, 0x35A60, 0x35A60, 0x35A60, 0x35A60, 0x35A60, 0x35A60, 0x35A60,
    0x35A60, 0x35A60, 0x35A60, 0x75CC10, 0x35A60, 0x35A60, 0x35A60, 0x50AF0,
    0x14C4E0, 0x803FA0, 0x264230, 0x35A60
};

/* FactionDisguise -172 vtable slot RVAs */
const UINT_PTR g_factionDisguiseVtableRVAs[172] = {
    0x55E5A0, 0x55E590, 0x55E4C0, 0x55E4B0, 0x50AF0, 0x71FE10, 0x35A60, 0x75C5F0,
    0x35A60, 0x35A60, 0x35A60, 0x35A60, 0x35A60, 0x35A60, 0x35A60, 0x35A60,
    0x35A60, 0x35A60, 0x35A60, 0x35A60, 0x35A60, 0x35A60, 0x35A60, 0x35A60,
    0x35A60, 0x75C5C0, 0x35A60, 0x35A60, 0x804220, 0x26BD0, 0x803960, 0x803860,
    0x803740, 0x35A60, 0x977D0, 0x35A60, 0x2B5500, 0x2B5500, 0x35A60, 0x35A60,
    0x35A60, 0x2B5500, 0x35A60, 0x35A60, 0x35A60, 0x35A60, 0x35A60, 0x35A60,
    0x35A60, 0x35A60, 0x35A60, 0x35A60, 0x35A60, 0x35A60, 0x35A60, 0x35A60,
    0x35A60, 0x35A60, 0x35A60, 0x35A60, 0x35A60, 0x35A60, 0x35A60, 0x35A60,
    0x35A60, 0x35A60, 0x35A60, 0x35A60, 0x35A60, 0x35A60, 0x35A60, 0x35A60,
    0x35A60, 0x35A60, 0x35A60, 0x35A60, 0x35A60, 0x35A60, 0x35A60, 0x35A60,
    0x35A60, 0x75CC60, 0x35A60, 0x8AD030, 0x35A60, 0x35A60, 0x35A60, 0x35A60,
    0x35A60, 0x35A60, 0x35A60, 0x35A60, 0x50AF0, 0x50AF0, 0x35A60, 0x35A60,
    0x35A60, 0x35A60, 0x35A60, 0x35A60, 0x35A60, 0x35A60, 0x35A60, 0x35A60,
    0x35A60, 0x35A60, 0x35A60, 0x35A60, 0x803F40, 0x35A60, 0x75CBE0, 0x75CBF0,
    0x75CC10, 0x75CC40, 0x35A60, 0x35A60, 0x35A60, 0x35A60, 0x35A60, 0x35A60,
    0x35A60, 0x35A60, 0x35A60, 0x35A60, 0x35A60, 0x35A60, 0x35A60, 0x35A60,
    0x35A60, 0x35A60, 0x35A60, 0x35A60, 0x35A60, 0x75F0F0, 0x35A60, 0x35A60,
    0x35A60, 0x35A60, 0x35A60, 0x35A60, 0x35A60, 0x35A60, 0x75CC70, 0x35A60,
    0x35A60, 0x35A60, 0x35A60, 0x35A60, 0x2B5500, 0x2B5500, 0x35A60, 0x35A60,
    0x35A60, 0x35A60, 0x35A60, 0x35A60, 0x35A60, 0x35A60, 0x35A60, 0x35A60,
    0x35A60, 0x35A60, 0x35A60, 0x75CC10, 0x35A60, 0x35A60, 0x35A60, 0x50AF0,
    0x14C4E0, 0x803FA0, 0x35A60, 0x35A60
};

/* Fear -172 vtable slot RVAs */
const UINT_PTR g_fearVtableRVAs[172] = {
    0x59E740, 0x59E730, 0x59E660, 0x59E650, 0x50AF0, 0x71FE90, 0x35A60, 0x75C5F0,
    0x35A60, 0x35A60, 0x35A60, 0x35A60, 0x35A60, 0x35A60, 0x35A60, 0x35A60,
    0x35A60, 0x35A60, 0x35A60, 0x35A60, 0x35A60, 0x35A60, 0x35A60, 0x35A60,
    0x35A60, 0x75C5C0, 0x35A60, 0x35A60, 0x804220, 0x26BD0, 0x803960, 0x803860,
    0x803740, 0x9C390, 0x35A60, 0x976E0, 0x9C460, 0x2B5500, 0x35A60, 0x35A60,
    0x35A60, 0x2B5500, 0x35A60, 0x35A60, 0x35A60, 0x9C3F0, 0x35A60, 0x35A60,
    0x35A60, 0x35A60, 0x35A60, 0x35A60, 0x35A60, 0x35A60, 0x35A60, 0x35A60,
    0x35A60, 0x35A60, 0x35A60, 0x35A60, 0x35A60, 0x35A60, 0x35A60, 0x35A60,
    0x35A60, 0x35A60, 0x35A60, 0x35A60, 0x35A60, 0x35A60, 0x35A60, 0x35A60,
    0x35A60, 0x35A60, 0x35A60, 0x35A60, 0x35A60, 0x35A60, 0x35A60, 0x35A60,
    0x35A60, 0x75CC60, 0x35A60, 0x35A60, 0x35A60, 0x35A60, 0x35A60, 0x35A60,
    0x35A60, 0x35A60, 0x35A60, 0x35A60, 0x50AF0, 0x50AF0, 0x35A60, 0x35A60,
    0x35A60, 0x35A60, 0x35A60, 0x35A60, 0x35A60, 0x35A60, 0x35A60, 0x35A60,
    0x35A60, 0x35A60, 0x35A60, 0x35A60, 0x803F40, 0x35A60, 0x75CBE0, 0x75CBF0,
    0x9C550, 0x75CC40, 0x35A60, 0x35A60, 0x35A60, 0x35A60, 0x35A60, 0x35A60,
    0x35A60, 0x35A60, 0x35A60, 0x35A60, 0x35A60, 0x35A60, 0x35A60, 0x35A60,
    0x35A60, 0x35A60, 0x35A60, 0x35A60, 0x35A60, 0x75F0F0, 0x35A60, 0x35A60,
    0x35A60, 0x35A60, 0x35A60, 0x35A60, 0x35A60, 0x35A60, 0x75CC70, 0x35A60,
    0x35A60, 0x35A60, 0x35A60, 0x35A60, 0x2B5500, 0x2B5500, 0x35A60, 0x35A60,
    0x35A60, 0x35A60, 0x35A60, 0x35A60, 0x35A60, 0x35A60, 0x35A60, 0x35A60,
    0x35A60, 0x35A60, 0x35A60, 0x75CC10, 0x35A60, 0x35A60, 0x35A60, 0x50AF0,
    0x14C4E0, 0x803FA0, 0x35A60, 0x35A60
};

/* FinalBossHitCountdown -172 vtable slot RVAs */
const UINT_PTR g_finalBossHitCountdownVtableRVAs[172] = {
    0x569CE0, 0x569CD0, 0x569C00, 0x569BF0, 0x50AF0, 0x71FF10, 0x35A60, 0x75C5F0,
    0x35A60, 0x35A60, 0x35A60, 0x35A60, 0x35A60, 0x35A60, 0x35A60, 0x35A60,
    0x35A60, 0x35A60, 0x35A60, 0x35A60, 0x35A60, 0x35A60, 0x35A60, 0x35A60,
    0x35A60, 0x75C5C0, 0x35A60, 0x35A60, 0x7EB660, 0x26BD0, 0x803960, 0x803860,
    0x803740, 0x7EB2F0, 0x35A60, 0x35A60, 0x2B5500, 0x2B5500, 0x35A60, 0x35A60,
    0x35A60, 0x2B5500, 0x35A60, 0x35A60, 0x35A60, 0x35A60, 0x35A60, 0x35A60,
    0x35A60, 0x35A60, 0x35A60, 0x35A60, 0x35A60, 0x35A60, 0x35A60, 0x35A60,
    0x35A60, 0x35A60, 0x35A60, 0x35A60, 0x35A60, 0x35A60, 0x35A60, 0x35A60,
    0x35A60, 0x35A60, 0x35A60, 0x7EB440, 0x35A60, 0x35A60, 0x35A60, 0x35A60,
    0x35A60, 0x35A60, 0x35A60, 0x35A60, 0x35A60, 0x35A60, 0x35A60, 0x35A60,
    0x35A60, 0x75CC60, 0x35A60, 0x35A60, 0x35A60, 0x35A60, 0x35A60, 0x35A60,
    0x35A60, 0x35A60, 0x35A60, 0x35A60, 0x50AF0, 0x50AF0, 0x35A60, 0x35A60,
    0x35A60, 0x35A60, 0x35A60, 0x35A60, 0x35A60, 0x35A60, 0x35A60, 0x35A60,
    0x35A60, 0x35A60, 0x35A60, 0x35A60, 0x803F40, 0x35A60, 0x75CBE0, 0x75CBF0,
    0x75CC10, 0x75CC40, 0x35A60, 0x35A60, 0x35A60, 0x35A60, 0x35A60, 0x35A60,
    0x35A60, 0x35A60, 0x35A60, 0x35A60, 0x35A60, 0x35A60, 0x35A60, 0x35A60,
    0x35A60, 0x35A60, 0x35A60, 0x35A60, 0x35A60, 0x75F0F0, 0x35A60, 0x35A60,
    0x35A60, 0x35A60, 0x35A60, 0x35A60, 0x35A60, 0x35A60, 0x75CC70, 0x35A60,
    0x35A60, 0x35A60, 0x35A60, 0x35A60, 0x2B5500, 0x2B5500, 0x35A60, 0x35A60,
    0x35A60, 0x35A60, 0x35A60, 0x35A60, 0x35A60, 0x35A60, 0x35A60, 0x35A60,
    0x35A60, 0x35A60, 0x35A60, 0x75CC10, 0x35A60, 0x35A60, 0x35A60, 0x50AF0,
    0x14C4E0, 0x803FA0, 0x35A60, 0x35A60
};

/* FinalBossHitCountdownBoris -172 vtable slot RVAs */
const UINT_PTR g_finalBossHitCountdownBorisVtableRVAs[172] = {
    0x569A70, 0x569A60, 0x5699E0, 0x5699D0, 0x50AF0, 0x71FF90, 0x35A60, 0x75C5F0,
    0x35A60, 0x35A60, 0x35A60, 0x35A60, 0x35A60, 0x35A60, 0x35A60, 0x35A60,
    0x35A60, 0x35A60, 0x35A60, 0x35A60, 0x35A60, 0x35A60, 0x35A60, 0x35A60,
    0x35A60, 0x75C5C0, 0x35A60, 0x35A60, 0x7EB660, 0x26BD0, 0x803960, 0x803860,
    0x803740, 0x7EB2F0, 0x35A60, 0x35A60, 0x2B5500, 0x2B5500, 0x35A60, 0x35A60,
    0x35A60, 0x2B5500, 0x35A60, 0x35A60, 0x35A60, 0x35A60, 0x35A60, 0x35A60,
    0x35A60, 0x35A60, 0x35A60, 0x35A60, 0x35A60, 0x35A60, 0x35A60, 0x35A60,
    0x35A60, 0x35A60, 0x35A60, 0x35A60, 0x35A60, 0x35A60, 0x35A60, 0x35A60,
    0x35A60, 0x35A60, 0x35A60, 0x7EB440, 0x35A60, 0x35A60, 0x35A60, 0x35A60,
    0x35A60, 0x35A60, 0x35A60, 0x35A60, 0x35A60, 0x35A60, 0x35A60, 0x35A60,
    0x35A60, 0x75CC60, 0x35A60, 0x35A60, 0x35A60, 0x35A60, 0x35A60, 0x35A60,
    0x35A60, 0x35A60, 0x35A60, 0x35A60, 0x50AF0, 0x50AF0, 0x35A60, 0x35A60,
    0x35A60, 0x35A60, 0x35A60, 0x35A60, 0x35A60, 0x35A60, 0x35A60, 0x35A60,
    0x35A60, 0x35A60, 0x35A60, 0x35A60, 0x803F40, 0x35A60, 0x75CBE0, 0x75CBF0,
    0x75CC10, 0x75CC40, 0x35A60, 0x35A60, 0x35A60, 0x35A60, 0x35A60, 0x35A60,
    0x35A60, 0x35A60, 0x35A60, 0x35A60, 0x35A60, 0x35A60, 0x35A60, 0x35A60,
    0x35A60, 0x35A60, 0x35A60, 0x35A60, 0x35A60, 0x75F0F0, 0x35A60, 0x35A60,
    0x35A60, 0x35A60, 0x35A60, 0x35A60, 0x35A60, 0x35A60, 0x75CC70, 0x35A60,
    0x35A60, 0x35A60, 0x35A60, 0x35A60, 0x2B5500, 0x2B5500, 0x35A60, 0x35A60,
    0x35A60, 0x35A60, 0x35A60, 0x35A60, 0x35A60, 0x35A60, 0x35A60, 0x35A60,
    0x35A60, 0x35A60, 0x35A60, 0x75CC10, 0x35A60, 0x35A60, 0x35A60, 0x50AF0,
    0x14C4E0, 0x803FA0, 0x35A60, 0x35A60
};

/* FinalBossHitCountdownExplosive -172 vtable slot RVAs */
const UINT_PTR g_finalBossHitCountdownExplosiveVtableRVAs[172] = {
    0x569950, 0x3D18F0, 0x5698D0, 0x5698C0, 0x50AF0, 0x720010, 0x35A60, 0x75C5F0,
    0x35A60, 0x35A60, 0x35A60, 0x35A60, 0x35A60, 0x35A60, 0x35A60, 0x35A60,
    0x35A60, 0x35A60, 0x35A60, 0x35A60, 0x35A60, 0x35A60, 0x35A60, 0x35A60,
    0x35A60, 0x75C5C0, 0x35A60, 0x35A60, 0x7EB660, 0x26BD0, 0x803960, 0x803860,
    0x803740, 0x7EB2F0, 0x35A60, 0x35A60, 0x2B5500, 0x2B5500, 0x35A60, 0x35A60,
    0x35A60, 0x2B5500, 0x35A60, 0x35A60, 0x35A60, 0x35A60, 0x35A60, 0x35A60,
    0x35A60, 0x35A60, 0x35A60, 0x35A60, 0x35A60, 0x35A60, 0x35A60, 0x35A60,
    0x35A60, 0x35A60, 0x35A60, 0x35A60, 0x35A60, 0x35A60, 0x35A60, 0x35A60,
    0x35A60, 0x35A60, 0x35A60, 0x7EB440, 0x35A60, 0x35A60, 0x35A60, 0x35A60,
    0x35A60, 0x35A60, 0x35A60, 0x35A60, 0x35A60, 0x35A60, 0x35A60, 0x35A60,
    0x35A60, 0x75CC60, 0x35A60, 0x35A60, 0x35A60, 0x35A60, 0x35A60, 0x35A60,
    0x35A60, 0x35A60, 0x35A60, 0x35A60, 0x50AF0, 0x50AF0, 0x35A60, 0x35A60,
    0x35A60, 0x35A60, 0x35A60, 0x35A60, 0x35A60, 0x35A60, 0x35A60, 0x35A60,
    0x35A60, 0x35A60, 0x35A60, 0x35A60, 0x803F40, 0x35A60, 0x75CBE0, 0x75CBF0,
    0x75CC10, 0x75CC40, 0x35A60, 0x35A60, 0x35A60, 0x35A60, 0x35A60, 0x35A60,
    0x35A60, 0x35A60, 0x35A60, 0x35A60, 0x35A60, 0x35A60, 0x35A60, 0x35A60,
    0x35A60, 0x35A60, 0x35A60, 0x35A60, 0x35A60, 0x75F0F0, 0x35A60, 0x35A60,
    0x35A60, 0x35A60, 0x35A60, 0x35A60, 0x35A60, 0x35A60, 0x75CC70, 0x35A60,
    0x35A60, 0x35A60, 0x35A60, 0x35A60, 0x2B5500, 0x2B5500, 0x35A60, 0x35A60,
    0x35A60, 0x35A60, 0x35A60, 0x35A60, 0x35A60, 0x35A60, 0x35A60, 0x35A60,
    0x35A60, 0x35A60, 0x35A60, 0x75CC10, 0x35A60, 0x35A60, 0x35A60, 0x50AF0,
    0x14C4E0, 0x803FA0, 0x35A60, 0x35A60
};

/* FinalBossHitCountdownHoly -172 vtable slot RVAs */
const UINT_PTR g_finalBossHitCountdownHolyVtableRVAs[172] = {
    0x569B80, 0x569B70, 0x569AF0, 0x569AE0, 0x50AF0, 0x720090, 0x35A60, 0x75C5F0,
    0x35A60, 0x35A60, 0x35A60, 0x35A60, 0x35A60, 0x35A60, 0x35A60, 0x35A60,
    0x35A60, 0x35A60, 0x35A60, 0x35A60, 0x35A60, 0x35A60, 0x35A60, 0x35A60,
    0x35A60, 0x75C5C0, 0x35A60, 0x35A60, 0x7EB660, 0x26BD0, 0x803960, 0x803860,
    0x803740, 0x7EB2F0, 0x35A60, 0x35A60, 0x2B5500, 0x2B5500, 0x35A60, 0x35A60,
    0x35A60, 0x2B5500, 0x35A60, 0x35A60, 0x35A60, 0x35A60, 0x35A60, 0x35A60,
    0x35A60, 0x35A60, 0x35A60, 0x35A60, 0x35A60, 0x35A60, 0x35A60, 0x35A60,
    0x35A60, 0x35A60, 0x35A60, 0x35A60, 0x35A60, 0x35A60, 0x35A60, 0x35A60,
    0x35A60, 0x35A60, 0x35A60, 0x7EB440, 0x35A60, 0x35A60, 0x35A60, 0x35A60,
    0x35A60, 0x35A60, 0x35A60, 0x35A60, 0x35A60, 0x35A60, 0x35A60, 0x35A60,
    0x35A60, 0x75CC60, 0x35A60, 0x35A60, 0x35A60, 0x35A60, 0x35A60, 0x35A60,
    0x35A60, 0x35A60, 0x35A60, 0x35A60, 0x50AF0, 0x50AF0, 0x35A60, 0x35A60,
    0x35A60, 0x35A60, 0x35A60, 0x35A60, 0x35A60, 0x35A60, 0x35A60, 0x35A60,
    0x35A60, 0x35A60, 0x35A60, 0x35A60, 0x803F40, 0x35A60, 0x75CBE0, 0x75CBF0,
    0x75CC10, 0x75CC40, 0x35A60, 0x35A60, 0x35A60, 0x35A60, 0x35A60, 0x35A60,
    0x35A60, 0x35A60, 0x35A60, 0x35A60, 0x35A60, 0x35A60, 0x35A60, 0x35A60,
    0x35A60, 0x35A60, 0x35A60, 0x35A60, 0x35A60, 0x75F0F0, 0x35A60, 0x35A60,
    0x35A60, 0x35A60, 0x35A60, 0x35A60, 0x35A60, 0x35A60, 0x75CC70, 0x35A60,
    0x35A60, 0x35A60, 0x35A60, 0x35A60, 0x2B5500, 0x2B5500, 0x35A60, 0x35A60,
    0x35A60, 0x35A60, 0x35A60, 0x35A60, 0x35A60, 0x35A60, 0x35A60, 0x35A60,
    0x35A60, 0x35A60, 0x35A60, 0x75CC10, 0x35A60, 0x35A60, 0x35A60, 0x50AF0,
    0x14C4E0, 0x803FA0, 0x35A60, 0x35A60
};

/* FireArmor -172 vtable slot RVAs */
const UINT_PTR g_fireArmorVtableRVAs[172] = {
    0x57F1E0, 0x57F1D0, 0x57F100, 0x57F0F0, 0x50AF0, 0x720110, 0x35A60, 0x75C5F0,
    0x35A60, 0x35A60, 0x35A60, 0x35A60, 0x35A60, 0x35A60, 0x35A60, 0x35A60,
    0x35A60, 0x35A60, 0x35A60, 0x35A60, 0x35A60, 0x35A60, 0x35A60, 0x35A60,
    0x35A60, 0x75C5C0, 0x35A60, 0x35A60, 0x804220, 0x26BD0, 0x803960, 0x803860,
    0x803740, 0x35A60, 0x99A80, 0x35A60, 0x2B5500, 0x2B5500, 0x35A60, 0x35A60,
    0x35A60, 0x2B5500, 0x35A60, 0x35A60, 0x35A60, 0x35A60, 0x35A60, 0x35A60,
    0x35A60, 0x35A60, 0x35A60, 0x35A60, 0x35A60, 0x35A60, 0x35A60, 0x35A60,
    0x35A60, 0x35A60, 0x35A60, 0x35A60, 0x35A60, 0x35A60, 0x35A60, 0x35A60,
    0x218050, 0x35A60, 0x35A60, 0x35A60, 0x35A60, 0x35A60, 0x35A60, 0x35A60,
    0x35A60, 0x35A60, 0x35A60, 0x35A60, 0x35A60, 0x35A60, 0x35A60, 0x35A60,
    0x2181B0, 0x98010, 0x35A60, 0x35A60, 0x35A60, 0x35A60, 0x35A60, 0x35A60,
    0x35A60, 0x35A60, 0x35A60, 0x35A60, 0x50AF0, 0x50AF0, 0x35A60, 0x35A60,
    0x35A60, 0x35A60, 0x35A60, 0x35A60, 0x35A60, 0x35A60, 0x35A60, 0x35A60,
    0x35A60, 0x35A60, 0x35A60, 0x35A60, 0x803F40, 0x35A60, 0x75CBE0, 0x75CBF0,
    0x75CC10, 0x75CC40, 0x35A60, 0x35A60, 0x35A60, 0x35A60, 0x35A60, 0x35A60,
    0x35A60, 0x35A60, 0x35A60, 0x35A60, 0x35A60, 0x35A60, 0x35A60, 0x35A60,
    0x35A60, 0x35A60, 0x35A60, 0x35A60, 0x35A60, 0x75F0F0, 0x35A60, 0x35A60,
    0x35A60, 0x35A60, 0x35A60, 0x35A60, 0x35A60, 0x35A60, 0x75CC70, 0x35A60,
    0x35A60, 0x35A60, 0x35A60, 0x35A60, 0x2B5500, 0x2B5500, 0x35A60, 0x35A60,
    0x35A60, 0x35A60, 0x35A60, 0x35A60, 0x35A60, 0x35A60, 0x35A60, 0x35A60,
    0x35A60, 0x35A60, 0x35A60, 0x75CC10, 0x35A60, 0x35A60, 0x35A60, 0x50AF0,
    0x14C4E0, 0x803FA0, 0x35A60, 0x35A60
};

/* FireArmor2 -172 vtable slot RVAs */
const UINT_PTR g_fireArmor2VtableRVAs[172] = {
    0x57F0B0, 0x57F0A0, 0x57EFD0, 0x57EFC0, 0x50AF0, 0x720190, 0x35A60, 0x75C5F0,
    0x35A60, 0x35A60, 0x35A60, 0x35A60, 0x35A60, 0x35A60, 0x35A60, 0x35A60,
    0x35A60, 0x35A60, 0x35A60, 0x35A60, 0x35A60, 0x35A60, 0x35A60, 0x35A60,
    0x35A60, 0x75C5C0, 0x35A60, 0x35A60, 0x804220, 0x26BD0, 0x803960, 0x803860,
    0x803740, 0x35A60, 0x99A80, 0x35A60, 0x2B5500, 0x2B5500, 0x35A60, 0x35A60,
    0x35A60, 0x2B5500, 0x35A60, 0x35A60, 0x35A60, 0x35A60, 0x35A60, 0x35A60,
    0x35A60, 0x35A60, 0x35A60, 0x35A60, 0x35A60, 0x35A60, 0x35A60, 0x35A60,
    0x35A60, 0x35A60, 0x35A60, 0x35A60, 0x35A60, 0x35A60, 0x35A60, 0x35A60,
    0x218240, 0x35A60, 0x35A60, 0x35A60, 0x35A60, 0x35A60, 0x35A60, 0x35A60,
    0x35A60, 0x35A60, 0x35A60, 0x35A60, 0x35A60, 0x35A60, 0x35A60, 0x35A60,
    0x2181B0, 0x98010, 0x35A60, 0x35A60, 0x35A60, 0x35A60, 0x35A60, 0x35A60,
    0x35A60, 0x35A60, 0x35A60, 0x35A60, 0x50AF0, 0x50AF0, 0x35A60, 0x35A60,
    0x35A60, 0x35A60, 0x35A60, 0x35A60, 0x35A60, 0x35A60, 0x35A60, 0x35A60,
    0x35A60, 0x35A60, 0x35A60, 0x35A60, 0x803F40, 0x35A60, 0x75CBE0, 0x75CBF0,
    0x75CC10, 0x75CC40, 0x35A60, 0x35A60, 0x35A60, 0x35A60, 0x35A60, 0x35A60,
    0x35A60, 0x35A60, 0x35A60, 0x35A60, 0x35A60, 0x35A60, 0x35A60, 0x35A60,
    0x35A60, 0x35A60, 0x35A60, 0x35A60, 0x35A60, 0x75F0F0, 0x35A60, 0x35A60,
    0x35A60, 0x35A60, 0x35A60, 0x35A60, 0x35A60, 0x35A60, 0x75CC70, 0x35A60,
    0x35A60, 0x35A60, 0x35A60, 0x35A60, 0x2B5500, 0x2B5500, 0x35A60, 0x35A60,
    0x35A60, 0x35A60, 0x35A60, 0x35A60, 0x35A60, 0x35A60, 0x35A60, 0x35A60,
    0x35A60, 0x35A60, 0x35A60, 0x75CC10, 0x35A60, 0x35A60, 0x35A60, 0x50AF0,
    0x14C4E0, 0x803FA0, 0x35A60, 0x35A60
};

/* FloatingRockTrap -172 vtable slot RVAs */
const UINT_PTR g_floatingRockTrapVtableRVAs[172] = {
    0x568360, 0x568350, 0x568280, 0x568270, 0x50AF0, 0x720210, 0x35A60, 0x75C5F0,
    0x35A60, 0x35A60, 0x35A60, 0x35A60, 0x35A60, 0x35A60, 0x35A60, 0x35A60,
    0x7FC110, 0x35A60, 0x35A60, 0x35A60, 0x35A60, 0x35A60, 0x35A60, 0x35A60,
    0x35A60, 0x75C5C0, 0x35A60, 0x35A60, 0x804220, 0x26BD0, 0x803960, 0x803860,
    0x803740, 0x7FB680, 0x35A60, 0x35A60, 0x2B5500, 0x2B5500, 0x35A60, 0x35A60,
    0x35A60, 0x2B5500, 0x35A60, 0x7FBAE0, 0x35A60, 0x7FB9D0, 0x35A60, 0x35A60,
    0x35A60, 0x35A60, 0x35A60, 0x35A60, 0x35A60, 0x35A60, 0x35A60, 0x35A60,
    0x35A60, 0x35A60, 0x35A60, 0x35A60, 0x35A60, 0x35A60, 0x35A60, 0x35A60,
    0x7FBAF0, 0x35A60, 0x35A60, 0x35A60, 0x35A60, 0x35A60, 0x35A60, 0x35A60,
    0x35A60, 0x35A60, 0x35A60, 0x35A60, 0x35A60, 0x35A60, 0x35A60, 0x35A60,
    0x35A60, 0x75CC60, 0x35A60, 0x7DDD0, 0x35A60, 0x35A60, 0x35A60, 0x35A60,
    0x35A60, 0x35A60, 0x35A60, 0x7FBB70, 0x50AF0, 0x50AF0, 0x35A60, 0x35A60,
    0x35A60, 0x35A60, 0x35A60, 0x35A60, 0x35A60, 0x35A60, 0x35A60, 0x35A60,
    0x35A60, 0x35A60, 0x35A60, 0x35A60, 0x803F40, 0x35A60, 0x75CBE0, 0x75CBF0,
    0x75CC10, 0x75CC40, 0x35A60, 0x35A60, 0x35A60, 0x35A60, 0x35A60, 0x35A60,
    0x35A60, 0x35A60, 0x35A60, 0x35A60, 0x35A60, 0x35A60, 0x35A60, 0x35A60,
    0x35A60, 0x35A60, 0x35A60, 0x35A60, 0x35A60, 0x75F0F0, 0x35A60, 0x35A60,
    0x35A60, 0x35A60, 0x35A60, 0x35A60, 0x35A60, 0x35A60, 0x75CC70, 0x35A60,
    0x35A60, 0x35A60, 0x35A60, 0x35A60, 0x2B5500, 0x2B5500, 0x7FBA40, 0x35A60,
    0x35A60, 0x35A60, 0x35A60, 0x35A60, 0x35A60, 0x35A60, 0x35A60, 0x35A60,
    0x35A60, 0x35A60, 0x35A60, 0x75CC10, 0x35A60, 0x35A60, 0x35A60, 0x50AF0,
    0x14C4E0, 0x803FA0, 0x7FBA10, 0x35A60
};

/* FreeSpell -172 vtable slot RVAs */
const UINT_PTR g_freeSpellVtableRVAs[172] = {
    0x59DAC0, 0x59DAB0, 0x59D9E0, 0x59D9D0, 0x50AF0, 0x720290, 0x35A60, 0x75C5F0,
    0x35A60, 0x35A60, 0x35A60, 0x35A60, 0x35A60, 0x35A60, 0x35A60, 0x35A60,
    0x35A60, 0x35A60, 0x35A60, 0x35A60, 0x35A60, 0x35A60, 0x35A60, 0x35A60,
    0x35A60, 0x75C5C0, 0x35A60, 0x35A60, 0x804220, 0x26BD0, 0x803960, 0x803860,
    0x803740, 0x7D7D0, 0x35A60, 0x35A60, 0x2B5500, 0x2B5500, 0x35A60, 0x35A60,
    0x35A60, 0x2B5500, 0x35A60, 0x35A60, 0x35A60, 0x35A60, 0x35A60, 0x35A60,
    0x35A60, 0x35A60, 0x35A60, 0x35A60, 0x35A60, 0x35A60, 0x35A60, 0x35A60,
    0x35A60, 0x35A60, 0x35A60, 0x35A60, 0x35A60, 0x35A60, 0x35A60, 0x35A60,
    0x35A60, 0x35A60, 0x35A60, 0x35A60, 0x35A60, 0x35A60, 0x35A60, 0x35A60,
    0x35A60, 0x35A60, 0x35A60, 0x35A60, 0x35A60, 0x35A60, 0x35A60, 0x35A60,
    0x35A60, 0x75CC60, 0x35A60, 0x35A60, 0x35A60, 0x35A60, 0x35A60, 0x35A60,
    0x35A60, 0x9EA10, 0x35A60, 0x35A60, 0x50AF0, 0x50AF0, 0x35A60, 0x35A60,
    0x35A60, 0x35A60, 0x35A60, 0x35A60, 0x35A60, 0x35A60, 0x35A60, 0x35A60,
    0x35A60, 0x35A60, 0x35A60, 0x35A60, 0x803F40, 0x35A60, 0x75CBE0, 0x75CBF0,
    0x75CC10, 0x75CC40, 0x35A60, 0x35A60, 0x35A60, 0x35A60, 0x35A60, 0x35A60,
    0x35A60, 0x35A60, 0x35A60, 0x35A60, 0x9EA30, 0x35A60, 0x35A60, 0x35A60,
    0x35A60, 0x35A60, 0x35A60, 0x35A60, 0x35A60, 0x75F0F0, 0x35A60, 0x35A60,
    0x35A60, 0x35A60, 0x35A60, 0x35A60, 0x35A60, 0x35A60, 0x75CC70, 0x35A60,
    0x35A60, 0x35A60, 0x35A60, 0x35A60, 0x2B5500, 0x2B5500, 0x35A60, 0x35A60,
    0x35A60, 0x35A60, 0x35A60, 0x35A60, 0x35A60, 0x35A60, 0x35A60, 0x35A60,
    0x35A60, 0x35A60, 0x35A60, 0x75CC10, 0x35A60, 0x35A60, 0x35A60, 0x50AF0,
    0x14C4E0, 0x803FA0, 0x35A60, 0x35A60
};

/* Freeze -172 vtable slot RVAs */
const UINT_PTR g_freezeVtableRVAs[172] = {
    0x5A12F0, 0x5A12E0, 0x5A1210, 0x5A1200, 0x3D18F0, 0x720310, 0x35A60, 0x75C5F0,
    0x35A60, 0x35A60, 0x35A60, 0x98930, 0x35A60, 0x35A60, 0x35A60, 0x35A60,
    0x35A60, 0x35A60, 0x35A60, 0x35A60, 0x35A60, 0x35A60, 0x35A60, 0x35A60,
    0x35A60, 0x75C5C0, 0x35A60, 0x35A60, 0x804220, 0x26BD0, 0x803960, 0x803860,
    0x803740, 0x98390, 0x35A60, 0x98510, 0x98460, 0x2B5500, 0x35A60, 0x35A60,
    0x35A60, 0x2B5500, 0x35A60, 0x35A60, 0x983A0, 0x98420, 0x35A60, 0x35A60,
    0x35A60, 0x35A60, 0x35A60, 0x35A60, 0x35A60, 0x35A60, 0x35A60, 0x35A60,
    0x35A60, 0x35A60, 0x35A60, 0x35A60, 0x35A60, 0x98720, 0x35A60, 0x35A60,
    0x35A60, 0x35A60, 0x35A60, 0x35A60, 0x35A60, 0x35A60, 0x35A60, 0x35A60,
    0x35A60, 0x35A60, 0x35A60, 0x35A60, 0x35A60, 0x35A60, 0x35A60, 0x35A60,
    0x98620, 0x98920, 0x35A60, 0x35A60, 0x35A60, 0x35A60, 0x35A60, 0x35A60,
    0x35A60, 0x35A60, 0x35A60, 0x35A60, 0x50AF0, 0x50AF0, 0x35A60, 0x35A60,
    0x35A60, 0x35A60, 0x35A60, 0x35A60, 0x35A60, 0x35A60, 0x35A60, 0x35A60,
    0x35A60, 0x35A60, 0x35A60, 0x35A60, 0x803F40, 0x35A60, 0x75CBE0, 0x75CBF0,
    0x97730, 0x75CC40, 0x35A60, 0x35A60, 0x35A60, 0x35A60, 0x35A60, 0x35A60,
    0x35A60, 0x35A60, 0x35A60, 0x35A60, 0x35A60, 0x35A60, 0x35A60, 0x35A60,
    0x35A60, 0x35A60, 0x35A60, 0x35A60, 0x35A60, 0x75F0F0, 0x35A60, 0x35A60,
    0x35A60, 0x35A60, 0x35A60, 0x35A60, 0x35A60, 0x35A60, 0x75CC70, 0x35A60,
    0x35A60, 0x35A60, 0x35A60, 0x35A60, 0x2B5500, 0x2B5500, 0x35A60, 0x35A60,
    0x35A60, 0x35A60, 0x35A60, 0x35A60, 0x35A60, 0x35A60, 0x35A60, 0x35A60,
    0x35A60, 0x35A60, 0x35A60, 0x75CC10, 0x35A60, 0x35A60, 0x35A60, 0x50AF0,
    0x14C4E0, 0x803FA0, 0x35A60, 0x35A60
};

/* Fury -172 vtable slot RVAs */
const UINT_PTR g_furyVtableRVAs[172] = {
    0x5617F0, 0x5617E0, 0x561710, 0x561700, 0x50AF0, 0x720390, 0x35A60, 0x75C5F0,
    0x35A60, 0x35A60, 0x35A60, 0x35A60, 0x35A60, 0x35A60, 0x35A60, 0x35A60,
    0x35A60, 0x35A60, 0x35A60, 0x35A60, 0x35A60, 0x35A60, 0x35A60, 0x35A60,
    0x35A60, 0x75C5C0, 0x35A60, 0x35A60, 0x804220, 0x26BD0, 0x803960, 0x803860,
    0x803740, 0x7E220, 0x35A60, 0x35A60, 0x2B5500, 0x2B5500, 0x35A60, 0x35A60,
    0x35A60, 0x2B5500, 0x35A60, 0x35A60, 0x35A60, 0x35A60, 0x35A60, 0x35A60,
    0x35A60, 0x35A60, 0x35A60, 0x35A60, 0x35A60, 0x35A60, 0x35A60, 0x35A60,
    0x35A60, 0x89B220, 0x35A60, 0x35A60, 0x35A60, 0x35A60, 0x35A60, 0x35A60,
    0x35A60, 0x35A60, 0x35A60, 0x35A60, 0x35A60, 0x35A60, 0x35A60, 0x35A60,
    0x35A60, 0x35A60, 0x35A60, 0x35A60, 0x35A60, 0x35A60, 0x35A60, 0x35A60,
    0x35A60, 0x75CC60, 0x35A60, 0x35A60, 0x35A60, 0x35A60, 0x35A60, 0x35A60,
    0x35A60, 0x35A60, 0x35A60, 0x35A60, 0x50AF0, 0x50AF0, 0x35A60, 0x35A60,
    0x35A60, 0x35A60, 0x35A60, 0x35A60, 0x35A60, 0x35A60, 0x35A60, 0x35A60,
    0x35A60, 0x35A60, 0x35A60, 0x35A60, 0x803F40, 0x35A60, 0x75CBE0, 0x75CBF0,
    0x75CC10, 0x75CC40, 0x35A60, 0x35A60, 0x35A60, 0x35A60, 0x35A60, 0x35A60,
    0x35A60, 0x35A60, 0x35A60, 0x35A60, 0x35A60, 0x35A60, 0x35A60, 0x35A60,
    0x35A60, 0x35A60, 0x35A60, 0x35A60, 0x35A60, 0x75F0F0, 0x35A60, 0x35A60,
    0x35A60, 0x35A60, 0x35A60, 0x35A60, 0x35A60, 0x35A60, 0x75CC70, 0x35A60,
    0x35A60, 0x35A60, 0x35A60, 0x35A60, 0x2B5500, 0x2B5500, 0x35A60, 0x35A60,
    0x35A60, 0x35A60, 0x35A60, 0x35A60, 0x35A60, 0x35A60, 0x35A60, 0x35A60,
    0x35A60, 0x35A60, 0x35A60, 0x75CC10, 0x35A60, 0x35A60, 0x35A60, 0x50AF0,
    0x14C4E0, 0x803FA0, 0x35A60, 0x35A60
};

/* GainDisorderFromPool_PostCast -172 vtable slot RVAs */
const UINT_PTR g_gainDisorderFromPool_PostCastVtableRVAs[172] = {
    0x58D2A0, 0x58D290, 0x58D1C0, 0x58D1B0, 0x50AF0, 0x720410, 0x35A60, 0x75C5F0,
    0x35A60, 0x35A60, 0x35A60, 0x35A60, 0x35A60, 0x35A60, 0x35A60, 0x35A60,
    0x35A60, 0x35A60, 0x35A60, 0x35A60, 0x35A60, 0x35A60, 0x35A60, 0x35A60,
    0x35A60, 0x75C5C0, 0x35A60, 0x35A60, 0x804220, 0x26BD0, 0x803960, 0x803860,
    0x803740, 0x35A60, 0x35A60, 0x35A60, 0x2B5500, 0x2B5500, 0x35A60, 0x35A60,
    0x35A60, 0x2B5500, 0x35A60, 0x35A60, 0x35A60, 0x35A60, 0x35A60, 0x35A60,
    0x35A60, 0x35A60, 0x35A60, 0x35A60, 0x35A60, 0x35A60, 0x35A60, 0x35A60,
    0x35A60, 0x1689A0, 0x35A60, 0x35A60, 0x35A60, 0x35A60, 0x35A60, 0x35A60,
    0x35A60, 0x35A60, 0x35A60, 0x35A60, 0x35A60, 0x35A60, 0x35A60, 0x35A60,
    0x35A60, 0x35A60, 0x35A60, 0x35A60, 0x35A60, 0x35A60, 0x35A60, 0x35A60,
    0x35A60, 0x75CC60, 0x35A60, 0x35A60, 0x35A60, 0x35A60, 0x35A60, 0x35A60,
    0x35A60, 0x35A60, 0x35A60, 0x168940, 0x50AF0, 0x50AF0, 0x35A60, 0x35A60,
    0x35A60, 0x35A60, 0x35A60, 0x35A60, 0x35A60, 0x35A60, 0x35A60, 0x35A60,
    0x35A60, 0x35A60, 0x35A60, 0x35A60, 0x803F40, 0x35A60, 0x75CBE0, 0x75CBF0,
    0x75CC10, 0x75CC40, 0x35A60, 0x35A60, 0x35A60, 0x35A60, 0x35A60, 0x35A60,
    0x35A60, 0x35A60, 0x35A60, 0x35A60, 0x35A60, 0x35A60, 0x35A60, 0x35A60,
    0x35A60, 0x35A60, 0x35A60, 0x35A60, 0x35A60, 0x75F0F0, 0x35A60, 0x35A60,
    0x35A60, 0x35A60, 0x35A60, 0x35A60, 0x35A60, 0x35A60, 0x75CC70, 0x35A60,
    0x35A60, 0x35A60, 0x35A60, 0x35A60, 0x2B5500, 0x2B5500, 0x35A60, 0x35A60,
    0x35A60, 0x35A60, 0x35A60, 0x35A60, 0x35A60, 0x35A60, 0x35A60, 0x35A60,
    0x35A60, 0x35A60, 0x35A60, 0x75CC10, 0x35A60, 0x35A60, 0x35A60, 0x50AF0,
    0x14C4E0, 0x803FA0, 0x35A60, 0x35A60
};

/* Grappled -172 vtable slot RVAs */
const UINT_PTR g_grappledVtableRVAs[172] = {
    0x5A18E0, 0x5A18D0, 0x5A1800, 0x5A17F0, 0x50AF0, 0x720490, 0x35A60, 0x75C5F0,
    0x35A60, 0x35A60, 0x35A60, 0x97990, 0x35A60, 0x35A60, 0x35A60, 0x35A60,
    0x35A60, 0x35A60, 0x35A60, 0x35A60, 0x35A60, 0x35A60, 0x35A60, 0x35A60,
    0x35A60, 0x75C5C0, 0x35A60, 0x35A60, 0x804220, 0x26BD0, 0x803960, 0x803860,
    0x803740, 0x978D0, 0x35A60, 0x35A60, 0x2B5500, 0x2B5500, 0x35A60, 0x35A60,
    0x35A60, 0x2B5500, 0x35A60, 0x35A60, 0x978C0, 0x35A60, 0x35A60, 0x35A60,
    0x35A60, 0x35A60, 0x35A60, 0x35A60, 0x35A60, 0x35A60, 0x35A60, 0x35A60,
    0x35A60, 0x35A60, 0x35A60, 0x35A60, 0x35A60, 0x35A60, 0x35A60, 0x35A60,
    0x35A60, 0x35A60, 0x35A60, 0x35A60, 0x35A60, 0x35A60, 0x35A60, 0x35A60,
    0x35A60, 0x35A60, 0x35A60, 0x35A60, 0x35A60, 0x35A60, 0x35A60, 0x35A60,
    0x35A60, 0x7E0A0, 0x35A60, 0x35A60, 0x35A60, 0x35A60, 0x35A60, 0x35A60,
    0x35A60, 0x35A60, 0x35A60, 0x35A60, 0x50AF0, 0x50AF0, 0x35A60, 0x35A60,
    0x35A60, 0x35A60, 0x35A60, 0x35A60, 0x35A60, 0x35A60, 0x35A60, 0x35A60,
    0x35A60, 0x35A60, 0x35A60, 0x35A60, 0x803F40, 0x35A60, 0x75CBE0, 0x75CBF0,
    0x75CC10, 0x75CC40, 0x35A60, 0x35A60, 0x35A60, 0x35A60, 0x35A60, 0x35A60,
    0x35A60, 0x35A60, 0x35A60, 0x35A60, 0x35A60, 0x35A60, 0x35A60, 0x35A60,
    0x35A60, 0x35A60, 0x35A60, 0x35A60, 0x35A60, 0x75F0F0, 0x35A60, 0x35A60,
    0x35A60, 0x35A60, 0x35A60, 0x35A60, 0x35A60, 0x35A60, 0x75CC70, 0x35A60,
    0x35A60, 0x35A60, 0x35A60, 0x35A60, 0x2B5500, 0x2B5500, 0x35A60, 0x35A60,
    0x35A60, 0x35A60, 0x35A60, 0x35A60, 0x35A60, 0x35A60, 0x35A60, 0x35A60,
    0x35A60, 0x35A60, 0x35A60, 0x75CC10, 0x35A60, 0x35A60, 0x35A60, 0x50AF0,
    0x14C4E0, 0x803FA0, 0x35A60, 0x35A60
};

/* Grappling -172 vtable slot RVAs */
const UINT_PTR g_grapplingVtableRVAs[172] = {
    0x5A17B0, 0x5A17A0, 0x5A16D0, 0x5A16C0, 0x50AF0, 0x720510, 0x35A60, 0x75C5F0,
    0x35A60, 0x35A60, 0x35A60, 0x97A50, 0x35A60, 0x35A60, 0x35A60, 0x35A60,
    0x35A60, 0x35A60, 0x35A60, 0x35A60, 0x35A60, 0x35A60, 0x35A60, 0x35A60,
    0x35A60, 0x75C5C0, 0x35A60, 0x35A60, 0x804220, 0x26BD0, 0x803960, 0x803860,
    0x803740, 0x35A60, 0x35A60, 0x35A60, 0x2B5500, 0x2B5500, 0x35A60, 0x35A60,
    0x35A60, 0x2B5500, 0x35A60, 0x35A60, 0x35A60, 0x35A60, 0x35A60, 0x35A60,
    0x35A60, 0x35A60, 0x35A60, 0x35A60, 0x35A60, 0x35A60, 0x35A60, 0x35A60,
    0x35A60, 0x35A60, 0x35A60, 0x35A60, 0x35A60, 0x35A60, 0x35A60, 0x35A60,
    0x35A60, 0x35A60, 0x35A60, 0x35A60, 0x35A60, 0x35A60, 0x35A60, 0x35A60,
    0x35A60, 0x35A60, 0x35A60, 0x35A60, 0x35A60, 0x35A60, 0x35A60, 0x35A60,
    0x35A60, 0x75CC60, 0x35A60, 0x35A60, 0x35A60, 0x35A60, 0x35A60, 0x35A60,
    0x35A60, 0x35A60, 0x35A60, 0x35A60, 0x50AF0, 0x50AF0, 0x35A60, 0x35A60,
    0x35A60, 0x35A60, 0x35A60, 0x35A60, 0x35A60, 0x35A60, 0x35A60, 0x35A60,
    0x35A60, 0x35A60, 0x35A60, 0x35A60, 0x803F40, 0x35A60, 0x75CBE0, 0x75CBF0,
    0x75CC10, 0x75CC40, 0x35A60, 0x35A60, 0x35A60, 0x35A60, 0x35A60, 0x35A60,
    0x35A60, 0x35A60, 0x35A60, 0x35A60, 0x35A60, 0x35A60, 0x35A60, 0x35A60,
    0x35A60, 0x35A60, 0x35A60, 0x35A60, 0x35A60, 0x75F0F0, 0x35A60, 0x35A60,
    0x35A60, 0x35A60, 0x35A60, 0x35A60, 0x35A60, 0x35A60, 0x75CC70, 0x35A60,
    0x35A60, 0x35A60, 0x35A60, 0x35A60, 0x2B5500, 0x2B5500, 0x35A60, 0x35A60,
    0x35A60, 0x35A60, 0x35A60, 0x35A60, 0x35A60, 0x35A60, 0x35A60, 0x35A60,
    0x35A60, 0x35A60, 0x35A60, 0x75CC10, 0x35A60, 0x35A60, 0x35A60, 0x50AF0,
    0x14C4E0, 0x803FA0, 0x35A60, 0x35A60
};

/* HalfBasicAttackDamage -172 vtable slot RVAs */
const UINT_PTR g_halfBasicAttackDamageVtableRVAs[172] = {
    0x57EC10, 0x57EC00, 0x57EB30, 0x57EB20, 0x50AF0, 0x720590, 0x35A60, 0x75C5F0,
    0x35A60, 0x35A60, 0x35A60, 0x35A60, 0x35A60, 0x35A60, 0x35A60, 0x35A60,
    0x35A60, 0x35A60, 0x35A60, 0x35A60, 0x35A60, 0x35A60, 0x35A60, 0x35A60,
    0x35A60, 0x75C5C0, 0x35A60, 0x35A60, 0x804220, 0x26BD0, 0x803960, 0x803860,
    0x803740, 0x77BF0, 0x35A60, 0x35A60, 0x2B5500, 0x2B5500, 0x35A60, 0x35A60,
    0x35A60, 0x2B5500, 0x35A60, 0x35A60, 0x35A60, 0x35A60, 0x35A60, 0x35A60,
    0x35A60, 0x35A60, 0x35A60, 0x35A60, 0x35A60, 0x35A60, 0x35A60, 0x35A60,
    0x35A60, 0x35A60, 0x35A60, 0x35A60, 0x35A60, 0x35A60, 0x35A60, 0x35A60,
    0x35A60, 0x35A60, 0x35A60, 0x35A60, 0x35A60, 0x35A60, 0x35A60, 0x35A60,
    0x35A60, 0x35A60, 0x35A60, 0x35A60, 0x35A60, 0x35A60, 0x35A60, 0x35A60,
    0x35A60, 0x75CC60, 0x35A60, 0x35A60, 0x35A60, 0x35A60, 0x35A60, 0x35A60,
    0x35A60, 0x218B10, 0x35A60, 0x35A60, 0x50AF0, 0x50AF0, 0x35A60, 0x35A60,
    0x35A60, 0x35A60, 0x35A60, 0x35A60, 0x35A60, 0x35A60, 0x35A60, 0x35A60,
    0x35A60, 0x35A60, 0x35A60, 0x35A60, 0x803F40, 0x35A60, 0x75CBE0, 0x75CBF0,
    0x75CC10, 0x75CC40, 0x35A60, 0x35A60, 0x35A60, 0x35A60, 0x35A60, 0x35A60,
    0x35A60, 0x35A60, 0x35A60, 0x35A60, 0x35A60, 0x35A60, 0x35A60, 0x35A60,
    0x35A60, 0x35A60, 0x35A60, 0x35A60, 0x35A60, 0x75F0F0, 0x35A60, 0x35A60,
    0x35A60, 0x35A60, 0x35A60, 0x35A60, 0x35A60, 0x35A60, 0x75CC70, 0x35A60,
    0x35A60, 0x35A60, 0x35A60, 0x35A60, 0x2B5500, 0x2B5500, 0x35A60, 0x35A60,
    0x35A60, 0x35A60, 0x35A60, 0x35A60, 0x35A60, 0x35A60, 0x35A60, 0x35A60,
    0x35A60, 0x35A60, 0x35A60, 0x75CC10, 0x35A60, 0x35A60, 0x35A60, 0x50AF0,
    0x14C4E0, 0x803FA0, 0x35A60, 0x35A60
};

/* HealthRegenUp -172 vtable slot RVAs */
const UINT_PTR g_healthRegenUpVtableRVAs[172] = {
    0x562750, 0x562740, 0x562670, 0x562660, 0x50AF0, 0x720610, 0x35A60, 0x75C5F0,
    0x35A60, 0x35A60, 0x35A60, 0x35A60, 0x35A60, 0x35A60, 0x35A60, 0x35A60,
    0x35A60, 0x35A60, 0x35A60, 0x35A60, 0x35A60, 0x35A60, 0x35A60, 0x35A60,
    0x35A60, 0x75C5C0, 0x35A60, 0x35A60, 0x804220, 0x26BD0, 0x803960, 0x803860,
    0x803740, 0x35A60, 0x35A60, 0x35A60, 0x2B5500, 0x2B5500, 0x35A60, 0x35A60,
    0x35A60, 0x2B5500, 0x35A60, 0x35A60, 0x35A60, 0x35A60, 0x35A60, 0x35A60,
    0x35A60, 0x35A60, 0x35A60, 0x35A60, 0x35A60, 0x35A60, 0x35A60, 0x35A60,
    0x35A60, 0x35A60, 0x35A60, 0x35A60, 0x35A60, 0x35A60, 0x35A60, 0x35A60,
    0x35A60, 0x35A60, 0x35A60, 0x35A60, 0x35A60, 0x35A60, 0x35A60, 0x35A60,
    0x35A60, 0x35A60, 0x35A60, 0x35A60, 0x35A60, 0x35A60, 0x35A60, 0x35A60,
    0x35A60, 0x75CC60, 0x35A60, 0x9F160, 0x35A60, 0x35A60, 0x35A60, 0x35A60,
    0x35A60, 0x35A60, 0x35A60, 0x35A60, 0x50AF0, 0x50AF0, 0x35A60, 0x35A60,
    0x35A60, 0x35A60, 0x35A60, 0x35A60, 0x35A60, 0x35A60, 0x35A60, 0x35A60,
    0x35A60, 0x35A60, 0x35A60, 0x35A60, 0x803F40, 0x35A60, 0x75CBE0, 0x75CBF0,
    0x75CC10, 0x75CC40, 0x35A60, 0x35A60, 0x35A60, 0x35A60, 0x35A60, 0x35A60,
    0x35A60, 0x35A60, 0x35A60, 0x35A60, 0x35A60, 0x35A60, 0x35A60, 0x35A60,
    0x35A60, 0x35A60, 0x35A60, 0x35A60, 0x35A60, 0x75F0F0, 0x35A60, 0x35A60,
    0x35A60, 0x35A60, 0x35A60, 0x35A60, 0x35A60, 0x35A60, 0x75CC70, 0x35A60,
    0x35A60, 0x35A60, 0x35A60, 0x35A60, 0x2B5500, 0x2B5500, 0x35A60, 0x35A60,
    0x35A60, 0x35A60, 0x35A60, 0x35A60, 0x35A60, 0x35A60, 0x35A60, 0x35A60,
    0x35A60, 0x35A60, 0x35A60, 0x75CC10, 0x35A60, 0x35A60, 0x35A60, 0x50AF0,
    0x14C4E0, 0x803FA0, 0x35A60, 0x35A60
};

/* HeavierHits -172 vtable slot RVAs */
const UINT_PTR g_heavierHitsVtableRVAs[172] = {
    0x5777B0, 0x5777A0, 0x5776D0, 0x5776C0, 0x50AF0, 0x720690, 0x35A60, 0x75C5F0,
    0x35A60, 0x35A60, 0x35A60, 0x35A60, 0x35A60, 0x35A60, 0x35A60, 0x35A60,
    0x35A60, 0x35A60, 0x35A60, 0x35A60, 0x35A60, 0x35A60, 0x35A60, 0x35A60,
    0x35A60, 0x75C5C0, 0x35A60, 0x35A60, 0x804220, 0x26BD0, 0x803960, 0x803860,
    0x803740, 0x35A60, 0x35A60, 0x977D0, 0x2B5500, 0x2B5500, 0x35A60, 0x35A60,
    0x35A60, 0x2B5500, 0x35A60, 0x35A60, 0x35A60, 0x35A60, 0x35A60, 0x35A60,
    0x35A60, 0x35A60, 0x35A60, 0x35A60, 0x35A60, 0x35A60, 0x35A60, 0x35A60,
    0x35A60, 0x35A60, 0x263FA0, 0x35A60, 0x35A60, 0x35A60, 0x35A60, 0x35A60,
    0x35A60, 0x35A60, 0x35A60, 0x35A60, 0x35A60, 0x35A60, 0x35A60, 0x35A60,
    0x35A60, 0x35A60, 0x35A60, 0x35A60, 0x35A60, 0x35A60, 0x35A60, 0x35A60,
    0x35A60, 0x75CC60, 0x35A60, 0x35A60, 0x35A60, 0x35A60, 0x35A60, 0x35A60,
    0x35A60, 0x35A60, 0x35A60, 0x35A60, 0x50AF0, 0x50AF0, 0x35A60, 0x35A60,
    0x35A60, 0x35A60, 0x35A60, 0x35A60, 0x35A60, 0x35A60, 0x35A60, 0x35A60,
    0x35A60, 0x35A60, 0x35A60, 0x35A60, 0x803F40, 0x35A60, 0x75CBE0, 0x75CBF0,
    0x75CC10, 0x75CC40, 0x35A60, 0x35A60, 0x35A60, 0x35A60, 0x35A60, 0x35A60,
    0x35A60, 0x35A60, 0x35A60, 0x35A60, 0x35A60, 0x35A60, 0x35A60, 0x35A60,
    0x35A60, 0x35A60, 0x35A60, 0x35A60, 0x35A60, 0x75F0F0, 0x35A60, 0x35A60,
    0x35A60, 0x35A60, 0x35A60, 0x35A60, 0x35A60, 0x35A60, 0x75CC70, 0x35A60,
    0x35A60, 0x35A60, 0x35A60, 0x35A60, 0x2B5500, 0x2B5500, 0x35A60, 0x35A60,
    0x35A60, 0x35A60, 0x35A60, 0x35A60, 0x35A60, 0x35A60, 0x35A60, 0x35A60,
    0x35A60, 0x35A60, 0x35A60, 0x75CC10, 0x35A60, 0x35A60, 0x35A60, 0x50AF0,
    0x14C4E0, 0x803FA0, 0x35A60, 0x35A60
};

/* HeavyHits -172 vtable slot RVAs */
const UINT_PTR g_heavyHitsVtableRVAs[172] = {
    0x5778F0, 0x5778E0, 0x577810, 0x577800, 0x50AF0, 0x720710, 0x35A60, 0x75C5F0,
    0x35A60, 0x35A60, 0x35A60, 0x35A60, 0x35A60, 0x35A60, 0x35A60, 0x35A60,
    0x35A60, 0x35A60, 0x35A60, 0x35A60, 0x35A60, 0x35A60, 0x35A60, 0x35A60,
    0x35A60, 0x75C5C0, 0x35A60, 0x35A60, 0x804220, 0x26BD0, 0x803960, 0x803860,
    0x803740, 0x35A60, 0x35A60, 0x977D0, 0x2B5500, 0x2B5500, 0x35A60, 0x35A60,
    0x35A60, 0x2B5500, 0x35A60, 0x35A60, 0x35A60, 0x35A60, 0x35A60, 0x35A60,
    0x35A60, 0x35A60, 0x35A60, 0x35A60, 0x35A60, 0x35A60, 0x35A60, 0x35A60,
    0x35A60, 0x35A60, 0x35A60, 0x35A60, 0x35A60, 0x35A60, 0x35A60, 0x35A60,
    0x35A60, 0x35A60, 0x35A60, 0x35A60, 0x35A60, 0x35A60, 0x35A60, 0x35A60,
    0x35A60, 0x35A60, 0x35A60, 0x35A60, 0x35A60, 0x35A60, 0x35A60, 0x35A60,
    0x35A60, 0x75CC60, 0x35A60, 0x35A60, 0x35A60, 0x35A60, 0x35A60, 0x35A60,
    0x35A60, 0x263F60, 0x35A60, 0x35A60, 0x50AF0, 0x50AF0, 0x35A60, 0x35A60,
    0x35A60, 0x35A60, 0x35A60, 0x35A60, 0x35A60, 0x35A60, 0x35A60, 0x35A60,
    0x35A60, 0x35A60, 0x35A60, 0x35A60, 0x803F40, 0x35A60, 0x75CBE0, 0x75CBF0,
    0x75CC10, 0x75CC40, 0x35A60, 0x35A60, 0x35A60, 0x35A60, 0x35A60, 0x35A60,
    0x35A60, 0x35A60, 0x35A60, 0x35A60, 0x35A60, 0x35A60, 0x35A60, 0x35A60,
    0x35A60, 0x35A60, 0x35A60, 0x35A60, 0x35A60, 0x75F0F0, 0x35A60, 0x35A60,
    0x35A60, 0x35A60, 0x35A60, 0x35A60, 0x35A60, 0x35A60, 0x75CC70, 0x35A60,
    0x35A60, 0x35A60, 0x35A60, 0x35A60, 0x2B5500, 0x2B5500, 0x35A60, 0x35A60,
    0x35A60, 0x35A60, 0x35A60, 0x35A60, 0x35A60, 0x35A60, 0x35A60, 0x35A60,
    0x35A60, 0x35A60, 0x35A60, 0x75CC10, 0x35A60, 0x35A60, 0x35A60, 0x50AF0,
    0x14C4E0, 0x803FA0, 0x35A60, 0x35A60
};

/* Hex -172 vtable slot RVAs */
const UINT_PTR g_hexVtableRVAs[172] = {
    0x59D190, 0x59D180, 0x59D0B0, 0x59D0A0, 0x50AF0, 0x720790, 0x35A60, 0x75C5F0,
    0x35A60, 0x35A60, 0x35A60, 0x35A60, 0x35A60, 0x35A60, 0x35A60, 0x35A60,
    0x35A60, 0x35A60, 0x35A60, 0x35A60, 0x35A60, 0x35A60, 0x35A60, 0x35A60,
    0x35A60, 0x75C5C0, 0x35A60, 0x35A60, 0x804220, 0x26BD0, 0x803960, 0x803860,
    0x803740, 0x35A60, 0x35A60, 0x35A60, 0x2B5500, 0x2B5500, 0x35A60, 0x35A60,
    0x35A60, 0x2B5500, 0x35A60, 0x35A60, 0x35A60, 0x35A60, 0x35A60, 0x35A60,
    0x35A60, 0x35A60, 0x35A60, 0x35A60, 0x35A60, 0x35A60, 0x35A60, 0x35A60,
    0x35A60, 0x35A60, 0x35A60, 0x35A60, 0x35A60, 0x35A60, 0x35A60, 0x35A60,
    0x35A60, 0x35A60, 0x35A60, 0x35A60, 0x35A60, 0x35A60, 0x35A60, 0x35A60,
    0x35A60, 0x35A60, 0x35A60, 0x35A60, 0x35A60, 0x35A60, 0x35A60, 0x35A60,
    0x35A60, 0x75CC60, 0x35A60, 0x35A60, 0x35A60, 0x35A60, 0x35A60, 0x35A60,
    0x35A60, 0x9F120, 0x35A60, 0x35A60, 0x50AF0, 0x50AF0, 0x35A60, 0x35A60,
    0x35A60, 0x35A60, 0x35A60, 0x35A60, 0x35A60, 0x35A60, 0x35A60, 0x35A60,
    0x35A60, 0x35A60, 0x35A60, 0x35A60, 0x803F40, 0x35A60, 0x75CBE0, 0x75CBF0,
    0x75CC10, 0x75CC40, 0x35A60, 0x35A60, 0x35A60, 0x35A60, 0x35A60, 0x35A60,
    0x35A60, 0x35A60, 0x35A60, 0x35A60, 0x35A60, 0x35A60, 0x35A60, 0x35A60,
    0x35A60, 0x35A60, 0x35A60, 0x35A60, 0x35A60, 0x75F0F0, 0x35A60, 0x35A60,
    0x35A60, 0x35A60, 0x35A60, 0x35A60, 0x35A60, 0x35A60, 0x75CC70, 0x35A60,
    0x35A60, 0x35A60, 0x35A60, 0x35A60, 0x2B5500, 0x2B5500, 0x35A60, 0x35A60,
    0x35A60, 0x35A60, 0x35A60, 0x35A60, 0x35A60, 0x35A60, 0x35A60, 0x35A60,
    0x35A60, 0x35A60, 0x35A60, 0x75CC10, 0x35A60, 0x35A60, 0x35A60, 0x50AF0,
    0x14C4E0, 0x803FA0, 0x35A60, 0x35A60
};

/* HiddenDoomed -172 vtable slot RVAs */
const UINT_PTR g_hiddenDoomedVtableRVAs[172] = {
    0x59D2C0, 0x59D2B0, 0x59D1E0, 0x59D1D0, 0x50AF0, 0x720810, 0x35A60, 0x75C5F0,
    0x35A60, 0x35A60, 0x35A60, 0x35A60, 0x35A60, 0x35A60, 0x35A60, 0x35A60,
    0x35A60, 0x35A60, 0x35A60, 0x35A60, 0x35A60, 0x35A60, 0x35A60, 0x35A60,
    0x35A60, 0x75C5C0, 0x35A60, 0x35A60, 0x804220, 0x26BD0, 0x803960, 0x803860,
    0x803740, 0x35A60, 0x35A60, 0x9F070, 0x2B5500, 0x2B5500, 0x35A60, 0x35A60,
    0x35A60, 0x2B5500, 0x35A60, 0x35A60, 0x35A60, 0x35A60, 0x35A60, 0x35A60,
    0x35A60, 0x35A60, 0x35A60, 0x35A60, 0x35A60, 0x35A60, 0x35A60, 0x35A60,
    0x35A60, 0x35A60, 0x35A60, 0x35A60, 0x35A60, 0x35A60, 0x35A60, 0x35A60,
    0x35A60, 0x35A60, 0x35A60, 0x35A60, 0x35A60, 0x35A60, 0x35A60, 0x35A60,
    0x35A60, 0x35A60, 0x35A60, 0x35A60, 0x35A60, 0x35A60, 0x35A60, 0x35A60,
    0x35A60, 0x75CC60, 0x35A60, 0x35A60, 0x35A60, 0x35A60, 0x35A60, 0x35A60,
    0x35A60, 0x35A60, 0x35A60, 0x35A60, 0x50AF0, 0x50AF0, 0x35A60, 0x35A60,
    0x35A60, 0x35A60, 0x35A60, 0x35A60, 0x35A60, 0x35A60, 0x35A60, 0x35A60,
    0x35A60, 0x35A60, 0x35A60, 0x35A60, 0x803F40, 0x35A60, 0x75CBE0, 0x75CBF0,
    0x75CC10, 0x75CC40, 0x35A60, 0x35A60, 0x35A60, 0x35A60, 0x35A60, 0x35A60,
    0x35A60, 0x35A60, 0x35A60, 0x35A60, 0x35A60, 0x35A60, 0x35A60, 0x35A60,
    0x35A60, 0x35A60, 0x35A60, 0x35A60, 0x35A60, 0x75F0F0, 0x35A60, 0x35A60,
    0x35A60, 0x35A60, 0x35A60, 0x35A60, 0x35A60, 0x35A60, 0x75CC70, 0x35A60,
    0x35A60, 0x35A60, 0x35A60, 0x35A60, 0x2B5500, 0x2B5500, 0x35A60, 0x35A60,
    0x35A60, 0x35A60, 0x35A60, 0x35A60, 0x35A60, 0x35A60, 0x35A60, 0x35A60,
    0x35A60, 0x35A60, 0x35A60, 0x75CC10, 0x35A60, 0x35A60, 0x35A60, 0x50AF0,
    0x14C4E0, 0x803FA0, 0x35A60, 0x35A60
};

/* HideEquipment -172 vtable slot RVAs */
const UINT_PTR g_hideEquipmentVtableRVAs[172] = {
    0x558E10, 0x558E00, 0x558D30, 0x558D20, 0x50AF0, 0x720890, 0x35A60, 0x75C5F0,
    0x35A60, 0x35A60, 0x35A60, 0x35A60, 0x35A60, 0x35A60, 0x35A60, 0x35A60,
    0x35A60, 0x35A60, 0x35A60, 0x35A60, 0x35A60, 0x35A60, 0x35A60, 0x35A60,
    0x35A60, 0x75C5C0, 0x35A60, 0x35A60, 0x804220, 0x26BD0, 0x803960, 0x803860,
    0x803740, 0x8F7A20, 0x35A60, 0x35A60, 0x2B5500, 0x2B5500, 0x35A60, 0x35A60,
    0x35A60, 0x2B5500, 0x35A60, 0x35A60, 0x8EF260, 0x8EF260, 0x35A60, 0x35A60,
    0x35A60, 0x35A60, 0x35A60, 0x35A60, 0x35A60, 0x35A60, 0x35A60, 0x35A60,
    0x35A60, 0x35A60, 0x35A60, 0x35A60, 0x35A60, 0x35A60, 0x35A60, 0x35A60,
    0x35A60, 0x35A60, 0x35A60, 0x35A60, 0x35A60, 0x35A60, 0x35A60, 0x35A60,
    0x35A60, 0x35A60, 0x35A60, 0x35A60, 0x35A60, 0x35A60, 0x35A60, 0x35A60,
    0x35A60, 0x75CC60, 0x35A60, 0x35A60, 0x35A60, 0x35A60, 0x35A60, 0x35A60,
    0x35A60, 0x35A60, 0x35A60, 0x35A60, 0x50AF0, 0x50AF0, 0x35A60, 0x35A60,
    0x35A60, 0x35A60, 0x35A60, 0x35A60, 0x35A60, 0x35A60, 0x35A60, 0x35A60,
    0x35A60, 0x35A60, 0x35A60, 0x35A60, 0x803F40, 0x35A60, 0x75CBE0, 0x75CBF0,
    0x75CC10, 0x75CC40, 0x35A60, 0x35A60, 0x35A60, 0x35A60, 0x35A60, 0x35A60,
    0x35A60, 0x35A60, 0x35A60, 0x35A60, 0x35A60, 0x35A60, 0x35A60, 0x35A60,
    0x35A60, 0x35A60, 0x35A60, 0x35A60, 0x35A60, 0x75F0F0, 0x35A60, 0x35A60,
    0x35A60, 0x35A60, 0x35A60, 0x8F7CB0, 0x35A60, 0x35A60, 0x75CC70, 0x35A60,
    0x35A60, 0x35A60, 0x35A60, 0x35A60, 0x2B5500, 0x2B5500, 0x35A60, 0x35A60,
    0x35A60, 0x35A60, 0x35A60, 0x35A60, 0x35A60, 0x35A60, 0x35A60, 0x35A60,
    0x35A60, 0x35A60, 0x35A60, 0x75CC10, 0x35A60, 0x35A60, 0x35A60, 0x50AF0,
    0x14C4E0, 0x803FA0, 0x35A60, 0x35A60
};

/* IceArmor -172 vtable slot RVAs */
const UINT_PTR g_iceArmorVtableRVAs[172] = {
    0x57F310, 0x57F300, 0x57F230, 0x57F220, 0x50AF0, 0x720910, 0x35A60, 0x75C5F0,
    0x35A60, 0x35A60, 0x35A60, 0x35A60, 0x35A60, 0x35A60, 0x35A60, 0x35A60,
    0x35A60, 0x35A60, 0x35A60, 0x35A60, 0x35A60, 0x35A60, 0x35A60, 0x35A60,
    0x35A60, 0x75C5C0, 0x35A60, 0x35A60, 0x804220, 0x26BD0, 0x803960, 0x803860,
    0x803740, 0x35A60, 0x99A80, 0x35A60, 0x2B5500, 0x2B5500, 0x35A60, 0x35A60,
    0x35A60, 0x2B5500, 0x35A60, 0x35A60, 0x35A60, 0x35A60, 0x35A60, 0x35A60,
    0x35A60, 0x35A60, 0x35A60, 0x35A60, 0x35A60, 0x35A60, 0x35A60, 0x35A60,
    0x35A60, 0x35A60, 0x35A60, 0x35A60, 0x35A60, 0x35A60, 0x35A60, 0x35A60,
    0x217EA0, 0x35A60, 0x35A60, 0x35A60, 0x35A60, 0x35A60, 0x35A60, 0x35A60,
    0x35A60, 0x35A60, 0x35A60, 0x35A60, 0x35A60, 0x35A60, 0x35A60, 0x35A60,
    0x218010, 0x218040, 0x35A60, 0x35A60, 0x35A60, 0x35A60, 0x35A60, 0x35A60,
    0x35A60, 0x35A60, 0x35A60, 0x35A60, 0x50AF0, 0x50AF0, 0x35A60, 0x35A60,
    0x35A60, 0x35A60, 0x35A60, 0x35A60, 0x35A60, 0x35A60, 0x35A60, 0x35A60,
    0x35A60, 0x35A60, 0x35A60, 0x35A60, 0x803F40, 0x35A60, 0x75CBE0, 0x75CBF0,
    0x75CC10, 0x75CC40, 0x35A60, 0x35A60, 0x35A60, 0x35A60, 0x35A60, 0x35A60,
    0x35A60, 0x35A60, 0x35A60, 0x35A60, 0x35A60, 0x35A60, 0x35A60, 0x35A60,
    0x35A60, 0x35A60, 0x35A60, 0x35A60, 0x35A60, 0x75F0F0, 0x35A60, 0x35A60,
    0x35A60, 0x35A60, 0x35A60, 0x35A60, 0x35A60, 0x35A60, 0x75CC70, 0x35A60,
    0x35A60, 0x35A60, 0x35A60, 0x35A60, 0x2B5500, 0x2B5500, 0x35A60, 0x35A60,
    0x35A60, 0x35A60, 0x35A60, 0x35A60, 0x35A60, 0x35A60, 0x35A60, 0x35A60,
    0x35A60, 0x35A60, 0x35A60, 0x75CC10, 0x35A60, 0x35A60, 0x35A60, 0x50AF0,
    0x14C4E0, 0x803FA0, 0x35A60, 0x35A60
};

/* ImbueAttackPassive -172 vtable slot RVAs */
const UINT_PTR g_imbueAttackPassiveVtableRVAs[172] = {
    0x5847C0, 0x5847B0, 0x584730, 0x584720, 0x50AF0, 0x720990, 0x35A60, 0x75C5F0,
    0x35A60, 0x35A60, 0x35A60, 0x35A60, 0x35A60, 0x35A60, 0x35A60, 0x35A60,
    0x35A60, 0x35A60, 0x35A60, 0x35A60, 0x35A60, 0x35A60, 0x35A60, 0x35A60,
    0x35A60, 0x75C5C0, 0x35A60, 0x35A60, 0x804220, 0x26BD0, 0x803960, 0x803860,
    0x803740, 0x35A60, 0x35A60, 0x33D220, 0x2B5500, 0x2B5500, 0x35A60, 0x35A60,
    0x35A60, 0x2B5500, 0x35A60, 0x35A60, 0x35A60, 0x35A60, 0x35A60, 0x35A60,
    0x35A60, 0x35A60, 0x35A60, 0x35A60, 0x35A60, 0x35A60, 0x35A60, 0x35A60,
    0x33D1E0, 0x33D080, 0x33D030, 0x35A60, 0x35A60, 0x35A60, 0x35A60, 0x35A60,
    0x35A60, 0x35A60, 0x35A60, 0x35A60, 0x35A60, 0x35A60, 0x35A60, 0x35A60,
    0x35A60, 0x35A60, 0x35A60, 0x35A60, 0x35A60, 0x35A60, 0x35A60, 0x35A60,
    0x35A60, 0x75CC60, 0x35A60, 0x35A60, 0x35A60, 0x35A60, 0x35A60, 0x35A60,
    0x35A60, 0x35A60, 0x35A60, 0x35A60, 0x50AF0, 0x50AF0, 0x35A60, 0x35A60,
    0x35A60, 0x35A60, 0x35A60, 0x35A60, 0x35A60, 0x35A60, 0x35A60, 0x35A60,
    0x35A60, 0x35A60, 0x35A60, 0x35A60, 0x803F40, 0x35A60, 0x75CBE0, 0x75CBF0,
    0x75CC10, 0x75CC40, 0x35A60, 0x35A60, 0x35A60, 0x35A60, 0x35A60, 0x35A60,
    0x35A60, 0x35A60, 0x35A60, 0x35A60, 0x35A60, 0x35A60, 0x35A60, 0x35A60,
    0x35A60, 0x35A60, 0x35A60, 0x35A60, 0x35A60, 0x75F0F0, 0x35A60, 0x35A60,
    0x35A60, 0x35A60, 0x35A60, 0x35A60, 0x35A60, 0x35A60, 0x75CC70, 0x35A60,
    0x35A60, 0x35A60, 0x35A60, 0x35A60, 0x2B5500, 0x2B5500, 0x35A60, 0x35A60,
    0x35A60, 0x35A60, 0x35A60, 0x35A60, 0x35A60, 0x35A60, 0x35A60, 0x35A60,
    0x35A60, 0x35A60, 0x35A60, 0x75CC10, 0x35A60, 0x35A60, 0x35A60, 0x50AF0,
    0x14C4E0, 0x803FA0, 0x35A60, 0x35A60
};

/* ImbueAttackStatus -172 vtable slot RVAs */
const UINT_PTR g_imbueAttackStatusVtableRVAs[172] = {
    0x584910, 0x584900, 0x584830, 0x584820, 0x50AF0, 0x720A10, 0x35A60, 0x75C5F0,
    0x35A60, 0x35A60, 0x35A60, 0x35A60, 0x35A60, 0x35A60, 0x35A60, 0x35A60,
    0x35A60, 0x35A60, 0x35A60, 0x35A60, 0x35A60, 0x35A60, 0x35A60, 0x35A60,
    0x35A60, 0x75C5C0, 0x35A60, 0x35A60, 0x804220, 0x26BD0, 0x803960, 0x803860,
    0x803740, 0x35A60, 0x35A60, 0x33D220, 0x2B5500, 0x2B5500, 0x35A60, 0x35A60,
    0x35A60, 0x2B5500, 0x35A60, 0x35A60, 0x35A60, 0x35A60, 0x35A60, 0x35A60,
    0x35A60, 0x35A60, 0x35A60, 0x35A60, 0x35A60, 0x35A60, 0x35A60, 0x35A60,
    0x33CFF0, 0x33D080, 0x33D030, 0x35A60, 0x35A60, 0x35A60, 0x35A60, 0x35A60,
    0x35A60, 0x35A60, 0x35A60, 0x35A60, 0x35A60, 0x35A60, 0x35A60, 0x35A60,
    0x35A60, 0x35A60, 0x35A60, 0x35A60, 0x35A60, 0x35A60, 0x35A60, 0x35A60,
    0x35A60, 0x75CC60, 0x35A60, 0x35A60, 0x35A60, 0x35A60, 0x35A60, 0x35A60,
    0x35A60, 0x35A60, 0x35A60, 0x35A60, 0x50AF0, 0x50AF0, 0x35A60, 0x35A60,
    0x35A60, 0x35A60, 0x35A60, 0x35A60, 0x35A60, 0x35A60, 0x35A60, 0x35A60,
    0x35A60, 0x35A60, 0x35A60, 0x35A60, 0x803F40, 0x35A60, 0x75CBE0, 0x75CBF0,
    0x75CC10, 0x75CC40, 0x35A60, 0x35A60, 0x35A60, 0x35A60, 0x35A60, 0x35A60,
    0x35A60, 0x35A60, 0x35A60, 0x35A60, 0x35A60, 0x35A60, 0x35A60, 0x35A60,
    0x35A60, 0x35A60, 0x35A60, 0x35A60, 0x35A60, 0x75F0F0, 0x35A60, 0x35A60,
    0x35A60, 0x35A60, 0x35A60, 0x35A60, 0x35A60, 0x35A60, 0x75CC70, 0x35A60,
    0x35A60, 0x35A60, 0x35A60, 0x35A60, 0x2B5500, 0x2B5500, 0x35A60, 0x35A60,
    0x35A60, 0x35A60, 0x35A60, 0x35A60, 0x35A60, 0x35A60, 0x35A60, 0x35A60,
    0x35A60, 0x35A60, 0x35A60, 0x75CC10, 0x35A60, 0x35A60, 0x35A60, 0x50AF0,
    0x14C4E0, 0x803FA0, 0x35A60, 0x35A60
};

/* ImbueBleed -172 vtable slot RVAs */
const UINT_PTR g_imbueBleedVtableRVAs[172] = {
    0x584330, 0x584320, 0x5842A0, 0x584290, 0x50AF0, 0x720A90, 0x35A60, 0x75C5F0,
    0x35A60, 0x35A60, 0x35A60, 0x35A60, 0x35A60, 0x35A60, 0x35A60, 0x35A60,
    0x35A60, 0x35A60, 0x35A60, 0x35A60, 0x35A60, 0x35A60, 0x35A60, 0x35A60,
    0x35A60, 0x75C5C0, 0x35A60, 0x35A60, 0x804220, 0x26BD0, 0x803960, 0x803860,
    0x803740, 0x33D3B0, 0x35A60, 0x33D220, 0x2B5500, 0x2B5500, 0x35A60, 0x35A60,
    0x35A60, 0x2B5500, 0x35A60, 0x35A60, 0x35A60, 0x35A60, 0x35A60, 0x35A60,
    0x35A60, 0x35A60, 0x35A60, 0x35A60, 0x35A60, 0x35A60, 0x35A60, 0x35A60,
    0x33CFF0, 0x33D080, 0x33D030, 0x35A60, 0x35A60, 0x35A60, 0x35A60, 0x35A60,
    0x35A60, 0x35A60, 0x35A60, 0x35A60, 0x35A60, 0x35A60, 0x35A60, 0x35A60,
    0x35A60, 0x35A60, 0x35A60, 0x35A60, 0x35A60, 0x35A60, 0x35A60, 0x35A60,
    0x35A60, 0x75CC60, 0x35A60, 0x35A60, 0x35A60, 0x35A60, 0x35A60, 0x35A60,
    0x35A60, 0x35A60, 0x35A60, 0x35A60, 0x50AF0, 0x50AF0, 0x35A60, 0x35A60,
    0x35A60, 0x35A60, 0x35A60, 0x35A60, 0x35A60, 0x35A60, 0x35A60, 0x35A60,
    0x35A60, 0x35A60, 0x35A60, 0x35A60, 0x803F40, 0x35A60, 0x75CBE0, 0x75CBF0,
    0x75CC10, 0x75CC40, 0x35A60, 0x35A60, 0x35A60, 0x35A60, 0x35A60, 0x35A60,
    0x35A60, 0x35A60, 0x35A60, 0x35A60, 0x35A60, 0x35A60, 0x35A60, 0x35A60,
    0x35A60, 0x35A60, 0x35A60, 0x35A60, 0x35A60, 0x75F0F0, 0x35A60, 0x35A60,
    0x35A60, 0x35A60, 0x35A60, 0x35A60, 0x35A60, 0x35A60, 0x75CC70, 0x35A60,
    0x35A60, 0x35A60, 0x35A60, 0x35A60, 0x2B5500, 0x2B5500, 0x35A60, 0x35A60,
    0x35A60, 0x35A60, 0x35A60, 0x35A60, 0x35A60, 0x35A60, 0x35A60, 0x35A60,
    0x35A60, 0x35A60, 0x35A60, 0x75CC10, 0x35A60, 0x35A60, 0x35A60, 0x50AF0,
    0x14C4E0, 0x803FA0, 0x35A60, 0x35A60
};

/* ImbueKnockOutCoin -172 vtable slot RVAs */
const UINT_PTR g_imbueKnockOutCoinVtableRVAs[172] = {
    0x584120, 0x584110, 0x584090, 0x584080, 0x50AF0, 0x720B10, 0x35A60, 0x75C5F0,
    0x35A60, 0x35A60, 0x35A60, 0x35A60, 0x35A60, 0x35A60, 0x35A60, 0x35A60,
    0x35A60, 0x35A60, 0x35A60, 0x35A60, 0x35A60, 0x35A60, 0x35A60, 0x35A60,
    0x35A60, 0x75C5C0, 0x35A60, 0x35A60, 0x804220, 0x26BD0, 0x803960, 0x803860,
    0x803740, 0x33D470, 0x35A60, 0x33D220, 0x2B5500, 0x2B5500, 0x35A60, 0x35A60,
    0x35A60, 0x2B5500, 0x35A60, 0x35A60, 0x35A60, 0x35A60, 0x35A60, 0x35A60,
    0x35A60, 0x35A60, 0x35A60, 0x35A60, 0x35A60, 0x35A60, 0x35A60, 0x35A60,
    0x33CFF0, 0x33D080, 0x33D030, 0x35A60, 0x35A60, 0x35A60, 0x35A60, 0x35A60,
    0x35A60, 0x35A60, 0x35A60, 0x35A60, 0x35A60, 0x35A60, 0x35A60, 0x35A60,
    0x35A60, 0x35A60, 0x35A60, 0x35A60, 0x35A60, 0x35A60, 0x35A60, 0x35A60,
    0x35A60, 0x75CC60, 0x35A60, 0x35A60, 0x35A60, 0x35A60, 0x35A60, 0x35A60,
    0x35A60, 0x35A60, 0x35A60, 0x35A60, 0x50AF0, 0x50AF0, 0x35A60, 0x35A60,
    0x35A60, 0x35A60, 0x35A60, 0x35A60, 0x35A60, 0x35A60, 0x35A60, 0x35A60,
    0x35A60, 0x35A60, 0x35A60, 0x35A60, 0x803F40, 0x35A60, 0x75CBE0, 0x75CBF0,
    0x75CC10, 0x75CC40, 0x35A60, 0x35A60, 0x35A60, 0x35A60, 0x35A60, 0x35A60,
    0x35A60, 0x35A60, 0x35A60, 0x35A60, 0x35A60, 0x35A60, 0x35A60, 0x35A60,
    0x35A60, 0x35A60, 0x35A60, 0x35A60, 0x35A60, 0x75F0F0, 0x35A60, 0x35A60,
    0x35A60, 0x35A60, 0x35A60, 0x35A60, 0x35A60, 0x35A60, 0x75CC70, 0x35A60,
    0x35A60, 0x35A60, 0x35A60, 0x35A60, 0x2B5500, 0x2B5500, 0x35A60, 0x35A60,
    0x35A60, 0x35A60, 0x35A60, 0x35A60, 0x35A60, 0x35A60, 0x35A60, 0x35A60,
    0x35A60, 0x35A60, 0x35A60, 0x75CC10, 0x35A60, 0x35A60, 0x35A60, 0x50AF0,
    0x14C4E0, 0x803FA0, 0x35A60, 0x35A60
};

/* ImbueManaLeech -172 vtable slot RVAs */
const UINT_PTR g_imbueManaLeechVtableRVAs[172] = {
    0x5845F0, 0x5845E0, 0x584560, 0x584550, 0x50AF0, 0x720B90, 0x35A60, 0x75C5F0,
    0x35A60, 0x35A60, 0x35A60, 0x35A60, 0x35A60, 0x35A60, 0x35A60, 0x35A60,
    0x35A60, 0x35A60, 0x35A60, 0x35A60, 0x35A60, 0x35A60, 0x35A60, 0x35A60,
    0x35A60, 0x75C5C0, 0x35A60, 0x35A60, 0x804220, 0x26BD0, 0x803960, 0x803860,
    0x803740, 0x33D290, 0x35A60, 0x33D220, 0x2B5500, 0x2B5500, 0x35A60, 0x35A60,
    0x35A60, 0x2B5500, 0x35A60, 0x35A60, 0x35A60, 0x35A60, 0x35A60, 0x35A60,
    0x35A60, 0x35A60, 0x35A60, 0x35A60, 0x35A60, 0x35A60, 0x35A60, 0x35A60,
    0x33CFF0, 0x33D080, 0x33D030, 0x35A60, 0x35A60, 0x35A60, 0x35A60, 0x35A60,
    0x35A60, 0x35A60, 0x35A60, 0x35A60, 0x35A60, 0x35A60, 0x35A60, 0x35A60,
    0x35A60, 0x35A60, 0x35A60, 0x35A60, 0x35A60, 0x35A60, 0x35A60, 0x35A60,
    0x35A60, 0x75CC60, 0x35A60, 0x35A60, 0x35A60, 0x35A60, 0x35A60, 0x35A60,
    0x35A60, 0x35A60, 0x35A60, 0x35A60, 0x50AF0, 0x50AF0, 0x35A60, 0x35A60,
    0x35A60, 0x35A60, 0x35A60, 0x35A60, 0x35A60, 0x35A60, 0x35A60, 0x35A60,
    0x35A60, 0x35A60, 0x35A60, 0x35A60, 0x803F40, 0x35A60, 0x75CBE0, 0x75CBF0,
    0x75CC10, 0x75CC40, 0x35A60, 0x35A60, 0x35A60, 0x35A60, 0x35A60, 0x35A60,
    0x35A60, 0x35A60, 0x35A60, 0x35A60, 0x35A60, 0x35A60, 0x35A60, 0x35A60,
    0x35A60, 0x35A60, 0x35A60, 0x35A60, 0x35A60, 0x75F0F0, 0x35A60, 0x35A60,
    0x35A60, 0x35A60, 0x35A60, 0x35A60, 0x35A60, 0x35A60, 0x75CC70, 0x35A60,
    0x35A60, 0x35A60, 0x35A60, 0x35A60, 0x2B5500, 0x2B5500, 0x35A60, 0x35A60,
    0x35A60, 0x35A60, 0x35A60, 0x35A60, 0x35A60, 0x35A60, 0x35A60, 0x35A60,
    0x35A60, 0x35A60, 0x35A60, 0x75CC10, 0x35A60, 0x35A60, 0x35A60, 0x50AF0,
    0x14C4E0, 0x803FA0, 0x35A60, 0x35A60
};

/* ImbuePoison -172 vtable slot RVAs */
const UINT_PTR g_imbuePoisonVtableRVAs[172] = {
    0x584500, 0x5844F0, 0x584470, 0x584460, 0x50AF0, 0x720C10, 0x35A60, 0x75C5F0,
    0x35A60, 0x35A60, 0x35A60, 0x35A60, 0x35A60, 0x35A60, 0x35A60, 0x35A60,
    0x35A60, 0x35A60, 0x35A60, 0x35A60, 0x35A60, 0x35A60, 0x35A60, 0x35A60,
    0x35A60, 0x75C5C0, 0x35A60, 0x35A60, 0x804220, 0x26BD0, 0x803960, 0x803860,
    0x803740, 0x33D2F0, 0x35A60, 0x33D220, 0x2B5500, 0x2B5500, 0x35A60, 0x35A60,
    0x35A60, 0x2B5500, 0x35A60, 0x35A60, 0x35A60, 0x35A60, 0x35A60, 0x35A60,
    0x35A60, 0x35A60, 0x35A60, 0x35A60, 0x35A60, 0x35A60, 0x35A60, 0x35A60,
    0x33CFF0, 0x33D080, 0x33D030, 0x35A60, 0x35A60, 0x35A60, 0x35A60, 0x35A60,
    0x35A60, 0x35A60, 0x35A60, 0x35A60, 0x35A60, 0x35A60, 0x35A60, 0x35A60,
    0x35A60, 0x35A60, 0x35A60, 0x35A60, 0x35A60, 0x35A60, 0x35A60, 0x35A60,
    0x35A60, 0x75CC60, 0x35A60, 0x35A60, 0x35A60, 0x35A60, 0x35A60, 0x35A60,
    0x35A60, 0x35A60, 0x35A60, 0x35A60, 0x50AF0, 0x50AF0, 0x35A60, 0x35A60,
    0x35A60, 0x35A60, 0x35A60, 0x35A60, 0x35A60, 0x35A60, 0x35A60, 0x35A60,
    0x35A60, 0x35A60, 0x35A60, 0x35A60, 0x803F40, 0x35A60, 0x75CBE0, 0x75CBF0,
    0x75CC10, 0x75CC40, 0x35A60, 0x35A60, 0x35A60, 0x35A60, 0x35A60, 0x35A60,
    0x35A60, 0x35A60, 0x35A60, 0x35A60, 0x35A60, 0x35A60, 0x35A60, 0x35A60,
    0x35A60, 0x35A60, 0x35A60, 0x35A60, 0x35A60, 0x75F0F0, 0x35A60, 0x35A60,
    0x35A60, 0x35A60, 0x35A60, 0x35A60, 0x35A60, 0x35A60, 0x75CC70, 0x35A60,
    0x35A60, 0x35A60, 0x35A60, 0x35A60, 0x2B5500, 0x2B5500, 0x35A60, 0x35A60,
    0x35A60, 0x35A60, 0x35A60, 0x35A60, 0x35A60, 0x35A60, 0x35A60, 0x35A60,
    0x35A60, 0x35A60, 0x35A60, 0x75CC10, 0x35A60, 0x35A60, 0x35A60, 0x50AF0,
    0x14C4E0, 0x803FA0, 0x35A60, 0x35A60
};

/* ImbueRandomStatDown -172 vtable slot RVAs */
const UINT_PTR g_imbueRandomStatDownVtableRVAs[172] = {
    0x584220, 0x584210, 0x584190, 0x584180, 0x50AF0, 0x720C90, 0x35A60, 0x75C5F0,
    0x35A60, 0x35A60, 0x35A60, 0x35A60, 0x35A60, 0x35A60, 0x35A60, 0x35A60,
    0x35A60, 0x35A60, 0x35A60, 0x35A60, 0x35A60, 0x35A60, 0x35A60, 0x35A60,
    0x35A60, 0x75C5C0, 0x35A60, 0x35A60, 0x804220, 0x26BD0, 0x803960, 0x803860,
    0x803740, 0x33D410, 0x35A60, 0x33D220, 0x2B5500, 0x2B5500, 0x35A60, 0x35A60,
    0x35A60, 0x2B5500, 0x35A60, 0x35A60, 0x35A60, 0x35A60, 0x35A60, 0x35A60,
    0x35A60, 0x35A60, 0x35A60, 0x35A60, 0x35A60, 0x35A60, 0x35A60, 0x35A60,
    0x33CFF0, 0x33D080, 0x33D030, 0x35A60, 0x35A60, 0x35A60, 0x35A60, 0x35A60,
    0x35A60, 0x35A60, 0x35A60, 0x35A60, 0x35A60, 0x35A60, 0x35A60, 0x35A60,
    0x35A60, 0x35A60, 0x35A60, 0x35A60, 0x35A60, 0x35A60, 0x35A60, 0x35A60,
    0x35A60, 0x75CC60, 0x35A60, 0x35A60, 0x35A60, 0x35A60, 0x35A60, 0x35A60,
    0x35A60, 0x35A60, 0x35A60, 0x35A60, 0x50AF0, 0x50AF0, 0x35A60, 0x35A60,
    0x35A60, 0x35A60, 0x35A60, 0x35A60, 0x35A60, 0x35A60, 0x35A60, 0x35A60,
    0x35A60, 0x35A60, 0x35A60, 0x35A60, 0x803F40, 0x35A60, 0x75CBE0, 0x75CBF0,
    0x75CC10, 0x75CC40, 0x35A60, 0x35A60, 0x35A60, 0x35A60, 0x35A60, 0x35A60,
    0x35A60, 0x35A60, 0x35A60, 0x35A60, 0x35A60, 0x35A60, 0x35A60, 0x35A60,
    0x35A60, 0x35A60, 0x35A60, 0x35A60, 0x35A60, 0x75F0F0, 0x35A60, 0x35A60,
    0x35A60, 0x35A60, 0x35A60, 0x35A60, 0x35A60, 0x35A60, 0x75CC70, 0x35A60,
    0x35A60, 0x35A60, 0x35A60, 0x35A60, 0x2B5500, 0x2B5500, 0x35A60, 0x35A60,
    0x35A60, 0x35A60, 0x35A60, 0x35A60, 0x35A60, 0x35A60, 0x35A60, 0x35A60,
    0x35A60, 0x35A60, 0x35A60, 0x75CC10, 0x35A60, 0x35A60, 0x35A60, 0x50AF0,
    0x14C4E0, 0x803FA0, 0x35A60, 0x35A60
};

/* ImbueWeakness -172 vtable slot RVAs */
const UINT_PTR g_imbueWeaknessVtableRVAs[172] = {
    0x584410, 0x584400, 0x584380, 0x584370, 0x50AF0, 0x720D10, 0x35A60, 0x75C5F0,
    0x35A60, 0x35A60, 0x35A60, 0x35A60, 0x35A60, 0x35A60, 0x35A60, 0x35A60,
    0x35A60, 0x35A60, 0x35A60, 0x35A60, 0x35A60, 0x35A60, 0x35A60, 0x35A60,
    0x35A60, 0x75C5C0, 0x35A60, 0x35A60, 0x804220, 0x26BD0, 0x803960, 0x803860,
    0x803740, 0x33D350, 0x35A60, 0x33D220, 0x2B5500, 0x2B5500, 0x35A60, 0x35A60,
    0x35A60, 0x2B5500, 0x35A60, 0x35A60, 0x35A60, 0x35A60, 0x35A60, 0x35A60,
    0x35A60, 0x35A60, 0x35A60, 0x35A60, 0x35A60, 0x35A60, 0x35A60, 0x35A60,
    0x33CFF0, 0x33D080, 0x33D030, 0x35A60, 0x35A60, 0x35A60, 0x35A60, 0x35A60,
    0x35A60, 0x35A60, 0x35A60, 0x35A60, 0x35A60, 0x35A60, 0x35A60, 0x35A60,
    0x35A60, 0x35A60, 0x35A60, 0x35A60, 0x35A60, 0x35A60, 0x35A60, 0x35A60,
    0x35A60, 0x75CC60, 0x35A60, 0x35A60, 0x35A60, 0x35A60, 0x35A60, 0x35A60,
    0x35A60, 0x35A60, 0x35A60, 0x35A60, 0x50AF0, 0x50AF0, 0x35A60, 0x35A60,
    0x35A60, 0x35A60, 0x35A60, 0x35A60, 0x35A60, 0x35A60, 0x35A60, 0x35A60,
    0x35A60, 0x35A60, 0x35A60, 0x35A60, 0x803F40, 0x35A60, 0x75CBE0, 0x75CBF0,
    0x75CC10, 0x75CC40, 0x35A60, 0x35A60, 0x35A60, 0x35A60, 0x35A60, 0x35A60,
    0x35A60, 0x35A60, 0x35A60, 0x35A60, 0x35A60, 0x35A60, 0x35A60, 0x35A60,
    0x35A60, 0x35A60, 0x35A60, 0x35A60, 0x35A60, 0x75F0F0, 0x35A60, 0x35A60,
    0x35A60, 0x35A60, 0x35A60, 0x35A60, 0x35A60, 0x35A60, 0x75CC70, 0x35A60,
    0x35A60, 0x35A60, 0x35A60, 0x35A60, 0x2B5500, 0x2B5500, 0x35A60, 0x35A60,
    0x35A60, 0x35A60, 0x35A60, 0x35A60, 0x35A60, 0x35A60, 0x35A60, 0x35A60,
    0x35A60, 0x35A60, 0x35A60, 0x75CC10, 0x35A60, 0x35A60, 0x35A60, 0x50AF0,
    0x14C4E0, 0x803FA0, 0x35A60, 0x35A60
};

/* Immobile -172 vtable slot RVAs */
const UINT_PTR g_immobileVtableRVAs[172] = {
    0x5A1B50, 0x5A1B40, 0x5A1A70, 0x5A1A60, 0x50AF0, 0x720D90, 0x35A60, 0x75C5F0,
    0x35A60, 0x35A60, 0x35A60, 0x35A60, 0x35A60, 0x35A60, 0x35A60, 0x35A60,
    0x35A60, 0x35A60, 0x35A60, 0x35A60, 0x35A60, 0x35A60, 0x35A60, 0x35A60,
    0x35A60, 0x75C5C0, 0x35A60, 0x35A60, 0x804220, 0x26BD0, 0x803960, 0x803860,
    0x803740, 0x35A60, 0x35A60, 0x976E0, 0x97810, 0x2B5500, 0x35A60, 0x35A60,
    0x35A60, 0x2B5500, 0x35A60, 0x35A60, 0x977E0, 0x35A60, 0x35A60, 0x35A60,
    0x35A60, 0x35A60, 0x35A60, 0x35A60, 0x35A60, 0x35A60, 0x35A60, 0x35A60,
    0x35A60, 0x35A60, 0x35A60, 0x35A60, 0x35A60, 0x35A60, 0x35A60, 0x35A60,
    0x35A60, 0x35A60, 0x35A60, 0x35A60, 0x35A60, 0x35A60, 0x35A60, 0x35A60,
    0x35A60, 0x35A60, 0x35A60, 0x35A60, 0x35A60, 0x35A60, 0x35A60, 0x35A60,
    0x35A60, 0x7E0A0, 0x35A60, 0x35A60, 0x35A60, 0x35A60, 0x35A60, 0x35A60,
    0x35A60, 0x35A60, 0x35A60, 0x35A60, 0x50AF0, 0x50AF0, 0x35A60, 0x35A60,
    0x35A60, 0x35A60, 0x35A60, 0x35A60, 0x35A60, 0x35A60, 0x35A60, 0x35A60,
    0x35A60, 0x35A60, 0x35A60, 0x35A60, 0x803F40, 0x35A60, 0x75CBE0, 0x75CBF0,
    0x75CC10, 0x75CC40, 0x35A60, 0x35A60, 0x35A60, 0x35A60, 0x35A60, 0x35A60,
    0x35A60, 0x35A60, 0x35A60, 0x35A60, 0x35A60, 0x35A60, 0x35A60, 0x35A60,
    0x35A60, 0x35A60, 0x35A60, 0x35A60, 0x35A60, 0x75F0F0, 0x35A60, 0x35A60,
    0x35A60, 0x35A60, 0x35A60, 0x35A60, 0x35A60, 0x35A60, 0x75CC70, 0x35A60,
    0x35A60, 0x35A60, 0x35A60, 0x35A60, 0x2B5500, 0x2B5500, 0x35A60, 0x35A60,
    0x35A60, 0x35A60, 0x35A60, 0x35A60, 0x35A60, 0x35A60, 0x35A60, 0x35A60,
    0x35A60, 0x35A60, 0x35A60, 0x75CC10, 0x35A60, 0x35A60, 0x35A60, 0x50AF0,
    0x14C4E0, 0x803FA0, 0x35A60, 0x35A60
};

/* IncreaseCumulativeBlastDamage -172 vtable slot RVAs */
const UINT_PTR g_increaseCumulativeBlastDamageVtableRVAs[172] = {
    0x5726B0, 0x5726A0, 0x5725D0, 0x5725C0, 0x50AF0, 0x720E10, 0x35A60, 0x75C5F0,
    0x35A60, 0x35A60, 0x35A60, 0x35A60, 0x35A60, 0x35A60, 0x35A60, 0x35A60,
    0x35A60, 0x35A60, 0x35A60, 0x35A60, 0x35A60, 0x35A60, 0x35A60, 0x35A60,
    0x35A60, 0x75C5C0, 0x35A60, 0x35A60, 0x804220, 0x26BD0, 0x803960, 0x803860,
    0x803740, 0x35A60, 0x35A60, 0x35A60, 0x2B5500, 0x2B5500, 0x35A60, 0x35A60,
    0x35A60, 0x2B5500, 0x35A60, 0x35A60, 0x35A60, 0x35A60, 0x35A60, 0x35A60,
    0x35A60, 0x35A60, 0x35A60, 0x35A60, 0x35A60, 0x35A60, 0x35A60, 0x35A60,
    0x35A60, 0x35A60, 0x35A60, 0x35A60, 0x35A60, 0x35A60, 0x35A60, 0x35A60,
    0x35A60, 0x35A60, 0x35A60, 0x35A60, 0x35A60, 0x35A60, 0x35A60, 0x35A60,
    0x35A60, 0x35A60, 0x35A60, 0x35A60, 0x35A60, 0x35A60, 0x35A60, 0x35A60,
    0x35A60, 0x75CC60, 0x35A60, 0x35A60, 0x35A60, 0x35A60, 0x35A60, 0x35A60,
    0x35A60, 0x77C9B0, 0x35A60, 0x35A60, 0x50AF0, 0x50AF0, 0x35A60, 0x35A60,
    0x35A60, 0x35A60, 0x35A60, 0x35A60, 0x35A60, 0x35A60, 0x35A60, 0x35A60,
    0x35A60, 0x35A60, 0x35A60, 0x35A60, 0x803F40, 0x35A60, 0x75CBE0, 0x75CBF0,
    0x75CC10, 0x75CC40, 0x35A60, 0x35A60, 0x35A60, 0x35A60, 0x35A60, 0x35A60,
    0x35A60, 0x35A60, 0x35A60, 0x35A60, 0x35A60, 0x35A60, 0x35A60, 0x35A60,
    0x35A60, 0x35A60, 0x35A60, 0x35A60, 0x35A60, 0x75F0F0, 0x35A60, 0x35A60,
    0x35A60, 0x35A60, 0x35A60, 0x35A60, 0x35A60, 0x35A60, 0x75CC70, 0x35A60,
    0x35A60, 0x35A60, 0x35A60, 0x35A60, 0x2B5500, 0x2B5500, 0x35A60, 0x35A60,
    0x35A60, 0x35A60, 0x35A60, 0x35A60, 0x35A60, 0x35A60, 0x35A60, 0x35A60,
    0x35A60, 0x35A60, 0x35A60, 0x75CC10, 0x35A60, 0x35A60, 0x35A60, 0x50AF0,
    0x14C4E0, 0x803FA0, 0x35A60, 0x35A60
};

/* Infested -172 vtable slot RVAs */
const UINT_PTR g_infestedVtableRVAs[172] = {
    0x568EB0, 0x568EA0, 0x568DD0, 0x568DC0, 0x50AF0, 0x720E90, 0x35A60, 0x75C5F0,
    0x35A60, 0x35A60, 0x35A60, 0x35A60, 0x35A60, 0x35A60, 0x35A60, 0x35A60,
    0x35A60, 0x35A60, 0x35A60, 0x35A60, 0x35A60, 0x35A60, 0x35A60, 0x35A60,
    0x35A60, 0x75C5C0, 0x35A60, 0x35A60, 0x804220, 0x26BD0, 0x803960, 0x803860,
    0x803740, 0x7F6BC0, 0x35A60, 0x35A60, 0x2B5500, 0x2B5500, 0x35A60, 0x35A60,
    0x35A60, 0x2B5500, 0x35A60, 0x35A60, 0x35A60, 0x35A60, 0x35A60, 0x35A60,
    0x35A60, 0x35A60, 0x35A60, 0x35A60, 0x35A60, 0x35A60, 0x35A60, 0x35A60,
    0x35A60, 0x35A60, 0x35A60, 0x35A60, 0x35A60, 0x35A60, 0x35A60, 0x35A60,
    0x35A60, 0x35A60, 0x35A60, 0x35A60, 0x35A60, 0x35A60, 0x35A60, 0x35A60,
    0x35A60, 0x35A60, 0x35A60, 0x35A60, 0x35A60, 0x35A60, 0x35A60, 0x35A60,
    0x35A60, 0x75CC60, 0x35A60, 0x35A60, 0x35A60, 0x35A60, 0x35A60, 0x35A60,
    0x35A60, 0x35A60, 0x35A60, 0x35A60, 0x50AF0, 0x50AF0, 0x9E470, 0x35A60,
    0x7F6C70, 0x35A60, 0x35A60, 0x35A60, 0x35A60, 0x35A60, 0x35A60, 0x35A60,
    0x35A60, 0x35A60, 0x35A60, 0x35A60, 0x803F40, 0x35A60, 0x75CBE0, 0x75CBF0,
    0x75CC10, 0x75CC40, 0x35A60, 0x35A60, 0x35A60, 0x35A60, 0x35A60, 0x35A60,
    0x35A60, 0x35A60, 0x35A60, 0x35A60, 0x35A60, 0x35A60, 0x35A60, 0x35A60,
    0x35A60, 0x35A60, 0x35A60, 0x35A60, 0x35A60, 0x75F0F0, 0x35A60, 0x35A60,
    0x35A60, 0x35A60, 0x35A60, 0x35A60, 0x35A60, 0x35A60, 0x75CC70, 0x35A60,
    0x35A60, 0x35A60, 0x35A60, 0x35A60, 0x2B5500, 0x2B5500, 0x35A60, 0x35A60,
    0x35A60, 0x35A60, 0x35A60, 0x35A60, 0x35A60, 0x35A60, 0x35A60, 0x35A60,
    0x35A60, 0x35A60, 0x35A60, 0x75CC10, 0x35A60, 0x35A60, 0x35A60, 0x50AF0,
    0x14C4E0, 0x803FA0, 0x35A60, 0x35A60
};

/* InstantMaxHealthUp -172 vtable slot RVAs */
const UINT_PTR g_instantMaxHealthUpVtableRVAs[172] = {
    0x562380, 0x562370, 0x5622A0, 0x562290, 0x50AF0, 0x720F20, 0x35A60, 0x75C5F0,
    0x35A60, 0x35A60, 0x35A60, 0x35A60, 0x35A60, 0x35A60, 0x35A60, 0x35A60,
    0x35A60, 0x35A60, 0x35A60, 0x35A60, 0x35A60, 0x35A60, 0x35A60, 0x35A60,
    0x35A60, 0x75C5C0, 0x35A60, 0x35A60, 0x804220, 0x26BD0, 0x803960, 0x803860,
    0x803740, 0x35A60, 0x35A60, 0x35A60, 0x2B5500, 0x2B5500, 0x35A60, 0x35A60,
    0x35A60, 0x2B5500, 0x35A60, 0x35A60, 0x35A60, 0x35A60, 0x35A60, 0x35A60,
    0x35A60, 0x35A60, 0x35A60, 0x35A60, 0x35A60, 0x35A60, 0x35A60, 0x35A60,
    0x35A60, 0x35A60, 0x35A60, 0x35A60, 0x35A60, 0x35A60, 0x35A60, 0x35A60,
    0x35A60, 0x35A60, 0x35A60, 0x35A60, 0x35A60, 0x35A60, 0x35A60, 0x35A60,
    0x35A60, 0x35A60, 0x35A60, 0x35A60, 0x35A60, 0x35A60, 0x35A60, 0x35A60,
    0x35A60, 0x75CC60, 0x35A60, 0x8035F0, 0x35A60, 0x35A60, 0x35A60, 0x35A60,
    0x35A60, 0x35A60, 0x35A60, 0x35A60, 0x50AF0, 0x50AF0, 0x35A60, 0x35A60,
    0x35A60, 0x35A60, 0x35A60, 0x35A60, 0x35A60, 0x35A60, 0x35A60, 0x35A60,
    0x35A60, 0x35A60, 0x35A60, 0x35A60, 0x803F40, 0x35A60, 0x75CBE0, 0x75CBF0,
    0x75CC10, 0x75CC40, 0x35A60, 0x35A60, 0x35A60, 0x35A60, 0x35A60, 0x35A60,
    0x35A60, 0x35A60, 0x35A60, 0x35A60, 0x35A60, 0x35A60, 0x35A60, 0x35A60,
    0x35A60, 0x35A60, 0x35A60, 0x35A60, 0x35A60, 0x75F0F0, 0x35A60, 0x35A60,
    0x35A60, 0x35A60, 0x35A60, 0x35A60, 0x35A60, 0x35A60, 0x75CC70, 0x35A60,
    0x35A60, 0x35A60, 0x35A60, 0x35A60, 0x2B5500, 0x2B5500, 0x35A60, 0x35A60,
    0x35A60, 0x35A60, 0x35A60, 0x35A60, 0x35A60, 0x35A60, 0x35A60, 0x35A60,
    0x35A60, 0x35A60, 0x35A60, 0x75CC10, 0x35A60, 0x35A60, 0x35A60, 0x50AF0,
    0x14C4E0, 0x803FA0, 0x89CCE0, 0x35A60
};

/* InstantMaxManaUp -172 vtable slot RVAs */
const UINT_PTR g_instantMaxManaUpVtableRVAs[172] = {
    0x562240, 0x562230, 0x562160, 0x562150, 0x50AF0, 0x720FA0, 0x35A60, 0x75C5F0,
    0x35A60, 0x35A60, 0x35A60, 0x35A60, 0x35A60, 0x35A60, 0x35A60, 0x35A60,
    0x35A60, 0x35A60, 0x35A60, 0x35A60, 0x35A60, 0x35A60, 0x35A60, 0x35A60,
    0x35A60, 0x75C5C0, 0x35A60, 0x35A60, 0x804220, 0x26BD0, 0x803960, 0x803860,
    0x803740, 0x35A60, 0x35A60, 0x35A60, 0x2B5500, 0x2B5500, 0x35A60, 0x35A60,
    0x35A60, 0x2B5500, 0x35A60, 0x35A60, 0x35A60, 0x35A60, 0x35A60, 0x35A60,
    0x35A60, 0x35A60, 0x35A60, 0x35A60, 0x35A60, 0x35A60, 0x35A60, 0x35A60,
    0x35A60, 0x35A60, 0x35A60, 0x35A60, 0x35A60, 0x35A60, 0x35A60, 0x35A60,
    0x35A60, 0x35A60, 0x35A60, 0x35A60, 0x35A60, 0x35A60, 0x35A60, 0x35A60,
    0x35A60, 0x35A60, 0x35A60, 0x35A60, 0x35A60, 0x35A60, 0x35A60, 0x35A60,
    0x35A60, 0x75CC60, 0x35A60, 0x803640, 0x35A60, 0x35A60, 0x35A60, 0x35A60,
    0x35A60, 0x35A60, 0x35A60, 0x35A60, 0x50AF0, 0x50AF0, 0x35A60, 0x35A60,
    0x35A60, 0x35A60, 0x35A60, 0x35A60, 0x35A60, 0x35A60, 0x35A60, 0x35A60,
    0x35A60, 0x35A60, 0x35A60, 0x35A60, 0x803F40, 0x35A60, 0x75CBE0, 0x75CBF0,
    0x75CC10, 0x75CC40, 0x35A60, 0x35A60, 0x35A60, 0x35A60, 0x35A60, 0x35A60,
    0x35A60, 0x35A60, 0x35A60, 0x35A60, 0x35A60, 0x35A60, 0x35A60, 0x35A60,
    0x35A60, 0x35A60, 0x35A60, 0x35A60, 0x35A60, 0x75F0F0, 0x35A60, 0x35A60,
    0x35A60, 0x35A60, 0x35A60, 0x35A60, 0x35A60, 0x35A60, 0x75CC70, 0x35A60,
    0x35A60, 0x35A60, 0x35A60, 0x35A60, 0x2B5500, 0x2B5500, 0x35A60, 0x35A60,
    0x35A60, 0x35A60, 0x35A60, 0x35A60, 0x35A60, 0x35A60, 0x35A60, 0x35A60,
    0x35A60, 0x35A60, 0x35A60, 0x75CC10, 0x35A60, 0x35A60, 0x35A60, 0x50AF0,
    0x14C4E0, 0x803FA0, 0x89CD00, 0x35A60
};

/* IntelligenceUp -172 vtable slot RVAs */
const UINT_PTR g_intelligenceUpVtableRVAs[172] = {
    0x5644A0, 0x564490, 0x5643C0, 0x5643B0, 0x50AF0, 0x721020, 0x35A60, 0x75C5F0,
    0x35A60, 0x35A60, 0x35A60, 0x35A60, 0x35A60, 0x35A60, 0x35A60, 0x35A60,
    0x35A60, 0x35A60, 0x35A60, 0x35A60, 0x35A60, 0x35A60, 0x35A60, 0x35A60,
    0x35A60, 0x75C5C0, 0x35A60, 0x35A60, 0x804220, 0x26BD0, 0x803960, 0x803860,
    0x803740, 0x35A60, 0x35A60, 0x35A60, 0x2B5500, 0x2B5500, 0x35A60, 0x35A60,
    0x35A60, 0x2B5500, 0x35A60, 0x35A60, 0x35A60, 0x35A60, 0x35A60, 0x35A60,
    0x35A60, 0x35A60, 0x35A60, 0x35A60, 0x35A60, 0x35A60, 0x35A60, 0x35A60,
    0x35A60, 0x35A60, 0x35A60, 0x35A60, 0x35A60, 0x35A60, 0x35A60, 0x35A60,
    0x35A60, 0x35A60, 0x35A60, 0x35A60, 0x35A60, 0x35A60, 0x35A60, 0x35A60,
    0x35A60, 0x35A60, 0x35A60, 0x35A60, 0x35A60, 0x35A60, 0x35A60, 0x35A60,
    0x35A60, 0x75CC60, 0x89C960, 0x35A60, 0x35A60, 0x35A60, 0x35A60, 0x35A60,
    0x35A60, 0x35A60, 0x35A60, 0x35A60, 0x50AF0, 0x50AF0, 0x35A60, 0x35A60,
    0x35A60, 0x35A60, 0x35A60, 0x35A60, 0x35A60, 0x35A60, 0x35A60, 0x35A60,
    0x35A60, 0x35A60, 0x35A60, 0x35A60, 0x803F40, 0x35A60, 0x75CBE0, 0x75CBF0,
    0x75CC10, 0x75CC40, 0x35A60, 0x35A60, 0x35A60, 0x35A60, 0x35A60, 0x35A60,
    0x35A60, 0x35A60, 0x35A60, 0x35A60, 0x35A60, 0x35A60, 0x35A60, 0x35A60,
    0x35A60, 0x35A60, 0x35A60, 0x35A60, 0x35A60, 0x75F0F0, 0x35A60, 0x35A60,
    0x35A60, 0x35A60, 0x35A60, 0x35A60, 0x35A60, 0x35A60, 0x75CC70, 0x35A60,
    0x35A60, 0x35A60, 0x35A60, 0x35A60, 0x2B5500, 0x2B5500, 0x35A60, 0x35A60,
    0x35A60, 0x35A60, 0x35A60, 0x35A60, 0x35A60, 0x35A60, 0x35A60, 0x35A60,
    0x35A60, 0x35A60, 0x35A60, 0x75CC10, 0x35A60, 0x35A60, 0x35A60, 0x50AF0,
    0x14C4E0, 0x803FA0, 0x35A60, 0x35A60
};

/* Invulnerable -172 vtable slot RVAs */
const UINT_PTR g_invulnerableVtableRVAs[172] = {
    0x5A0A20, 0x5A0A10, 0x5A0940, 0x5A0930, 0x50AF0, 0x7210A0, 0x35A60, 0x75C5F0,
    0x35A60, 0x35A60, 0x35A60, 0x99EA0, 0x35A60, 0x35A60, 0x35A60, 0x35A60,
    0x35A60, 0x35A60, 0x35A60, 0x35A60, 0x35A60, 0x35A60, 0x35A60, 0x35A60,
    0x35A60, 0x75C5C0, 0x35A60, 0x35A60, 0x804220, 0x26BD0, 0x803960, 0x803860,
    0x803740, 0x35A60, 0x35A60, 0x35A60, 0x99A80, 0x2B5500, 0x35A60, 0x35A60,
    0x35A60, 0x2B5500, 0x35A60, 0x35A60, 0x99F30, 0x9A010, 0x35A60, 0x35A60,
    0x35A60, 0x35A60, 0x35A60, 0x35A60, 0x35A60, 0x35A60, 0x35A60, 0x35A60,
    0x35A60, 0x35A60, 0x35A60, 0x35A60, 0x35A60, 0x99E50, 0x35A60, 0x35A60,
    0x35A60, 0x35A60, 0x35A60, 0x35A60, 0x35A60, 0x35A60, 0x35A60, 0x35A60,
    0x35A60, 0x35A60, 0x35A60, 0x35A60, 0x35A60, 0x35A60, 0x35A60, 0x35A60,
    0x35A60, 0x75CC60, 0x35A60, 0x35A60, 0x35A60, 0x35A60, 0x35A60, 0x35A60,
    0x35A60, 0x35A60, 0x35A60, 0x35A60, 0x50AF0, 0x50AF0, 0x35A60, 0x35A60,
    0x35A60, 0x35A60, 0x35A60, 0x35A60, 0x35A60, 0x35A60, 0x35A60, 0x35A60,
    0x35A60, 0x35A60, 0x35A60, 0x35A60, 0x803F40, 0x35A60, 0x75CBE0, 0x75CBF0,
    0x75CC10, 0x75CC40, 0x35A60, 0x35A60, 0x35A60, 0x35A60, 0x35A60, 0x35A60,
    0x35A60, 0x35A60, 0x35A60, 0x35A60, 0x35A60, 0x35A60, 0x35A60, 0x35A60,
    0x35A60, 0x35A60, 0x35A60, 0x35A60, 0x35A60, 0x75F0F0, 0x35A60, 0x35A60,
    0x35A60, 0x35A60, 0x35A60, 0x35A60, 0x35A60, 0x35A60, 0x75CC70, 0x35A60,
    0x35A60, 0x35A60, 0x35A60, 0x35A60, 0x2B5500, 0x2B5500, 0x35A60, 0x35A60,
    0x35A60, 0x35A60, 0x35A60, 0x35A60, 0x35A60, 0x35A60, 0x35A60, 0x35A60,
    0x35A60, 0x35A60, 0x35A60, 0x75CC10, 0x35A60, 0x35A60, 0x35A60, 0x50AF0,
    0x14C4E0, 0x803FA0, 0x35A60, 0x35A60
};

/* JustInCaseTrample -172 vtable slot RVAs */
const UINT_PTR g_justInCaseTrampleVtableRVAs[172] = {
    0x55B010, 0x55B000, 0x55AF30, 0x55AF20, 0x50AF0, 0x721120, 0x35A60, 0x75C5F0,
    0x35A60, 0x35A60, 0x35A60, 0x35A60, 0x35A60, 0x35A60, 0x35A60, 0x35A60,
    0x35A60, 0x35A60, 0x35A60, 0x35A60, 0x35A60, 0x35A60, 0x35A60, 0x35A60,
    0x35A60, 0x75C5C0, 0x35A60, 0x35A60, 0x804220, 0x26BD0, 0x803960, 0x803860,
    0x803740, 0x9E460, 0x35A60, 0x35A60, 0x2B5500, 0x2B5500, 0x35A60, 0x35A60,
    0x35A60, 0x2B5500, 0x35A60, 0x8C6D50, 0x35A60, 0x35A60, 0x35A60, 0x35A60,
    0x35A60, 0x35A60, 0x35A60, 0x35A60, 0x35A60, 0x35A60, 0x35A60, 0x35A60,
    0x35A60, 0x35A60, 0x35A60, 0x35A60, 0x35A60, 0x35A60, 0x35A60, 0x35A60,
    0x35A60, 0x35A60, 0x35A60, 0x35A60, 0x35A60, 0x35A60, 0x35A60, 0x35A60,
    0x35A60, 0x35A60, 0x35A60, 0x35A60, 0x35A60, 0x35A60, 0x35A60, 0x35A60,
    0x35A60, 0x75CC60, 0x35A60, 0x35A60, 0x35A60, 0x35A60, 0x35A60, 0x35A60,
    0x35A60, 0x35A60, 0x35A60, 0x35A60, 0x50AF0, 0x50AF0, 0x35A60, 0x35A60,
    0x35A60, 0x35A60, 0x35A60, 0x35A60, 0x35A60, 0x35A60, 0x35A60, 0x35A60,
    0x35A60, 0x35A60, 0x35A60, 0x35A60, 0x803F40, 0x35A60, 0x75CBE0, 0x75CBF0,
    0x75CC10, 0x75CC40, 0x35A60, 0x35A60, 0x35A60, 0x35A60, 0x35A60, 0x35A60,
    0x35A60, 0x35A60, 0x35A60, 0x35A60, 0x35A60, 0x35A60, 0x35A60, 0x35A60,
    0x35A60, 0x35A60, 0x35A60, 0x35A60, 0x35A60, 0x75F0F0, 0x35A60, 0x35A60,
    0x35A60, 0x35A60, 0x35A60, 0x35A60, 0x35A60, 0x35A60, 0x75CC70, 0x35A60,
    0x35A60, 0x35A60, 0x35A60, 0x35A60, 0x2B5500, 0x2B5500, 0x35A60, 0x35A60,
    0x35A60, 0x35A60, 0x35A60, 0x35A60, 0x35A60, 0x35A60, 0x35A60, 0x35A60,
    0x35A60, 0x35A60, 0x35A60, 0x75CC10, 0x35A60, 0x35A60, 0x35A60, 0x50AF0,
    0x14C4E0, 0x803FA0, 0x35A60, 0x35A60
};

/* KillsToManaThisTurn -172 vtable slot RVAs */
const UINT_PTR g_killsToManaThisTurnVtableRVAs[172] = {
    0x597060, 0x597050, 0x596F80, 0x596F70, 0x50AF0, 0x7211A0, 0x35A60, 0x75C5F0,
    0x35A60, 0x35A60, 0x35A60, 0x35A60, 0x35A60, 0x35A60, 0x35A60, 0x35A60,
    0x35A60, 0x35A60, 0x35A60, 0x35A60, 0x35A60, 0x35A60, 0x35A60, 0x35A60,
    0x35A60, 0x75C5C0, 0x35A60, 0x35A60, 0x804220, 0x26BD0, 0x803960, 0x803860,
    0x803740, 0x35A60, 0x35A60, 0x99A80, 0x2B5500, 0x2B5500, 0x35A60, 0x35A60,
    0x35A60, 0x2B5500, 0x35A60, 0x35A60, 0x35A60, 0x35A60, 0x35A60, 0x35A60,
    0x35A60, 0x35A60, 0x35A60, 0x35A60, 0x35A60, 0x35A60, 0x35A60, 0x35A60,
    0x35A60, 0x35A60, 0x35A60, 0x35A60, 0x35A60, 0x35A60, 0x35A60, 0x35A60,
    0x35A60, 0x35A60, 0x35A60, 0x35A60, 0x35A60, 0x35A60, 0x35A60, 0x35A60,
    0x35A60, 0x35A60, 0x35A60, 0x35A60, 0x35A60, 0x35A60, 0x35A60, 0x35A60,
    0x35A60, 0x75CC60, 0x35A60, 0x35A60, 0x35A60, 0x35A60, 0x35A60, 0x35A60,
    0x35A60, 0x35A60, 0x35A60, 0x35A60, 0x50AF0, 0x50AF0, 0x35A60, 0x35A60,
    0x35A60, 0x35A60, 0x35A60, 0x144A50, 0x35A60, 0x35A60, 0x35A60, 0x35A60,
    0x35A60, 0x35A60, 0x35A60, 0x35A60, 0x803F40, 0x35A60, 0x75CBE0, 0x75CBF0,
    0x75CC10, 0x75CC40, 0x35A60, 0x35A60, 0x35A60, 0x35A60, 0x35A60, 0x35A60,
    0x35A60, 0x35A60, 0x35A60, 0x35A60, 0x35A60, 0x35A60, 0x35A60, 0x35A60,
    0x35A60, 0x35A60, 0x35A60, 0x35A60, 0x35A60, 0x75F0F0, 0x35A60, 0x35A60,
    0x35A60, 0x35A60, 0x35A60, 0x35A60, 0x35A60, 0x35A60, 0x75CC70, 0x35A60,
    0x35A60, 0x35A60, 0x35A60, 0x35A60, 0x2B5500, 0x2B5500, 0x35A60, 0x35A60,
    0x35A60, 0x35A60, 0x35A60, 0x35A60, 0x35A60, 0x35A60, 0x35A60, 0x35A60,
    0x35A60, 0x35A60, 0x35A60, 0x75CC10, 0x35A60, 0x35A60, 0x35A60, 0x50AF0,
    0x14C4E0, 0x803FA0, 0x35A60, 0x35A60
};

/* KillsToMeatAndHealthThisTurn -172 vtable slot RVAs */
const UINT_PTR g_killsToMeatAndHealthThisTurnVtableRVAs[172] = {
    0x596F00, 0x596EF0, 0x596E20, 0x596E10, 0x50AF0, 0x721220, 0x35A60, 0x75C5F0,
    0x35A60, 0x35A60, 0x35A60, 0x35A60, 0x35A60, 0x35A60, 0x35A60, 0x35A60,
    0x35A60, 0x35A60, 0x35A60, 0x35A60, 0x35A60, 0x35A60, 0x35A60, 0x35A60,
    0x35A60, 0x75C5C0, 0x35A60, 0x35A60, 0x804220, 0x26BD0, 0x803960, 0x803860,
    0x803740, 0x35A60, 0x35A60, 0x99A80, 0x2B5500, 0x2B5500, 0x35A60, 0x35A60,
    0x35A60, 0x2B5500, 0x35A60, 0x35A60, 0x35A60, 0x35A60, 0x35A60, 0x35A60,
    0x35A60, 0x35A60, 0x35A60, 0x35A60, 0x35A60, 0x35A60, 0x35A60, 0x35A60,
    0x35A60, 0x35A60, 0x35A60, 0x35A60, 0x35A60, 0x35A60, 0x35A60, 0x35A60,
    0x35A60, 0x35A60, 0x35A60, 0x35A60, 0x35A60, 0x35A60, 0x35A60, 0x35A60,
    0x35A60, 0x35A60, 0x35A60, 0x35A60, 0x35A60, 0x35A60, 0x35A60, 0x35A60,
    0x35A60, 0x75CC60, 0x35A60, 0x35A60, 0x35A60, 0x35A60, 0x35A60, 0x35A60,
    0x35A60, 0x35A60, 0x35A60, 0x35A60, 0x50AF0, 0x50AF0, 0x35A60, 0x35A60,
    0x35A60, 0x35A60, 0x35A60, 0x144C20, 0x35A60, 0x35A60, 0x35A60, 0x35A60,
    0x35A60, 0x35A60, 0x35A60, 0x35A60, 0x803F40, 0x35A60, 0x75CBE0, 0x75CBF0,
    0x75CC10, 0x75CC40, 0x35A60, 0x35A60, 0x35A60, 0x35A60, 0x35A60, 0x35A60,
    0x35A60, 0x35A60, 0x35A60, 0x35A60, 0x35A60, 0x35A60, 0x35A60, 0x35A60,
    0x35A60, 0x35A60, 0x35A60, 0x35A60, 0x35A60, 0x75F0F0, 0x35A60, 0x35A60,
    0x35A60, 0x35A60, 0x35A60, 0x35A60, 0x35A60, 0x35A60, 0x75CC70, 0x35A60,
    0x35A60, 0x35A60, 0x35A60, 0x35A60, 0x2B5500, 0x2B5500, 0x35A60, 0x35A60,
    0x35A60, 0x35A60, 0x35A60, 0x35A60, 0x35A60, 0x35A60, 0x35A60, 0x35A60,
    0x35A60, 0x35A60, 0x35A60, 0x75CC10, 0x35A60, 0x35A60, 0x35A60, 0x50AF0,
    0x14C4E0, 0x803FA0, 0x35A60, 0x35A60
};

/* KineticSpikes -172 vtable slot RVAs */
const UINT_PTR g_kineticSpikesVtableRVAs[172] = {
    0x59E990, 0x59E980, 0x59E8B0, 0x59E8A0, 0x50AF0, 0x7212A0, 0x35A60, 0x75C5F0,
    0x35A60, 0x35A60, 0x35A60, 0x35A60, 0x35A60, 0x35A60, 0x35A60, 0x35A60,
    0x35A60, 0x35A60, 0x35A60, 0x35A60, 0x35A60, 0x35A60, 0x35A60, 0x35A60,
    0x35A60, 0x75C5C0, 0x35A60, 0x35A60, 0x804220, 0x26BD0, 0x803960, 0x803860,
    0x803740, 0x35A60, 0x35A60, 0x35A60, 0x2B5500, 0x2B5500, 0x35A60, 0x35A60,
    0x35A60, 0x2B5500, 0x35A60, 0x35A60, 0x35A60, 0x35A60, 0x35A60, 0x35A60,
    0x35A60, 0x35A60, 0x35A60, 0x35A60, 0x35A60, 0x35A60, 0x35A60, 0x35A60,
    0x35A60, 0x35A60, 0x35A60, 0x35A60, 0x35A60, 0x35A60, 0x35A60, 0x35A60,
    0x9C060, 0x35A60, 0x35A60, 0x35A60, 0x35A60, 0x35A60, 0x35A60, 0x35A60,
    0x35A60, 0x35A60, 0x35A60, 0x35A60, 0x35A60, 0x35A60, 0x35A60, 0x35A60,
    0x35A60, 0x75CC60, 0x35A60, 0x35A60, 0x35A60, 0x35A60, 0x35A60, 0x35A60,
    0x35A60, 0x35A60, 0x35A60, 0x35A60, 0x50AF0, 0x50AF0, 0x35A60, 0x35A60,
    0x35A60, 0x35A60, 0x35A60, 0x35A60, 0x35A60, 0x35A60, 0x35A60, 0x35A60,
    0x35A60, 0x35A60, 0x35A60, 0x35A60, 0x803F40, 0x35A60, 0x75CBE0, 0x75CBF0,
    0x75CC10, 0x75CC40, 0x35A60, 0x35A60, 0x35A60, 0x35A60, 0x35A60, 0x35A60,
    0x35A60, 0x35A60, 0x35A60, 0x35A60, 0x35A60, 0x35A60, 0x35A60, 0x35A60,
    0x35A60, 0x35A60, 0x35A60, 0x35A60, 0x35A60, 0x75F0F0, 0x35A60, 0x35A60,
    0x35A60, 0x35A60, 0x35A60, 0x35A60, 0x35A60, 0x35A60, 0x75CC70, 0x35A60,
    0x35A60, 0x35A60, 0x35A60, 0x35A60, 0x2B5500, 0x2B5500, 0x35A60, 0x35A60,
    0x35A60, 0x35A60, 0x35A60, 0x35A60, 0x35A60, 0x35A60, 0x35A60, 0x35A60,
    0x35A60, 0x35A60, 0x35A60, 0x75CC10, 0x35A60, 0x35A60, 0x35A60, 0x50AF0,
    0x14C4E0, 0x803FA0, 0x35A60, 0x35A60
};

/* KnockbackDamageImmuneUntilSettled -172 vtable slot RVAs */
const UINT_PTR g_knockbackDamageImmuneUntilSettledVtableRVAs[172] = {
    0x55EC40, 0x55EC30, 0x55EB60, 0x55EB50, 0x50AF0, 0x721320, 0x35A60, 0x75C5F0,
    0x35A60, 0x35A60, 0x35A60, 0x8ACBB0, 0x35A60, 0x35A60, 0x35A60, 0x35A60,
    0x35A60, 0x35A60, 0x35A60, 0x35A60, 0x35A60, 0x35A60, 0x35A60, 0x35A60,
    0x35A60, 0x75C5C0, 0x35A60, 0x35A60, 0x804220, 0x26BD0, 0x803960, 0x803860,
    0x803740, 0x7F930, 0x35A60, 0x35A60, 0x2B5500, 0x2B5500, 0x35A60, 0x35A60,
    0x35A60, 0x2B5500, 0x35A60, 0x35A60, 0x35A60, 0x35A60, 0x35A60, 0x35A60,
    0x35A60, 0x35A60, 0x35A60, 0x35A60, 0x35A60, 0x35A60, 0x35A60, 0x35A60,
    0x35A60, 0x35A60, 0x35A60, 0x35A60, 0x35A60, 0x33FEB0, 0x35A60, 0x35A60,
    0x35A60, 0x35A60, 0x35A60, 0x35A60, 0x35A60, 0x35A60, 0x35A60, 0x35A60,
    0x35A60, 0x35A60, 0x35A60, 0x35A60, 0x35A60, 0x35A60, 0x35A60, 0x35A60,
    0x35A60, 0x75CC60, 0x35A60, 0x35A60, 0x35A60, 0x35A60, 0x35A60, 0x35A60,
    0x35A60, 0x35A60, 0x35A60, 0x35A60, 0x50AF0, 0x50AF0, 0x35A60, 0x35A60,
    0x35A60, 0x35A60, 0x35A60, 0x35A60, 0x35A60, 0x35A60, 0x35A60, 0x35A60,
    0x35A60, 0x35A60, 0x35A60, 0x35A60, 0x803F40, 0x35A60, 0x75CBE0, 0x75CBF0,
    0x75CC10, 0x75CC40, 0x35A60, 0x35A60, 0x35A60, 0x35A60, 0x35A60, 0x35A60,
    0x35A60, 0x35A60, 0x35A60, 0x35A60, 0x35A60, 0x35A60, 0x35A60, 0x35A60,
    0x35A60, 0x35A60, 0x35A60, 0x35A60, 0x35A60, 0x75F0F0, 0x35A60, 0x35A60,
    0x35A60, 0x35A60, 0x35A60, 0x35A60, 0x35A60, 0x35A60, 0x75CC70, 0x35A60,
    0x35A60, 0x35A60, 0x35A60, 0x35A60, 0x2B5500, 0x2B5500, 0x35A60, 0x35A60,
    0x35A60, 0x35A60, 0x35A60, 0x35A60, 0x35A60, 0x35A60, 0x35A60, 0x35A60,
    0x35A60, 0x35A60, 0x35A60, 0x75CC10, 0x35A60, 0x35A60, 0x35A60, 0x50AF0,
    0x14C4E0, 0x803FA0, 0x35A60, 0x35A60
};

/* LateBloomer -172 vtable slot RVAs */
const UINT_PTR g_lateBloomerVtableRVAs[172] = {
    0x57A370, 0x57A360, 0x57A230, 0x57A220, 0x50AF0, 0x7213A0, 0x35A60, 0x75C5F0,
    0x35A60, 0x35A60, 0x35A60, 0x35A60, 0x35A60, 0x35A60, 0x35A60, 0x35A60,
    0x35A60, 0x35A60, 0x35A60, 0x35A60, 0x35A60, 0x35A60, 0x35A60, 0x35A60,
    0x35A60, 0x75C5C0, 0x35A60, 0x35A60, 0x804220, 0x26BD0, 0x803960, 0x803860,
    0x803740, 0x35A60, 0x24CD80, 0x35A60, 0x2B5500, 0x2B5500, 0x35A60, 0x35A60,
    0x35A60, 0x2B5500, 0x35A60, 0x35A60, 0x35A60, 0x35A60, 0x35A60, 0x35A60,
    0x35A60, 0x35A60, 0x35A60, 0x35A60, 0x35A60, 0x35A60, 0x35A60, 0x35A60,
    0x35A60, 0x35A60, 0x35A60, 0x35A60, 0x35A60, 0x35A60, 0x35A60, 0x35A60,
    0x35A60, 0x35A60, 0x35A60, 0x35A60, 0x35A60, 0x35A60, 0x35A60, 0x35A60,
    0x35A60, 0x35A60, 0x35A60, 0x35A60, 0x35A60, 0x35A60, 0x35A60, 0x35A60,
    0x35A60, 0x75CC60, 0x35A60, 0x35A60, 0x35A60, 0x35A60, 0x35A60, 0x35A60,
    0x35A60, 0x35A60, 0x35A60, 0x35A60, 0x50AF0, 0x50AF0, 0x35A60, 0x35A60,
    0x35A60, 0x35A60, 0x35A60, 0x35A60, 0x35A60, 0x35A60, 0x35A60, 0x35A60,
    0x35A60, 0x35A60, 0x35A60, 0x35A60, 0x803F40, 0x35A60, 0x75CBE0, 0x75CBF0,
    0x75CC10, 0x75CC40, 0x35A60, 0x35A60, 0x35A60, 0x35A60, 0x35A60, 0x35A60,
    0x35A60, 0x35A60, 0x35A60, 0x35A60, 0x35A60, 0x35A60, 0x35A60, 0x35A60,
    0x35A60, 0x35A60, 0x35A60, 0x35A60, 0x35A60, 0x75F0F0, 0x35A60, 0x35A60,
    0x35A60, 0x35A60, 0x35A60, 0x35A60, 0x35A60, 0x35A60, 0x75CC70, 0x35A60,
    0x35A60, 0x35A60, 0x35A60, 0x35A60, 0x2B5500, 0x2B5500, 0x35A60, 0x35A60,
    0x35A60, 0x35A60, 0x35A60, 0x35A60, 0x35A60, 0x35A60, 0x35A60, 0x35A60,
    0x35A60, 0x35A60, 0x35A60, 0x75CC10, 0x35A60, 0x35A60, 0x35A60, 0x50AF0,
    0x14C4E0, 0x803FA0, 0x35A60, 0x35A60
};

/* LateStatusApplication -172 vtable slot RVAs */
const UINT_PTR g_lateStatusApplicationVtableRVAs[172] = {
    0x5799B0, 0x5799A0, 0x5798D0, 0x5798C0, 0x50AF0, 0x721420, 0x35A60, 0x75C5F0,
    0x35A60, 0x35A60, 0x35A60, 0x24D1F0, 0x35A60, 0x35A60, 0x35A60, 0x35A60,
    0x35A60, 0x35A60, 0x35A60, 0x35A60, 0x35A60, 0x35A60, 0x35A60, 0x35A60,
    0x35A60, 0x75C5C0, 0x35A60, 0x35A60, 0x804220, 0x26BD0, 0x803960, 0x803860,
    0x803740, 0x35A60, 0x35A60, 0x35A60, 0x2B5500, 0x2B5500, 0x35A60, 0x35A60,
    0x35A60, 0x2B5500, 0x35A60, 0x35A60, 0x35A60, 0x35A60, 0x35A60, 0x35A60,
    0x35A60, 0x35A60, 0x35A60, 0x35A60, 0x35A60, 0x35A60, 0x35A60, 0x35A60,
    0x35A60, 0x35A60, 0x35A60, 0x35A60, 0x35A60, 0x35A60, 0x35A60, 0x35A60,
    0x35A60, 0x35A60, 0x35A60, 0x35A60, 0x35A60, 0x35A60, 0x35A60, 0x35A60,
    0x35A60, 0x35A60, 0x35A60, 0x35A60, 0x35A60, 0x35A60, 0x35A60, 0x35A60,
    0x35A60, 0x75CC60, 0x35A60, 0x35A60, 0x35A60, 0x35A60, 0x35A60, 0x35A60,
    0x35A60, 0x35A60, 0x35A60, 0x35A60, 0x50AF0, 0x50AF0, 0x35A60, 0x35A60,
    0x35A60, 0x35A60, 0x35A60, 0x35A60, 0x35A60, 0x35A60, 0x35A60, 0x35A60,
    0x35A60, 0x35A60, 0x35A60, 0x35A60, 0x803F40, 0x35A60, 0x75CBE0, 0x75CBF0,
    0x75CC10, 0x75CC40, 0x35A60, 0x35A60, 0x35A60, 0x35A60, 0x35A60, 0x35A60,
    0x35A60, 0x35A60, 0x35A60, 0x35A60, 0x35A60, 0x35A60, 0x35A60, 0x35A60,
    0x35A60, 0x35A60, 0x35A60, 0x35A60, 0x35A60, 0x75F0F0, 0x35A60, 0x35A60,
    0x35A60, 0x35A60, 0x35A60, 0x35A60, 0x35A60, 0x35A60, 0x75CC70, 0x35A60,
    0x35A60, 0x35A60, 0x35A60, 0x35A60, 0x2B5500, 0x2B5500, 0x35A60, 0x35A60,
    0x35A60, 0x35A60, 0x35A60, 0x35A60, 0x35A60, 0x35A60, 0x35A60, 0x35A60,
    0x35A60, 0x35A60, 0x35A60, 0x75CC10, 0x35A60, 0x35A60, 0x35A60, 0x50AF0,
    0x14C4E0, 0x803FA0, 0x35A60, 0x35A60
};

/* LaunchOffScreen -172 vtable slot RVAs */
const UINT_PTR g_launchOffScreenVtableRVAs[172] = {
    0x588DC0, 0x588DB0, 0x588CE0, 0x588CD0, 0x50AF0, 0x7214A0, 0x35A60, 0x75C5F0,
    0x35A60, 0x35A60, 0x35A60, 0x35A60, 0x35A60, 0x35A60, 0x35A60, 0x35A60,
    0x35A60, 0x35A60, 0x35A60, 0x35A60, 0x35A60, 0x35A60, 0x35A60, 0x35A60,
    0x35A60, 0x75C5C0, 0x35A60, 0x35A60, 0x804220, 0x26BD0, 0x803960, 0x803860,
    0x803740, 0x18C3A0, 0x18C650, 0x35A60, 0x2B5500, 0x2B5500, 0x35A60, 0x35A60,
    0x35A60, 0x2B5500, 0x35A60, 0x35A60, 0x35A60, 0x35A60, 0x35A60, 0x35A60,
    0x35A60, 0x35A60, 0x35A60, 0x35A60, 0x35A60, 0x35A60, 0x35A60, 0x35A60,
    0x35A60, 0x35A60, 0x35A60, 0x35A60, 0x35A60, 0x35A60, 0x35A60, 0x35A60,
    0x35A60, 0x35A60, 0x35A60, 0x35A60, 0x35A60, 0x35A60, 0x35A60, 0x35A60,
    0x35A60, 0x35A60, 0x35A60, 0x35A60, 0x35A60, 0x35A60, 0x35A60, 0x35A60,
    0x35A60, 0x75CC60, 0x35A60, 0x35A60, 0x35A60, 0x35A60, 0x35A60, 0x35A60,
    0x35A60, 0x35A60, 0x35A60, 0x35A60, 0x50AF0, 0x50AF0, 0x35A60, 0x35A60,
    0x35A60, 0x35A60, 0x35A60, 0x35A60, 0x35A60, 0x35A60, 0x35A60, 0x35A60,
    0x35A60, 0x35A60, 0x35A60, 0x35A60, 0x803F40, 0x35A60, 0x75CBE0, 0x75CBF0,
    0x75CC10, 0x75CC40, 0x35A60, 0x35A60, 0x35A60, 0x35A60, 0x35A60, 0x35A60,
    0x35A60, 0x35A60, 0x35A60, 0x35A60, 0x35A60, 0x35A60, 0x35A60, 0x35A60,
    0x35A60, 0x35A60, 0x35A60, 0x35A60, 0x35A60, 0x75F0F0, 0x35A60, 0x35A60,
    0x35A60, 0x35A60, 0x35A60, 0x35A60, 0x35A60, 0x35A60, 0x75CC70, 0x35A60,
    0x35A60, 0x35A60, 0x35A60, 0x35A60, 0x2B5500, 0x2B5500, 0x35A60, 0x35A60,
    0x35A60, 0x35A60, 0x35A60, 0x35A60, 0x35A60, 0x35A60, 0x35A60, 0x35A60,
    0x35A60, 0x35A60, 0x35A60, 0x75CC10, 0x35A60, 0x35A60, 0x35A60, 0x50AF0,
    0x14C4E0, 0x803FA0, 0x35A60, 0x35A60
};

/* LeaveBehind -172 vtable slot RVAs */
const UINT_PTR g_leaveBehindVtableRVAs[172] = {
    0x561290, 0x561280, 0x5611B0, 0x5611A0, 0x50AF0, 0x721520, 0x35A60, 0x75C5F0,
    0x35A60, 0x35A60, 0x35A60, 0x35A60, 0x35A60, 0x35A60, 0x35A60, 0x35A60,
    0x35A60, 0x35A60, 0x35A60, 0x35A60, 0x35A60, 0x35A60, 0x35A60, 0x35A60,
    0x35A60, 0x75C5C0, 0x35A60, 0x35A60, 0x804220, 0x26BD0, 0x803960, 0x803860,
    0x803740, 0x35A60, 0x35A60, 0x35A60, 0x2B5500, 0x2B5500, 0x35A60, 0x35A60,
    0x35A60, 0x2B5500, 0x35A60, 0x89C250, 0x35A60, 0x35A60, 0x35A60, 0x35A60,
    0x35A60, 0x35A60, 0x35A60, 0x35A60, 0x35A60, 0x35A60, 0x35A60, 0x35A60,
    0x35A60, 0x35A60, 0x35A60, 0x35A60, 0x35A60, 0x35A60, 0x35A60, 0x35A60,
    0x35A60, 0x35A60, 0x35A60, 0x35A60, 0x35A60, 0x35A60, 0x35A60, 0x35A60,
    0x35A60, 0x35A60, 0x35A60, 0x35A60, 0x35A60, 0x35A60, 0x35A60, 0x35A60,
    0x35A60, 0x75CC60, 0x35A60, 0x35A60, 0x35A60, 0x35A60, 0x35A60, 0x35A60,
    0x35A60, 0x35A60, 0x35A60, 0x35A60, 0x50AF0, 0x50AF0, 0x35A60, 0x35A60,
    0x35A60, 0x35A60, 0x35A60, 0x35A60, 0x35A60, 0x35A60, 0x35A60, 0x35A60,
    0x35A60, 0x35A60, 0x35A60, 0x35A60, 0x803F40, 0x35A60, 0x75CBE0, 0x75CBF0,
    0x75CC10, 0x75CC40, 0x35A60, 0x35A60, 0x35A60, 0x35A60, 0x35A60, 0x35A60,
    0x35A60, 0x35A60, 0x35A60, 0x35A60, 0x35A60, 0x35A60, 0x35A60, 0x35A60,
    0x35A60, 0x35A60, 0x35A60, 0x35A60, 0x35A60, 0x75F0F0, 0x35A60, 0x35A60,
    0x35A60, 0x35A60, 0x35A60, 0x35A60, 0x35A60, 0x35A60, 0x75CC70, 0x35A60,
    0x35A60, 0x35A60, 0x35A60, 0x35A60, 0x2B5500, 0x2B5500, 0x35A60, 0x35A60,
    0x35A60, 0x35A60, 0x35A60, 0x35A60, 0x35A60, 0x35A60, 0x35A60, 0x35A60,
    0x35A60, 0x35A60, 0x35A60, 0x75CC10, 0x35A60, 0x35A60, 0x35A60, 0x50AF0,
    0x14C4E0, 0x803FA0, 0x35A60, 0x35A60
};

/* LeaveBehindRockOnKnockback -172 vtable slot RVAs */
const UINT_PTR g_leaveBehindRockOnKnockbackVtableRVAs[172] = {
    0x565A10, 0x565A00, 0x565930, 0x565920, 0x50AF0, 0x7215A0, 0x35A60, 0x75C5F0,
    0x35A60, 0x35A60, 0x893110, 0x35A60, 0x35A60, 0x35A60, 0x35A60, 0x35A60,
    0x35A60, 0x35A60, 0x35A60, 0x35A60, 0x35A60, 0x35A60, 0x35A60, 0x35A60,
    0x35A60, 0x75C5C0, 0x35A60, 0x35A60, 0x804220, 0x26BD0, 0x803960, 0x803860,
    0x803740, 0x9E460, 0x35A60, 0x35A60, 0x2B5500, 0x2B5500, 0x35A60, 0x35A60,
    0x35A60, 0x2B5500, 0x35A60, 0x892DC0, 0x35A60, 0x35A60, 0x35A60, 0x35A60,
    0x35A60, 0x35A60, 0x35A60, 0x35A60, 0x35A60, 0x35A60, 0x35A60, 0x35A60,
    0x35A60, 0x35A60, 0x35A60, 0x35A60, 0x35A60, 0x35A60, 0x35A60, 0x35A60,
    0x35A60, 0x35A60, 0x35A60, 0x35A60, 0x35A60, 0x35A60, 0x35A60, 0x35A60,
    0x35A60, 0x35A60, 0x35A60, 0x35A60, 0x35A60, 0x35A60, 0x35A60, 0x35A60,
    0x35A60, 0x75CC60, 0x35A60, 0x35A60, 0x35A60, 0x35A60, 0x35A60, 0x35A60,
    0x35A60, 0x35A60, 0x35A60, 0x35A60, 0x50AF0, 0x50AF0, 0x35A60, 0x35A60,
    0x35A60, 0x35A60, 0x35A60, 0x35A60, 0x35A60, 0x35A60, 0x35A60, 0x35A60,
    0x35A60, 0x35A60, 0x35A60, 0x35A60, 0x803F40, 0x35A60, 0x75CBE0, 0x75CBF0,
    0x75CC10, 0x75CC40, 0x35A60, 0x35A60, 0x35A60, 0x35A60, 0x35A60, 0x35A60,
    0x35A60, 0x35A60, 0x35A60, 0x35A60, 0x35A60, 0x35A60, 0x35A60, 0x35A60,
    0x35A60, 0x35A60, 0x35A60, 0x35A60, 0x35A60, 0x75F0F0, 0x35A60, 0x35A60,
    0x35A60, 0x35A60, 0x35A60, 0x35A60, 0x35A60, 0x35A60, 0x75CC70, 0x35A60,
    0x35A60, 0x35A60, 0x35A60, 0x35A60, 0x2B5500, 0x2B5500, 0x35A60, 0x35A60,
    0x35A60, 0x35A60, 0x35A60, 0x35A60, 0x35A60, 0x35A60, 0x35A60, 0x35A60,
    0x35A60, 0x35A60, 0x35A60, 0x75CC10, 0x35A60, 0x35A60, 0x35A60, 0x50AF0,
    0x14C4E0, 0x803FA0, 0x35A60, 0x35A60
};

/* Leeches -172 vtable slot RVAs */
const UINT_PTR g_leechesVtableRVAs[172] = {
    0x575820, 0x575810, 0x575740, 0x575730, 0x50AF0, 0x721620, 0x35A60, 0x75C5F0,
    0x35A60, 0x35A60, 0x35A60, 0x35A60, 0x35A60, 0x35A60, 0x35A60, 0x35A60,
    0x35A60, 0x35A60, 0x35A60, 0x35A60, 0x35A60, 0x35A60, 0x35A60, 0x35A60,
    0x35A60, 0x75C5C0, 0x35A60, 0x35A60, 0x804220, 0x26BD0, 0x803960, 0x803860,
    0x803740, 0x26F790, 0x35A60, 0x35A60, 0x2B5500, 0x2B5500, 0x35A60, 0x35A60,
    0x35A60, 0x26FC00, 0x35A60, 0x35A60, 0x35A60, 0x26FD10, 0x35A60, 0x35A60,
    0x35A60, 0x35A60, 0x35A60, 0x35A60, 0x35A60, 0x35A60, 0x26FC60, 0x35A60,
    0x35A60, 0x35A60, 0x35A60, 0x35A60, 0x35A60, 0x35A60, 0x35A60, 0x35A60,
    0x35A60, 0x35A60, 0x35A60, 0x35A60, 0x35A60, 0x35A60, 0x35A60, 0x35A60,
    0x35A60, 0x35A60, 0x35A60, 0x35A60, 0x35A60, 0x35A60, 0x35A60, 0x35A60,
    0x35A60, 0x75CC60, 0x35A60, 0x35A60, 0x35A60, 0x35A60, 0x35A60, 0x35A60,
    0x35A60, 0x35A60, 0x35A60, 0x35A60, 0x50AF0, 0x50AF0, 0x35A60, 0x35A60,
    0x35A60, 0x35A60, 0x35A60, 0x35A60, 0x35A60, 0x35A60, 0x35A60, 0x35A60,
    0x35A60, 0x35A60, 0x35A60, 0x35A60, 0x803F40, 0x35A60, 0x75CBE0, 0x75CBF0,
    0x75CC10, 0x75CC40, 0x35A60, 0x35A60, 0x35A60, 0x35A60, 0x35A60, 0x35A60,
    0x35A60, 0x35A60, 0x35A60, 0x35A60, 0x35A60, 0x35A60, 0x35A60, 0x35A60,
    0x35A60, 0x35A60, 0x35A60, 0x35A60, 0x35A60, 0x75F0F0, 0x35A60, 0x35A60,
    0x35A60, 0x35A60, 0x35A60, 0x35A60, 0x35A60, 0x35A60, 0x75CC70, 0x35A60,
    0x35A60, 0x35A60, 0x35A60, 0x35A60, 0x2B5500, 0x2B5500, 0x35A60, 0x35A60,
    0x35A60, 0x35A60, 0x35A60, 0x35A60, 0x35A60, 0x35A60, 0x35A60, 0x35A60,
    0x35A60, 0x35A60, 0x35A60, 0x75CC10, 0x35A60, 0x35A60, 0x35A60, 0x50AF0,
    0x14C4E0, 0x803FA0, 0x35A60, 0x26FD20
};

/* Lifesteal -172 vtable slot RVAs */
const UINT_PTR g_lifestealVtableRVAs[172] = {
    0x5846E0, 0x5846D0, 0x584650, 0x584640, 0x50AF0, 0x7216A0, 0x35A60, 0x75C5F0,
    0x35A60, 0x35A60, 0x35A60, 0x35A60, 0x35A60, 0x35A60, 0x35A60, 0x35A60,
    0x35A60, 0x35A60, 0x35A60, 0x35A60, 0x35A60, 0x35A60, 0x35A60, 0x35A60,
    0x35A60, 0x75C5C0, 0x35A60, 0x35A60, 0x804220, 0x26BD0, 0x803960, 0x803860,
    0x803740, 0x33D230, 0x35A60, 0x33D220, 0x2B5500, 0x2B5500, 0x35A60, 0x35A60,
    0x35A60, 0x2B5500, 0x35A60, 0x35A60, 0x35A60, 0x35A60, 0x35A60, 0x35A60,
    0x35A60, 0x35A60, 0x35A60, 0x35A60, 0x35A60, 0x35A60, 0x35A60, 0x35A60,
    0x33CFF0, 0x33D080, 0x33D030, 0x35A60, 0x35A60, 0x35A60, 0x35A60, 0x35A60,
    0x35A60, 0x35A60, 0x35A60, 0x35A60, 0x35A60, 0x35A60, 0x35A60, 0x35A60,
    0x35A60, 0x35A60, 0x35A60, 0x35A60, 0x35A60, 0x35A60, 0x35A60, 0x35A60,
    0x35A60, 0x75CC60, 0x35A60, 0x35A60, 0x35A60, 0x35A60, 0x35A60, 0x35A60,
    0x35A60, 0x35A60, 0x35A60, 0x35A60, 0x50AF0, 0x50AF0, 0x35A60, 0x35A60,
    0x35A60, 0x35A60, 0x35A60, 0x35A60, 0x35A60, 0x35A60, 0x35A60, 0x35A60,
    0x35A60, 0x35A60, 0x35A60, 0x35A60, 0x803F40, 0x35A60, 0x75CBE0, 0x75CBF0,
    0x75CC10, 0x75CC40, 0x35A60, 0x35A60, 0x35A60, 0x35A60, 0x35A60, 0x35A60,
    0x35A60, 0x35A60, 0x35A60, 0x35A60, 0x35A60, 0x35A60, 0x35A60, 0x35A60,
    0x35A60, 0x35A60, 0x35A60, 0x35A60, 0x35A60, 0x75F0F0, 0x35A60, 0x35A60,
    0x35A60, 0x35A60, 0x35A60, 0x35A60, 0x35A60, 0x35A60, 0x75CC70, 0x35A60,
    0x35A60, 0x35A60, 0x35A60, 0x35A60, 0x2B5500, 0x2B5500, 0x35A60, 0x35A60,
    0x35A60, 0x35A60, 0x35A60, 0x35A60, 0x35A60, 0x35A60, 0x35A60, 0x35A60,
    0x35A60, 0x35A60, 0x35A60, 0x75CC10, 0x35A60, 0x35A60, 0x35A60, 0x50AF0,
    0x14C4E0, 0x803FA0, 0x35A60, 0x35A60
};

/* LoseShieldNextTurn -172 vtable slot RVAs */
const UINT_PTR g_loseShieldNextTurnVtableRVAs[172] = {
    0x59FAD0, 0x59FAC0, 0x59F9F0, 0x59F9E0, 0x50AF0, 0x721720, 0x35A60, 0x75C5F0,
    0x35A60, 0x35A60, 0x35A60, 0x35A60, 0x35A60, 0x35A60, 0x35A60, 0x35A60,
    0x35A60, 0x35A60, 0x35A60, 0x35A60, 0x35A60, 0x35A60, 0x35A60, 0x35A60,
    0x35A60, 0x75C5C0, 0x35A60, 0x35A60, 0x804220, 0x26BD0, 0x803960, 0x803860,
    0x803740, 0x35A60, 0x35A60, 0x35A60, 0x9B0C0, 0x2B5500, 0x35A60, 0x35A60,
    0x35A60, 0x2B5500, 0x35A60, 0x35A60, 0x35A60, 0x35A60, 0x35A60, 0x35A60,
    0x35A60, 0x35A60, 0x35A60, 0x35A60, 0x35A60, 0x35A60, 0x35A60, 0x35A60,
    0x35A60, 0x35A60, 0x35A60, 0x35A60, 0x35A60, 0x35A60, 0x35A60, 0x35A60,
    0x35A60, 0x35A60, 0x35A60, 0x35A60, 0x35A60, 0x35A60, 0x35A60, 0x35A60,
    0x35A60, 0x35A60, 0x35A60, 0x35A60, 0x35A60, 0x35A60, 0x35A60, 0x35A60,
    0x35A60, 0x75CC60, 0x35A60, 0x35A60, 0x35A60, 0x35A60, 0x35A60, 0x35A60,
    0x35A60, 0x35A60, 0x35A60, 0x35A60, 0x50AF0, 0x50AF0, 0x35A60, 0x35A60,
    0x35A60, 0x35A60, 0x35A60, 0x35A60, 0x35A60, 0x35A60, 0x35A60, 0x35A60,
    0x35A60, 0x35A60, 0x35A60, 0x35A60, 0x803F40, 0x35A60, 0x75CBE0, 0x75CBF0,
    0x75CC10, 0x75CC40, 0x35A60, 0x35A60, 0x35A60, 0x35A60, 0x35A60, 0x35A60,
    0x35A60, 0x35A60, 0x35A60, 0x35A60, 0x35A60, 0x35A60, 0x35A60, 0x35A60,
    0x35A60, 0x35A60, 0x35A60, 0x35A60, 0x35A60, 0x75F0F0, 0x35A60, 0x35A60,
    0x35A60, 0x35A60, 0x35A60, 0x35A60, 0x35A60, 0x35A60, 0x75CC70, 0x35A60,
    0x35A60, 0x35A60, 0x35A60, 0x35A60, 0x2B5500, 0x2B5500, 0x35A60, 0x35A60,
    0x35A60, 0x35A60, 0x35A60, 0x35A60, 0x35A60, 0x35A60, 0x35A60, 0x35A60,
    0x35A60, 0x35A60, 0x35A60, 0x75CC10, 0x35A60, 0x35A60, 0x35A60, 0x50AF0,
    0x14C4E0, 0x803FA0, 0x35A60, 0x35A60
};

/* LuckUp -172 vtable slot RVAs */
const UINT_PTR g_luckUpVtableRVAs[172] = {
    0x563FA0, 0x563F90, 0x563EC0, 0x563EB0, 0x50AF0, 0x7217A0, 0x35A60, 0x75C5F0,
    0x35A60, 0x35A60, 0x35A60, 0x35A60, 0x35A60, 0x35A60, 0x35A60, 0x35A60,
    0x35A60, 0x35A60, 0x35A60, 0x35A60, 0x35A60, 0x35A60, 0x35A60, 0x35A60,
    0x35A60, 0x75C5C0, 0x35A60, 0x35A60, 0x804220, 0x26BD0, 0x803960, 0x803860,
    0x803740, 0x35A60, 0x35A60, 0x35A60, 0x2B5500, 0x2B5500, 0x35A60, 0x35A60,
    0x35A60, 0x2B5500, 0x35A60, 0x35A60, 0x35A60, 0x35A60, 0x35A60, 0x35A60,
    0x35A60, 0x35A60, 0x35A60, 0x35A60, 0x35A60, 0x35A60, 0x35A60, 0x35A60,
    0x35A60, 0x35A60, 0x35A60, 0x35A60, 0x35A60, 0x35A60, 0x35A60, 0x35A60,
    0x35A60, 0x35A60, 0x35A60, 0x35A60, 0x35A60, 0x35A60, 0x35A60, 0x35A60,
    0x35A60, 0x35A60, 0x35A60, 0x35A60, 0x35A60, 0x35A60, 0x35A60, 0x35A60,
    0x35A60, 0x75CC60, 0x89CA50, 0x35A60, 0x35A60, 0x35A60, 0x35A60, 0x35A60,
    0x35A60, 0x35A60, 0x35A60, 0x35A60, 0x50AF0, 0x50AF0, 0x35A60, 0x35A60,
    0x35A60, 0x35A60, 0x35A60, 0x35A60, 0x35A60, 0x35A60, 0x35A60, 0x35A60,
    0x35A60, 0x35A60, 0x35A60, 0x35A60, 0x803F40, 0x35A60, 0x75CBE0, 0x75CBF0,
    0x75CC10, 0x75CC40, 0x35A60, 0x35A60, 0x35A60, 0x35A60, 0x35A60, 0x35A60,
    0x35A60, 0x35A60, 0x35A60, 0x35A60, 0x35A60, 0x35A60, 0x35A60, 0x35A60,
    0x35A60, 0x35A60, 0x35A60, 0x35A60, 0x35A60, 0x75F0F0, 0x35A60, 0x35A60,
    0x35A60, 0x35A60, 0x35A60, 0x35A60, 0x35A60, 0x35A60, 0x75CC70, 0x35A60,
    0x35A60, 0x35A60, 0x35A60, 0x35A60, 0x2B5500, 0x2B5500, 0x35A60, 0x35A60,
    0x35A60, 0x35A60, 0x35A60, 0x35A60, 0x35A60, 0x35A60, 0x35A60, 0x35A60,
    0x35A60, 0x35A60, 0x35A60, 0x75CC10, 0x35A60, 0x35A60, 0x35A60, 0x50AF0,
    0x14C4E0, 0x803FA0, 0x35A60, 0x35A60
};

/* Madness -172 vtable slot RVAs */
const UINT_PTR g_madnessVtableRVAs[172] = {
    0x59F4A0, 0x59F490, 0x59F3C0, 0x59F3B0, 0x50AF0, 0x721820, 0x35A60, 0x75C5F0,
    0x35A60, 0x35A60, 0x35A60, 0x35A60, 0x35A60, 0x35A60, 0x35A60, 0x35A60,
    0x35A60, 0x35A60, 0x35A60, 0x35A60, 0x35A60, 0x35A60, 0x35A60, 0x35A60,
    0x35A60, 0x75C5C0, 0x35A60, 0x35A60, 0x804220, 0x26BD0, 0x803960, 0x803860,
    0x803740, 0x9BD80, 0x35A60, 0x35A60, 0x2B5500, 0x9BD90, 0x35A60, 0x35A60,
    0x35A60, 0x2B5500, 0x35A60, 0x35A60, 0x35A60, 0x35A60, 0x35A60, 0x35A60,
    0x35A60, 0x35A60, 0x35A60, 0x35A60, 0x35A60, 0x35A60, 0x35A60, 0x35A60,
    0x35A60, 0x35A60, 0x35A60, 0x9BE20, 0x35A60, 0x35A60, 0x35A60, 0x35A60,
    0x35A60, 0x35A60, 0x35A60, 0x35A60, 0x35A60, 0x35A60, 0x35A60, 0x35A60,
    0x35A60, 0x35A60, 0x35A60, 0x35A60, 0x35A60, 0x35A60, 0x35A60, 0x35A60,
    0x35A60, 0x75CC60, 0x35A60, 0x9BDF0, 0x35A60, 0x35A60, 0x35A60, 0x35A60,
    0x35A60, 0x35A60, 0x35A60, 0x35A60, 0x50AF0, 0x50AF0, 0x35A60, 0x35A60,
    0x35A60, 0x35A60, 0x35A60, 0x35A60, 0x35A60, 0x35A60, 0x35A60, 0x35A60,
    0x35A60, 0x35A60, 0x35A60, 0x35A60, 0x803F40, 0x35A60, 0x75CBE0, 0x75CBF0,
    0x9BB80, 0x75CC40, 0x35A60, 0x35A60, 0x35A60, 0x35A60, 0x35A60, 0x35A60,
    0x35A60, 0x35A60, 0x35A60, 0x35A60, 0x35A60, 0x35A60, 0x35A60, 0x35A60,
    0x35A60, 0x35A60, 0x35A60, 0x35A60, 0x35A60, 0x75F0F0, 0x35A60, 0x35A60,
    0x35A60, 0x35A60, 0x35A60, 0x35A60, 0x35A60, 0x35A60, 0x75CC70, 0x35A60,
    0x35A60, 0x35A60, 0x35A60, 0x35A60, 0x2B5500, 0x2B5500, 0x35A60, 0x35A60,
    0x35A60, 0x35A60, 0x35A60, 0x35A60, 0x35A60, 0x35A60, 0x35A60, 0x35A60,
    0x35A60, 0x35A60, 0x35A60, 0x75CC10, 0x35A60, 0x35A60, 0x35A60, 0x50AF0,
    0x14C4E0, 0x803FA0, 0x9BE00, 0x35A60
};

/* MadnessChanceOnTurnBegin -172 vtable slot RVAs */
const UINT_PTR g_madnessChanceOnTurnBeginVtableRVAs[172] = {
    0x58B3D0, 0x58B3C0, 0x58B2F0, 0x58B2E0, 0x50AF0, 0x7218A0, 0x35A60, 0x75C5F0,
    0x35A60, 0x35A60, 0x35A60, 0x35A60, 0x35A60, 0x35A60, 0x35A60, 0x35A60,
    0x35A60, 0x35A60, 0x35A60, 0x35A60, 0x35A60, 0x35A60, 0x35A60, 0x35A60,
    0x35A60, 0x75C5C0, 0x35A60, 0x35A60, 0x804220, 0x26BD0, 0x803960, 0x803860,
    0x803740, 0x35A60, 0x171880, 0x35A60, 0x2B5500, 0x2B5500, 0x35A60, 0x35A60,
    0x35A60, 0x2B5500, 0x35A60, 0x35A60, 0x35A60, 0x35A60, 0x35A60, 0x35A60,
    0x35A60, 0x35A60, 0x35A60, 0x35A60, 0x35A60, 0x35A60, 0x35A60, 0x35A60,
    0x35A60, 0x35A60, 0x35A60, 0x35A60, 0x35A60, 0x35A60, 0x35A60, 0x35A60,
    0x35A60, 0x35A60, 0x35A60, 0x35A60, 0x35A60, 0x35A60, 0x35A60, 0x35A60,
    0x35A60, 0x35A60, 0x35A60, 0x35A60, 0x35A60, 0x35A60, 0x35A60, 0x35A60,
    0x35A60, 0x75CC60, 0x35A60, 0x35A60, 0x35A60, 0x35A60, 0x35A60, 0x35A60,
    0x35A60, 0x35A60, 0x35A60, 0x35A60, 0x50AF0, 0x50AF0, 0x35A60, 0x35A60,
    0x35A60, 0x35A60, 0x35A60, 0x35A60, 0x35A60, 0x35A60, 0x35A60, 0x35A60,
    0x35A60, 0x35A60, 0x35A60, 0x35A60, 0x803F40, 0x35A60, 0x75CBE0, 0x75CBF0,
    0x75CC10, 0x75CC40, 0x35A60, 0x35A60, 0x35A60, 0x35A60, 0x35A60, 0x35A60,
    0x35A60, 0x35A60, 0x35A60, 0x35A60, 0x35A60, 0x35A60, 0x35A60, 0x35A60,
    0x35A60, 0x35A60, 0x35A60, 0x35A60, 0x35A60, 0x75F0F0, 0x35A60, 0x35A60,
    0x35A60, 0x35A60, 0x35A60, 0x35A60, 0x35A60, 0x35A60, 0x75CC70, 0x35A60,
    0x35A60, 0x35A60, 0x35A60, 0x35A60, 0x2B5500, 0x2B5500, 0x35A60, 0x35A60,
    0x35A60, 0x35A60, 0x35A60, 0x35A60, 0x35A60, 0x35A60, 0x35A60, 0x35A60,
    0x35A60, 0x35A60, 0x35A60, 0x75CC10, 0x35A60, 0x35A60, 0x35A60, 0x50AF0,
    0x14C4E0, 0x803FA0, 0x35A60, 0x35A60
};

/* MagicWeakness -172 vtable slot RVAs */
const UINT_PTR g_magicWeaknessVtableRVAs[172] = {
    0x5A0670, 0x5A0660, 0x5A0590, 0x5A0580, 0x50AF0, 0x721920, 0x35A60, 0x75C5F0,
    0x35A60, 0x35A60, 0x35A60, 0x35A60, 0x35A60, 0x35A60, 0x35A60, 0x35A60,
    0x35A60, 0x35A60, 0x35A60, 0x35A60, 0x35A60, 0x35A60, 0x35A60, 0x35A60,
    0x35A60, 0x75C5C0, 0x35A60, 0x35A60, 0x804220, 0x26BD0, 0x803960, 0x803860,
    0x803740, 0x35A60, 0x35A60, 0x99A80, 0x2B5500, 0x2B5500, 0x35A60, 0x35A60,
    0x35A60, 0x2B5500, 0x35A60, 0x35A60, 0x35A60, 0x35A60, 0x35A60, 0x35A60,
    0x35A60, 0x35A60, 0x35A60, 0x35A60, 0x35A60, 0x35A60, 0x35A60, 0x35A60,
    0x35A60, 0x35A60, 0x35A60, 0x35A60, 0x35A60, 0x9A480, 0x35A60, 0x35A60,
    0x35A60, 0x35A60, 0x35A60, 0x35A60, 0x35A60, 0x35A60, 0x35A60, 0x35A60,
    0x35A60, 0x35A60, 0x35A60, 0x35A60, 0x35A60, 0x35A60, 0x35A60, 0x35A60,
    0x35A60, 0x75CC60, 0x35A60, 0x35A60, 0x35A60, 0x35A60, 0x35A60, 0x35A60,
    0x35A60, 0x35A60, 0x35A60, 0x35A60, 0x50AF0, 0x50AF0, 0x35A60, 0x35A60,
    0x35A60, 0x35A60, 0x35A60, 0x35A60, 0x35A60, 0x35A60, 0x35A60, 0x35A60,
    0x35A60, 0x35A60, 0x35A60, 0x35A60, 0x803F40, 0x35A60, 0x75CBE0, 0x75CBF0,
    0x75CC10, 0x75CC40, 0x35A60, 0x35A60, 0x35A60, 0x35A60, 0x35A60, 0x35A60,
    0x35A60, 0x35A60, 0x35A60, 0x35A60, 0x35A60, 0x35A60, 0x35A60, 0x35A60,
    0x35A60, 0x35A60, 0x35A60, 0x35A60, 0x35A60, 0x75F0F0, 0x35A60, 0x35A60,
    0x35A60, 0x35A60, 0x35A60, 0x35A60, 0x35A60, 0x35A60, 0x75CC70, 0x35A60,
    0x35A60, 0x35A60, 0x35A60, 0x35A60, 0x2B5500, 0x2B5500, 0x35A60, 0x35A60,
    0x35A60, 0x35A60, 0x35A60, 0x35A60, 0x35A60, 0x35A60, 0x35A60, 0x35A60,
    0x35A60, 0x35A60, 0x35A60, 0x75CC10, 0x35A60, 0x35A60, 0x35A60, 0x50AF0,
    0x14C4E0, 0x803FA0, 0x35A60, 0x35A60
};

/* ManaLeeches -172 vtable slot RVAs */
const UINT_PTR g_manaLeechesVtableRVAs[172] = {
    0x5756E0, 0x5756D0, 0x575600, 0x5755F0, 0x50AF0, 0x7219A0, 0x35A60, 0x75C5F0,
    0x35A60, 0x35A60, 0x35A60, 0x35A60, 0x35A60, 0x35A60, 0x35A60, 0x35A60,
    0x35A60, 0x35A60, 0x35A60, 0x35A60, 0x35A60, 0x35A60, 0x35A60, 0x35A60,
    0x35A60, 0x75C5C0, 0x35A60, 0x35A60, 0x804220, 0x26BD0, 0x803960, 0x803860,
    0x803740, 0x26F790, 0x35A60, 0x35A60, 0x2B5500, 0x2B5500, 0x35A60, 0x35A60,
    0x35A60, 0x270250, 0x35A60, 0x35A60, 0x35A60, 0x26FD10, 0x35A60, 0x35A60,
    0x35A60, 0x35A60, 0x35A60, 0x35A60, 0x35A60, 0x35A60, 0x2702B0, 0x35A60,
    0x35A60, 0x35A60, 0x35A60, 0x35A60, 0x35A60, 0x35A60, 0x35A60, 0x35A60,
    0x35A60, 0x35A60, 0x35A60, 0x35A60, 0x35A60, 0x35A60, 0x35A60, 0x35A60,
    0x35A60, 0x35A60, 0x35A60, 0x35A60, 0x35A60, 0x35A60, 0x35A60, 0x35A60,
    0x35A60, 0x75CC60, 0x35A60, 0x35A60, 0x35A60, 0x35A60, 0x35A60, 0x35A60,
    0x35A60, 0x35A60, 0x35A60, 0x35A60, 0x50AF0, 0x50AF0, 0x35A60, 0x35A60,
    0x35A60, 0x35A60, 0x35A60, 0x35A60, 0x35A60, 0x35A60, 0x35A60, 0x35A60,
    0x35A60, 0x35A60, 0x35A60, 0x35A60, 0x803F40, 0x35A60, 0x75CBE0, 0x75CBF0,
    0x75CC10, 0x75CC40, 0x35A60, 0x35A60, 0x35A60, 0x35A60, 0x35A60, 0x35A60,
    0x35A60, 0x35A60, 0x35A60, 0x35A60, 0x35A60, 0x35A60, 0x35A60, 0x35A60,
    0x35A60, 0x35A60, 0x35A60, 0x35A60, 0x35A60, 0x75F0F0, 0x35A60, 0x35A60,
    0x35A60, 0x35A60, 0x35A60, 0x35A60, 0x35A60, 0x35A60, 0x75CC70, 0x35A60,
    0x35A60, 0x35A60, 0x35A60, 0x35A60, 0x2B5500, 0x2B5500, 0x35A60, 0x35A60,
    0x35A60, 0x35A60, 0x35A60, 0x35A60, 0x35A60, 0x35A60, 0x35A60, 0x35A60,
    0x35A60, 0x35A60, 0x35A60, 0x75CC10, 0x35A60, 0x35A60, 0x35A60, 0x50AF0,
    0x14C4E0, 0x803FA0, 0x35A60, 0x270360
};

/* Marked -172 vtable slot RVAs */
const UINT_PTR g_markedVtableRVAs[172] = {
    0x5A02E0, 0x5A02D0, 0x5A0200, 0x5A01F0, 0x50AF0, 0x721A20, 0x35A60, 0x75C5F0,
    0x35A60, 0x35A60, 0x35A60, 0x35A60, 0x35A60, 0x35A60, 0x35A60, 0x35A60,
    0x35A60, 0x35A60, 0x35A60, 0x35A60, 0x35A60, 0x35A60, 0x35A60, 0x35A60,
    0x35A60, 0x75C5C0, 0x35A60, 0x35A60, 0x804220, 0x26BD0, 0x803960, 0x803860,
    0x803740, 0x35A60, 0x35A60, 0x99A80, 0x2B5500, 0x2B5500, 0x35A60, 0x35A60,
    0x35A60, 0x2B5500, 0x35A60, 0x35A60, 0x35A60, 0x35A60, 0x35A60, 0x35A60,
    0x35A60, 0x35A60, 0x35A60, 0x35A60, 0x35A60, 0x35A60, 0x35A60, 0x35A60,
    0x35A60, 0x35A60, 0x35A60, 0x35A60, 0x35A60, 0x35A60, 0x35A60, 0x9A520,
    0x35A60, 0x35A60, 0x35A60, 0x35A60, 0x35A60, 0x35A60, 0x35A60, 0x35A60,
    0x35A60, 0x35A60, 0x35A60, 0x35A60, 0x35A60, 0x35A60, 0x35A60, 0x35A60,
    0x35A60, 0x75CC60, 0x35A60, 0x35A60, 0x35A60, 0x35A60, 0x35A60, 0x35A60,
    0x35A60, 0x35A60, 0x35A60, 0x35A60, 0x50AF0, 0x50AF0, 0x35A60, 0x35A60,
    0x35A60, 0x35A60, 0x35A60, 0x35A60, 0x35A60, 0x35A60, 0x35A60, 0x35A60,
    0x35A60, 0x35A60, 0x35A60, 0x35A60, 0x803F40, 0x35A60, 0x75CBE0, 0x75CBF0,
    0x75CC10, 0x75CC40, 0x35A60, 0x35A60, 0x35A60, 0x35A60, 0x35A60, 0x35A60,
    0x35A60, 0x35A60, 0x35A60, 0x35A60, 0x35A60, 0x35A60, 0x35A60, 0x35A60,
    0x35A60, 0x35A60, 0x35A60, 0x35A60, 0x35A60, 0x75F0F0, 0x35A60, 0x35A60,
    0x35A60, 0x35A60, 0x35A60, 0x35A60, 0x35A60, 0x35A60, 0x75CC70, 0x35A60,
    0x35A60, 0x35A60, 0x35A60, 0x35A60, 0x2B5500, 0x2B5500, 0x35A60, 0x35A60,
    0x35A60, 0x35A60, 0x35A60, 0x35A60, 0x35A60, 0x35A60, 0x35A60, 0x35A60,
    0x35A60, 0x35A60, 0x35A60, 0x75CC10, 0x35A60, 0x35A60, 0x35A60, 0x50AF0,
    0x14C4E0, 0x803FA0, 0x35A60, 0x35A60
};

/* MaxHPUp -172 vtable slot RVAs */
const UINT_PTR g_maxHPUpVtableRVAs[172] = {
    0x5629C0, 0x5629B0, 0x5628E0, 0x5628D0, 0x50AF0, 0x721AA0, 0x35A60, 0x75C5F0,
    0x35A60, 0x35A60, 0x35A60, 0x35A60, 0x35A60, 0x35A60, 0x35A60, 0x35A60,
    0x35A60, 0x35A60, 0x35A60, 0x35A60, 0x35A60, 0x35A60, 0x35A60, 0x35A60,
    0x35A60, 0x75C5C0, 0x35A60, 0x35A60, 0x804220, 0x26BD0, 0x803960, 0x803860,
    0x803740, 0x35A60, 0x35A60, 0x35A60, 0x2B5500, 0x2B5500, 0x35A60, 0x35A60,
    0x35A60, 0x2B5500, 0x35A60, 0x35A60, 0x35A60, 0x35A60, 0x35A60, 0x35A60,
    0x35A60, 0x35A60, 0x35A60, 0x35A60, 0x35A60, 0x35A60, 0x35A60, 0x35A60,
    0x35A60, 0x35A60, 0x35A60, 0x35A60, 0x35A60, 0x35A60, 0x35A60, 0x35A60,
    0x35A60, 0x35A60, 0x35A60, 0x35A60, 0x35A60, 0x35A60, 0x35A60, 0x35A60,
    0x35A60, 0x35A60, 0x35A60, 0x35A60, 0x35A60, 0x35A60, 0x35A60, 0x35A60,
    0x35A60, 0x75CC60, 0x35A60, 0x8035F0, 0x35A60, 0x35A60, 0x35A60, 0x35A60,
    0x35A60, 0x35A60, 0x35A60, 0x35A60, 0x50AF0, 0x50AF0, 0x35A60, 0x35A60,
    0x35A60, 0x35A60, 0x35A60, 0x35A60, 0x35A60, 0x35A60, 0x35A60, 0x35A60,
    0x35A60, 0x35A60, 0x35A60, 0x35A60, 0x803F40, 0x35A60, 0x75CBE0, 0x75CBF0,
    0x75CC10, 0x75CC40, 0x35A60, 0x35A60, 0x35A60, 0x35A60, 0x35A60, 0x35A60,
    0x35A60, 0x35A60, 0x35A60, 0x35A60, 0x35A60, 0x35A60, 0x35A60, 0x35A60,
    0x35A60, 0x35A60, 0x35A60, 0x35A60, 0x35A60, 0x75F0F0, 0x35A60, 0x35A60,
    0x35A60, 0x35A60, 0x35A60, 0x35A60, 0x35A60, 0x35A60, 0x75CC70, 0x35A60,
    0x35A60, 0x35A60, 0x35A60, 0x35A60, 0x2B5500, 0x2B5500, 0x35A60, 0x35A60,
    0x35A60, 0x35A60, 0x35A60, 0x35A60, 0x35A60, 0x35A60, 0x35A60, 0x35A60,
    0x35A60, 0x35A60, 0x35A60, 0x75CC10, 0x35A60, 0x35A60, 0x35A60, 0x50AF0,
    0x14C4E0, 0x803FA0, 0x89CC90, 0x35A60
};

/* MaxStartingMana -172 vtable slot RVAs */
const UINT_PTR g_maxStartingManaVtableRVAs[172] = {
    0x58B640, 0x58B630, 0x58B560, 0x58B550, 0x50AF0, 0x721B20, 0x35A60, 0x75C5F0,
    0x35A60, 0x35A60, 0x35A60, 0x35A60, 0x35A60, 0x35A60, 0x35A60, 0x35A60,
    0x35A60, 0x35A60, 0x35A60, 0x35A60, 0x35A60, 0x35A60, 0x35A60, 0x35A60,
    0x35A60, 0x75C5C0, 0x35A60, 0x35A60, 0x804220, 0x26BD0, 0x803960, 0x803860,
    0x803740, 0x35A60, 0x35A60, 0x35A60, 0x2B5500, 0x2B5500, 0x35A60, 0x35A60,
    0x35A60, 0x2B5500, 0x35A60, 0x35A60, 0x35A60, 0x35A60, 0x35A60, 0x35A60,
    0x35A60, 0x171530, 0x35A60, 0x35A60, 0x35A60, 0x35A60, 0x35A60, 0x35A60,
    0x35A60, 0x35A60, 0x35A60, 0x35A60, 0x35A60, 0x35A60, 0x35A60, 0x35A60,
    0x35A60, 0x35A60, 0x35A60, 0x35A60, 0x35A60, 0x35A60, 0x35A60, 0x35A60,
    0x35A60, 0x35A60, 0x35A60, 0x35A60, 0x35A60, 0x35A60, 0x35A60, 0x35A60,
    0x35A60, 0x75CC60, 0x35A60, 0x35A60, 0x35A60, 0x35A60, 0x35A60, 0x35A60,
    0x35A60, 0x35A60, 0x35A60, 0x35A60, 0x50AF0, 0x50AF0, 0x35A60, 0x35A60,
    0x35A60, 0x35A60, 0x35A60, 0x35A60, 0x35A60, 0x35A60, 0x35A60, 0x35A60,
    0x35A60, 0x35A60, 0x35A60, 0x35A60, 0x803F40, 0x35A60, 0x75CBE0, 0x75CBF0,
    0x75CC10, 0x75CC40, 0x35A60, 0x35A60, 0x35A60, 0x35A60, 0x35A60, 0x35A60,
    0x35A60, 0x35A60, 0x35A60, 0x35A60, 0x35A60, 0x35A60, 0x35A60, 0x35A60,
    0x35A60, 0x35A60, 0x35A60, 0x35A60, 0x35A60, 0x75F0F0, 0x35A60, 0x35A60,
    0x35A60, 0x35A60, 0x35A60, 0x35A60, 0x35A60, 0x35A60, 0x75CC70, 0x35A60,
    0x35A60, 0x35A60, 0x35A60, 0x35A60, 0x2B5500, 0x2B5500, 0x35A60, 0x35A60,
    0x35A60, 0x35A60, 0x35A60, 0x35A60, 0x35A60, 0x35A60, 0x35A60, 0x35A60,
    0x35A60, 0x35A60, 0x35A60, 0x75CC10, 0x35A60, 0x35A60, 0x35A60, 0x50AF0,
    0x14C4E0, 0x803FA0, 0x35A60, 0x35A60
};

/* Meaty -172 vtable slot RVAs */
const UINT_PTR g_meatyVtableRVAs[172] = {
    0x59DD20, 0x59DD10, 0x59DC40, 0x59DC30, 0x50AF0, 0x721BA0, 0x35A60, 0x75C5F0,
    0x35A60, 0x35A60, 0x35A60, 0x35A60, 0x35A60, 0x35A60, 0x35A60, 0x35A60,
    0x35A60, 0x35A60, 0x35A60, 0x35A60, 0x35A60, 0x35A60, 0x35A60, 0x35A60,
    0x35A60, 0x75C5C0, 0x35A60, 0x35A60, 0x804220, 0x26BD0, 0x803960, 0x803860,
    0x803740, 0x9E460, 0x35A60, 0x35A60, 0x2B5500, 0x2B5500, 0x35A60, 0x35A60,
    0x35A60, 0x2B5500, 0x35A60, 0x35A60, 0x35A60, 0x35A60, 0x35A60, 0x35A60,
    0x35A60, 0x35A60, 0x35A60, 0x35A60, 0x35A60, 0x35A60, 0x35A60, 0x35A60,
    0x35A60, 0x35A60, 0x35A60, 0x35A60, 0x35A60, 0x35A60, 0x35A60, 0x35A60,
    0x35A60, 0x35A60, 0x35A60, 0x35A60, 0x35A60, 0x35A60, 0x35A60, 0x35A60,
    0x35A60, 0x35A60, 0x35A60, 0x35A60, 0x35A60, 0x35A60, 0x35A60, 0x35A60,
    0x35A60, 0x75CC60, 0x35A60, 0x35A60, 0x35A60, 0x35A60, 0x35A60, 0x35A60,
    0x35A60, 0x35A60, 0x35A60, 0x35A60, 0x50AF0, 0x50AF0, 0x9E470, 0x35A60,
    0x9E4A0, 0x35A60, 0x35A60, 0x35A60, 0x35A60, 0x35A60, 0x35A60, 0x35A60,
    0x35A60, 0x35A60, 0x35A60, 0x35A60, 0x803F40, 0x35A60, 0x75CBE0, 0x75CBF0,
    0x75CC10, 0x75CC40, 0x35A60, 0x35A60, 0x35A60, 0x35A60, 0x35A60, 0x35A60,
    0x35A60, 0x35A60, 0x35A60, 0x35A60, 0x35A60, 0x35A60, 0x35A60, 0x35A60,
    0x35A60, 0x35A60, 0x35A60, 0x35A60, 0x35A60, 0x75F0F0, 0x35A60, 0x35A60,
    0x35A60, 0x35A60, 0x35A60, 0x35A60, 0x35A60, 0x35A60, 0x75CC70, 0x35A60,
    0x35A60, 0x35A60, 0x35A60, 0x35A60, 0x2B5500, 0x2B5500, 0x35A60, 0x35A60,
    0x35A60, 0x35A60, 0x35A60, 0x35A60, 0x35A60, 0x35A60, 0x35A60, 0x35A60,
    0x35A60, 0x35A60, 0x35A60, 0x75CC10, 0x35A60, 0x35A60, 0x35A60, 0x50AF0,
    0x14C4E0, 0x803FA0, 0x35A60, 0x35A60
};

/* MeleeRangeUp -172 vtable slot RVAs */
const UINT_PTR g_meleeRangeUpVtableRVAs[172] = {
    0x563270, 0x563260, 0x563190, 0x563180, 0x50AF0, 0x721C20, 0x35A60, 0x75C5F0,
    0x35A60, 0x35A60, 0x35A60, 0x35A60, 0x35A60, 0x35A60, 0x35A60, 0x35A60,
    0x35A60, 0x35A60, 0x35A60, 0x35A60, 0x35A60, 0x35A60, 0x35A60, 0x35A60,
    0x35A60, 0x75C5C0, 0x35A60, 0x35A60, 0x804220, 0x26BD0, 0x803960, 0x803860,
    0x803740, 0x35A60, 0x35A60, 0x35A60, 0x2B5500, 0x2B5500, 0x35A60, 0x35A60,
    0x35A60, 0x2B5500, 0x35A60, 0x35A60, 0x35A60, 0x35A60, 0x35A60, 0x35A60,
    0x35A60, 0x35A60, 0x35A60, 0x35A60, 0x35A60, 0x35A60, 0x35A60, 0x35A60,
    0x35A60, 0x35A60, 0x35A60, 0x35A60, 0x35A60, 0x35A60, 0x35A60, 0x35A60,
    0x35A60, 0x35A60, 0x35A60, 0x35A60, 0x35A60, 0x35A60, 0x35A60, 0x35A60,
    0x35A60, 0x35A60, 0x35A60, 0x35A60, 0x35A60, 0x35A60, 0x35A60, 0x35A60,
    0x35A60, 0x75CC60, 0x35A60, 0x8036A0, 0x35A60, 0x35A60, 0x35A60, 0x35A60,
    0x35A60, 0x35A60, 0x35A60, 0x35A60, 0x50AF0, 0x50AF0, 0x35A60, 0x35A60,
    0x35A60, 0x35A60, 0x35A60, 0x35A60, 0x35A60, 0x35A60, 0x35A60, 0x35A60,
    0x35A60, 0x35A60, 0x35A60, 0x35A60, 0x803F40, 0x35A60, 0x75CBE0, 0x75CBF0,
    0x75CC10, 0x75CC40, 0x35A60, 0x35A60, 0x35A60, 0x35A60, 0x35A60, 0x35A60,
    0x35A60, 0x35A60, 0x35A60, 0x35A60, 0x35A60, 0x35A60, 0x35A60, 0x35A60,
    0x35A60, 0x35A60, 0x35A60, 0x35A60, 0x35A60, 0x75F0F0, 0x35A60, 0x35A60,
    0x35A60, 0x35A60, 0x35A60, 0x35A60, 0x35A60, 0x35A60, 0x75CC70, 0x35A60,
    0x35A60, 0x35A60, 0x35A60, 0x35A60, 0x2B5500, 0x2B5500, 0x35A60, 0x35A60,
    0x35A60, 0x35A60, 0x35A60, 0x35A60, 0x35A60, 0x35A60, 0x35A60, 0x35A60,
    0x35A60, 0x35A60, 0x35A60, 0x75CC10, 0x35A60, 0x35A60, 0x35A60, 0x50AF0,
    0x14C4E0, 0x803FA0, 0x35A60, 0x35A60
};

/* MissChance -172 vtable slot RVAs */
const UINT_PTR g_missChanceVtableRVAs[172] = {
    0x5639C0, 0x5639B0, 0x5638E0, 0x5638D0, 0x50AF0, 0x721CA0, 0x35A60, 0x75C5F0,
    0x35A60, 0x35A60, 0x35A60, 0x35A60, 0x35A60, 0x35A60, 0x35A60, 0x35A60,
    0x35A60, 0x35A60, 0x35A60, 0x35A60, 0x35A60, 0x35A60, 0x35A60, 0x35A60,
    0x35A60, 0x75C5C0, 0x35A60, 0x35A60, 0x804220, 0x26BD0, 0x803960, 0x803860,
    0x803740, 0x35A60, 0x35A60, 0x35A60, 0x2B5500, 0x2B5500, 0x35A60, 0x35A60,
    0x35A60, 0x2B5500, 0x35A60, 0x35A60, 0x35A60, 0x35A60, 0x35A60, 0x35A60,
    0x35A60, 0x35A60, 0x35A60, 0x35A60, 0x35A60, 0x35A60, 0x35A60, 0x35A60,
    0x35A60, 0x35A60, 0x89CB90, 0x35A60, 0x35A60, 0x35A60, 0x35A60, 0x35A60,
    0x35A60, 0x35A60, 0x35A60, 0x35A60, 0x35A60, 0x35A60, 0x35A60, 0x35A60,
    0x35A60, 0x35A60, 0x35A60, 0x35A60, 0x35A60, 0x35A60, 0x35A60, 0x35A60,
    0x35A60, 0x75CC60, 0x35A60, 0x35A60, 0x35A60, 0x35A60, 0x35A60, 0x35A60,
    0x35A60, 0x35A60, 0x35A60, 0x35A60, 0x50AF0, 0x50AF0, 0x35A60, 0x35A60,
    0x35A60, 0x35A60, 0x35A60, 0x35A60, 0x35A60, 0x35A60, 0x35A60, 0x35A60,
    0x35A60, 0x35A60, 0x35A60, 0x35A60, 0x803F40, 0x35A60, 0x75CBE0, 0x75CBF0,
    0x75CC10, 0x75CC40, 0x35A60, 0x35A60, 0x35A60, 0x35A60, 0x35A60, 0x35A60,
    0x35A60, 0x35A60, 0x35A60, 0x35A60, 0x35A60, 0x35A60, 0x35A60, 0x35A60,
    0x35A60, 0x35A60, 0x35A60, 0x35A60, 0x35A60, 0x75F0F0, 0x35A60, 0x35A60,
    0x35A60, 0x35A60, 0x35A60, 0x35A60, 0x35A60, 0x35A60, 0x75CC70, 0x35A60,
    0x35A60, 0x35A60, 0x35A60, 0x35A60, 0x2B5500, 0x2B5500, 0x35A60, 0x35A60,
    0x35A60, 0x35A60, 0x35A60, 0x35A60, 0x35A60, 0x35A60, 0x35A60, 0x35A60,
    0x35A60, 0x35A60, 0x35A60, 0x75CC10, 0x35A60, 0x35A60, 0x35A60, 0x50AF0,
    0x14C4E0, 0x803FA0, 0x35A60, 0x35A60
};

/* MovementUp -172 vtable slot RVAs */
const UINT_PTR g_movementUpVtableRVAs[172] = {
    0x563C20, 0x563C10, 0x563B40, 0x563B30, 0x50AF0, 0x721DA0, 0x35A60, 0x75C5F0,
    0x35A60, 0x35A60, 0x35A60, 0x35A60, 0x35A60, 0x35A60, 0x35A60, 0x35A60,
    0x35A60, 0x35A60, 0x35A60, 0x35A60, 0x35A60, 0x35A60, 0x35A60, 0x35A60,
    0x35A60, 0x75C5C0, 0x35A60, 0x35A60, 0x804220, 0x26BD0, 0x803960, 0x803860,
    0x803740, 0x35A60, 0x35A60, 0x35A60, 0x2B5500, 0x2B5500, 0x35A60, 0x35A60,
    0x35A60, 0x2B5500, 0x35A60, 0x35A60, 0x35A60, 0x35A60, 0x35A60, 0x35A60,
    0x35A60, 0x35A60, 0x35A60, 0x35A60, 0x35A60, 0x35A60, 0x35A60, 0x35A60,
    0x35A60, 0x35A60, 0x35A60, 0x35A60, 0x35A60, 0x35A60, 0x35A60, 0x35A60,
    0x35A60, 0x35A60, 0x35A60, 0x35A60, 0x35A60, 0x35A60, 0x35A60, 0x35A60,
    0x35A60, 0x35A60, 0x35A60, 0x35A60, 0x35A60, 0x35A60, 0x35A60, 0x35A60,
    0x35A60, 0x75CC60, 0x35A60, 0x89CB60, 0x35A60, 0x35A60, 0x35A60, 0x35A60,
    0x35A60, 0x35A60, 0x35A60, 0x35A60, 0x50AF0, 0x50AF0, 0x35A60, 0x35A60,
    0x35A60, 0x35A60, 0x35A60, 0x35A60, 0x35A60, 0x35A60, 0x35A60, 0x35A60,
    0x35A60, 0x35A60, 0x35A60, 0x35A60, 0x803F40, 0x35A60, 0x75CBE0, 0x75CBF0,
    0x75CC10, 0x75CC40, 0x35A60, 0x35A60, 0x35A60, 0x35A60, 0x35A60, 0x35A60,
    0x35A60, 0x35A60, 0x35A60, 0x35A60, 0x35A60, 0x35A60, 0x35A60, 0x35A60,
    0x35A60, 0x35A60, 0x35A60, 0x35A60, 0x35A60, 0x75F0F0, 0x35A60, 0x35A60,
    0x35A60, 0x35A60, 0x35A60, 0x35A60, 0x35A60, 0x35A60, 0x75CC70, 0x35A60,
    0x35A60, 0x35A60, 0x35A60, 0x35A60, 0x2B5500, 0x2B5500, 0x35A60, 0x35A60,
    0x35A60, 0x35A60, 0x35A60, 0x35A60, 0x35A60, 0x35A60, 0x35A60, 0x35A60,
    0x35A60, 0x35A60, 0x35A60, 0x75CC10, 0x35A60, 0x35A60, 0x35A60, 0x50AF0,
    0x14C4E0, 0x803FA0, 0x35A60, 0x35A60
};

/* MoveQuivered -172 vtable slot RVAs */
const UINT_PTR g_moveQuiveredVtableRVAs[172] = {
    0x584E20, 0x584E10, 0x584D40, 0x584D30, 0x50AF0, 0x721D20, 0x35A60, 0x75C5F0,
    0x35A60, 0x35A60, 0x35A60, 0x35A60, 0x35A60, 0x35A60, 0x35A60, 0x35A60,
    0x35A60, 0x35A60, 0x35A60, 0x35A60, 0x35A60, 0x35A60, 0x35A60, 0x35A60,
    0x35A60, 0x75C5C0, 0x35A60, 0x35A60, 0x804220, 0x26BD0, 0x803960, 0x803860,
    0x803740, 0x208980, 0x208990, 0x35A60, 0x2B5500, 0x2B5500, 0x35A60, 0x35A60,
    0x35A60, 0x2B5500, 0x35A60, 0x35A60, 0x35A60, 0x35A60, 0x35A60, 0x35A60,
    0x35A60, 0x35A60, 0x35A60, 0x35A60, 0x35A60, 0x35A60, 0x35A60, 0x35A60,
    0x35A60, 0x208B50, 0x35A60, 0x35A60, 0x35A60, 0x35A60, 0x35A60, 0x35A60,
    0x35A60, 0x35A60, 0x35A60, 0x35A60, 0x35A60, 0x35A60, 0x35A60, 0x35A60,
    0x35A60, 0x35A60, 0x35A60, 0x35A60, 0x35A60, 0x35A60, 0x35A60, 0x35A60,
    0x35A60, 0x75CC60, 0x35A60, 0x35A60, 0x35A60, 0x35A60, 0x35A60, 0x35A60,
    0x35A60, 0x35A60, 0x35A60, 0x35A60, 0x50AF0, 0x50AF0, 0x35A60, 0x35A60,
    0x35A60, 0x35A60, 0x35A60, 0x35A60, 0x35A60, 0x35A60, 0x35A60, 0x35A60,
    0x35A60, 0x35A60, 0x35A60, 0x35A60, 0x803F40, 0x35A60, 0x75CBE0, 0x75CBF0,
    0x75CC10, 0x75CC40, 0x35A60, 0x35A60, 0x35A60, 0x35A60, 0x35A60, 0x35A60,
    0x35A60, 0x35A60, 0x35A60, 0x35A60, 0x35A60, 0x35A60, 0x208AE0, 0x35A60,
    0x35A60, 0x35A60, 0x35A60, 0x35A60, 0x35A60, 0x75F0F0, 0x35A60, 0x35A60,
    0x35A60, 0x35A60, 0x35A60, 0x35A60, 0x35A60, 0x35A60, 0x75CC70, 0x35A60,
    0x35A60, 0x35A60, 0x35A60, 0x35A60, 0x2B5500, 0x2B5500, 0x35A60, 0x35A60,
    0x35A60, 0x35A60, 0x35A60, 0x35A60, 0x35A60, 0x35A60, 0x35A60, 0x35A60,
    0x35A60, 0x35A60, 0x35A60, 0x75CC10, 0x35A60, 0x35A60, 0x35A60, 0x50AF0,
    0x14C4E0, 0x803FA0, 0x35A60, 0x35A60
};

/* MutateAfterXTurns -172 vtable slot RVAs */
const UINT_PTR g_mutateAfterXTurnsVtableRVAs[172] = {
    0x59ABA0, 0x59AB90, 0x59AAC0, 0x59AAB0, 0x50AF0, 0x721E20, 0x35A60, 0x75C5F0,
    0x35A60, 0x35A60, 0x35A60, 0x35A60, 0x35A60, 0x35A60, 0x35A60, 0x35A60,
    0x35A60, 0x35A60, 0x35A60, 0x35A60, 0x35A60, 0x35A60, 0x35A60, 0x35A60,
    0x35A60, 0x75C5C0, 0x35A60, 0x35A60, 0x804220, 0x26BD0, 0x803960, 0x803860,
    0x803740, 0x35A60, 0x35A60, 0xB29E0, 0x2B5500, 0x2B5500, 0x35A60, 0x35A60,
    0x35A60, 0x2B5500, 0x35A60, 0x35A60, 0x35A60, 0x35A60, 0x35A60, 0x35A60,
    0x35A60, 0x35A60, 0x35A60, 0x35A60, 0x35A60, 0x35A60, 0x35A60, 0x35A60,
    0x35A60, 0x35A60, 0x35A60, 0x35A60, 0x35A60, 0x35A60, 0x35A60, 0x35A60,
    0x35A60, 0x35A60, 0x35A60, 0x35A60, 0x35A60, 0x35A60, 0x35A60, 0x35A60,
    0x35A60, 0x35A60, 0x35A60, 0x35A60, 0x35A60, 0x35A60, 0x35A60, 0x35A60,
    0x35A60, 0x75CC60, 0x35A60, 0x35A60, 0x35A60, 0x35A60, 0x35A60, 0x35A60,
    0x35A60, 0x35A60, 0x35A60, 0x35A60, 0x50AF0, 0x50AF0, 0x35A60, 0x35A60,
    0x35A60, 0x35A60, 0x35A60, 0x35A60, 0x35A60, 0x35A60, 0x35A60, 0x35A60,
    0x35A60, 0x35A60, 0x35A60, 0x35A60, 0x803F40, 0x35A60, 0x75CBE0, 0x75CBF0,
    0x75CC10, 0x75CC40, 0x35A60, 0x35A60, 0x35A60, 0x35A60, 0x35A60, 0x35A60,
    0x35A60, 0x35A60, 0x35A60, 0x35A60, 0x35A60, 0x35A60, 0x35A60, 0x35A60,
    0x35A60, 0x35A60, 0x35A60, 0x35A60, 0x35A60, 0x75F0F0, 0x35A60, 0x35A60,
    0x35A60, 0x35A60, 0x35A60, 0x35A60, 0x35A60, 0x35A60, 0x75CC70, 0x35A60,
    0x35A60, 0x35A60, 0x35A60, 0x35A60, 0x2B5500, 0x2B5500, 0x35A60, 0x35A60,
    0x35A60, 0x35A60, 0x35A60, 0x35A60, 0x35A60, 0x35A60, 0x35A60, 0x35A60,
    0x35A60, 0x35A60, 0x35A60, 0x75CC10, 0x35A60, 0x35A60, 0x35A60, 0x50AF0,
    0x14C4E0, 0x803FA0, 0x35A60, 0x35A60
};

/* Muted -172 vtable slot RVAs */
const UINT_PTR g_mutedVtableRVAs[172] = {
    0x568230, 0x568220, 0x568150, 0x568140, 0x50AF0, 0x721EA0, 0x35A60, 0x75C5F0,
    0x35A60, 0x35A60, 0x35A60, 0x35A60, 0x35A60, 0x35A60, 0x35A60, 0x35A60,
    0x35A60, 0x35A60, 0x35A60, 0x35A60, 0x35A60, 0x35A60, 0x35A60, 0x35A60,
    0x35A60, 0x75C5C0, 0x35A60, 0x35A60, 0x804220, 0x26BD0, 0x803960, 0x803860,
    0x803740, 0x7FC1C0, 0x35A60, 0x35A60, 0x2B5500, 0x2B5500, 0x35A60, 0x35A60,
    0x35A60, 0x2B5500, 0x35A60, 0x35A60, 0x35A60, 0x35A60, 0x35A60, 0x35A60,
    0x35A60, 0x35A60, 0x35A60, 0x35A60, 0x35A60, 0x35A60, 0x35A60, 0x35A60,
    0x35A60, 0x35A60, 0x35A60, 0x35A60, 0x35A60, 0x35A60, 0x35A60, 0x35A60,
    0x35A60, 0x35A60, 0x35A60, 0x35A60, 0x35A60, 0x35A60, 0x35A60, 0x35A60,
    0x35A60, 0x35A60, 0x35A60, 0x35A60, 0x35A60, 0x35A60, 0x35A60, 0x35A60,
    0x35A60, 0x75CC60, 0x35A60, 0x35A60, 0x35A60, 0x35A60, 0x35A60, 0x35A60,
    0x35A60, 0x7FC3E0, 0x35A60, 0x7FC420, 0x50AF0, 0x50AF0, 0x35A60, 0x35A60,
    0x35A60, 0x35A60, 0x35A60, 0x35A60, 0x35A60, 0x35A60, 0x35A60, 0x35A60,
    0x35A60, 0x35A60, 0x35A60, 0x35A60, 0x803F40, 0x35A60, 0x75CBE0, 0x75CBF0,
    0x75CC10, 0x75CC40, 0x35A60, 0x35A60, 0x35A60, 0x35A60, 0x35A60, 0x35A60,
    0x35A60, 0x35A60, 0x35A60, 0x35A60, 0x35A60, 0x35A60, 0x35A60, 0x35A60,
    0x35A60, 0x35A60, 0x35A60, 0x35A60, 0x35A60, 0x75F0F0, 0x35A60, 0x35A60,
    0x35A60, 0x35A60, 0x35A60, 0x35A60, 0x35A60, 0x35A60, 0x75CC70, 0x35A60,
    0x35A60, 0x35A60, 0x35A60, 0x35A60, 0x2B5500, 0x2B5500, 0x35A60, 0x35A60,
    0x35A60, 0x35A60, 0x35A60, 0x35A60, 0x35A60, 0x35A60, 0x35A60, 0x35A60,
    0x35A60, 0x35A60, 0x35A60, 0x75CC10, 0x35A60, 0x35A60, 0x35A60, 0x50AF0,
    0x14C4E0, 0x803FA0, 0x7FC1E0, 0x35A60
};

/* NextAbilityHeals -172 vtable slot RVAs */
const UINT_PTR g_nextAbilityHealsVtableRVAs[172] = {
    0x597840, 0x597830, 0x597760, 0x597750, 0x50AF0, 0x721F30, 0x35A60, 0x75C5F0,
    0x35A60, 0x35A60, 0x35A60, 0x35A60, 0x35A60, 0x35A60, 0x35A60, 0x35A60,
    0x35A60, 0x35A60, 0x35A60, 0x35A60, 0x35A60, 0x35A60, 0x35A60, 0x35A60,
    0x35A60, 0x75C5C0, 0x35A60, 0x35A60, 0x804220, 0x26BD0, 0x803960, 0x803860,
    0x803740, 0x35A60, 0x35A60, 0x35A60, 0x2B5500, 0x2B5500, 0x35A60, 0x35A60,
    0x35A60, 0x2B5500, 0x35A60, 0x35A60, 0x35A60, 0x35A60, 0x35A60, 0x35A60,
    0x35A60, 0x35A60, 0x35A60, 0x35A60, 0x35A60, 0x35A60, 0x35A60, 0x35A60,
    0x9F150, 0x1441D0, 0x35A60, 0x35A60, 0x35A60, 0x35A60, 0x35A60, 0x35A60,
    0x35A60, 0x35A60, 0x35A60, 0x35A60, 0x35A60, 0x35A60, 0x35A60, 0x35A60,
    0x35A60, 0x35A60, 0x35A60, 0x35A60, 0x35A60, 0x35A60, 0x35A60, 0x35A60,
    0x35A60, 0x75CC60, 0x35A60, 0x35A60, 0x35A60, 0x35A60, 0x35A60, 0x35A60,
    0x35A60, 0x144230, 0x35A60, 0x35A60, 0x50AF0, 0x50AF0, 0x35A60, 0x35A60,
    0x35A60, 0x35A60, 0x35A60, 0x35A60, 0x35A60, 0x35A60, 0x35A60, 0x35A60,
    0x35A60, 0x35A60, 0x35A60, 0x35A60, 0x803F40, 0x35A60, 0x75CBE0, 0x75CBF0,
    0x75CC10, 0x75CC40, 0x35A60, 0x35A60, 0x35A60, 0x35A60, 0x35A60, 0x35A60,
    0x35A60, 0x35A60, 0x35A60, 0x35A60, 0x35A60, 0x35A60, 0x35A60, 0x35A60,
    0x35A60, 0x35A60, 0x35A60, 0x35A60, 0x35A60, 0x75F0F0, 0x35A60, 0x35A60,
    0x35A60, 0x35A60, 0x35A60, 0x35A60, 0x35A60, 0x35A60, 0x75CC70, 0x35A60,
    0x35A60, 0x35A60, 0x35A60, 0x35A60, 0x2B5500, 0x2B5500, 0x35A60, 0x35A60,
    0x35A60, 0x35A60, 0x35A60, 0x35A60, 0x35A60, 0x35A60, 0x35A60, 0x35A60,
    0x35A60, 0x35A60, 0x35A60, 0x75CC10, 0x35A60, 0x35A60, 0x35A60, 0x50AF0,
    0x14C4E0, 0x803FA0, 0x35A60, 0x35A60
};

/* NextAbilityIncreaseRange -172 vtable slot RVAs */
const UINT_PTR g_nextAbilityIncreaseRangeVtableRVAs[172] = {
    0x5975A0, 0x597590, 0x5974C0, 0x5974B0, 0x50AF0, 0x721FB0, 0x35A60, 0x75C5F0,
    0x35A60, 0x35A60, 0x35A60, 0x35A60, 0x35A60, 0x35A60, 0x35A60, 0x35A60,
    0x35A60, 0x35A60, 0x35A60, 0x35A60, 0x35A60, 0x35A60, 0x35A60, 0x35A60,
    0x35A60, 0x75C5C0, 0x35A60, 0x35A60, 0x804220, 0x26BD0, 0x803960, 0x803860,
    0x803740, 0x35A60, 0x35A60, 0x35A60, 0x2B5500, 0x2B5500, 0x35A60, 0x35A60,
    0x35A60, 0x2B5500, 0x35A60, 0x35A60, 0x35A60, 0x35A60, 0x35A60, 0x35A60,
    0x35A60, 0x35A60, 0x35A60, 0x35A60, 0x35A60, 0x35A60, 0x35A60, 0x35A60,
    0x1443A0, 0x1439B0, 0x35A60, 0x35A60, 0x35A60, 0x35A60, 0x35A60, 0x35A60,
    0x35A60, 0x35A60, 0x35A60, 0x35A60, 0x35A60, 0x35A60, 0x35A60, 0x35A60,
    0x35A60, 0x35A60, 0x35A60, 0x35A60, 0x35A60, 0x35A60, 0x35A60, 0x35A60,
    0x35A60, 0x75CC60, 0x35A60, 0x35A60, 0x35A60, 0x35A60, 0x35A60, 0x35A60,
    0x35A60, 0x144410, 0x35A60, 0x35A60, 0x50AF0, 0x50AF0, 0x35A60, 0x35A60,
    0x35A60, 0x35A60, 0x35A60, 0x35A60, 0x35A60, 0x35A60, 0x35A60, 0x35A60,
    0x35A60, 0x35A60, 0x35A60, 0x35A60, 0x803F40, 0x35A60, 0x75CBE0, 0x75CBF0,
    0x75CC10, 0x75CC40, 0x35A60, 0x35A60, 0x35A60, 0x35A60, 0x35A60, 0x35A60,
    0x35A60, 0x35A60, 0x35A60, 0x35A60, 0x35A60, 0x35A60, 0x35A60, 0x35A60,
    0x35A60, 0x35A60, 0x35A60, 0x35A60, 0x35A60, 0x75F0F0, 0x35A60, 0x35A60,
    0x35A60, 0x35A60, 0x35A60, 0x35A60, 0x35A60, 0x35A60, 0x75CC70, 0x35A60,
    0x35A60, 0x35A60, 0x35A60, 0x35A60, 0x2B5500, 0x2B5500, 0x35A60, 0x35A60,
    0x35A60, 0x35A60, 0x35A60, 0x35A60, 0x35A60, 0x35A60, 0x35A60, 0x35A60,
    0x35A60, 0x35A60, 0x35A60, 0x75CC10, 0x35A60, 0x35A60, 0x35A60, 0x50AF0,
    0x14C4E0, 0x803FA0, 0x35A60, 0x35A60
};

/* NextActionLuckUp -172 vtable slot RVAs */
const UINT_PTR g_nextActionLuckUpVtableRVAs[172] = {
    0x562610, 0x562600, 0x562530, 0x562520, 0x50AF0, 0x722030, 0x35A60, 0x75C5F0,
    0x35A60, 0x35A60, 0x35A60, 0x35A60, 0x35A60, 0x35A60, 0x35A60, 0x35A60,
    0x35A60, 0x35A60, 0x35A60, 0x35A60, 0x35A60, 0x35A60, 0x35A60, 0x35A60,
    0x35A60, 0x75C5C0, 0x35A60, 0x35A60, 0x804220, 0x26BD0, 0x803960, 0x803860,
    0x803740, 0x35A60, 0x35A60, 0x35A60, 0x2B5500, 0x2B5500, 0x35A60, 0x35A60,
    0x35A60, 0x2B5500, 0x35A60, 0x35A60, 0x35A60, 0x35A60, 0x35A60, 0x35A60,
    0x35A60, 0x35A60, 0x35A60, 0x35A60, 0x35A60, 0x35A60, 0x35A60, 0x35A60,
    0x89CC50, 0x89CC70, 0x35A60, 0x35A60, 0x35A60, 0x35A60, 0x35A60, 0x35A60,
    0x35A60, 0x35A60, 0x35A60, 0x35A60, 0x35A60, 0x35A60, 0x35A60, 0x35A60,
    0x35A60, 0x35A60, 0x35A60, 0x35A60, 0x35A60, 0x35A60, 0x35A60, 0x35A60,
    0x35A60, 0x75CC60, 0x89CCC0, 0x35A60, 0x35A60, 0x35A60, 0x35A60, 0x35A60,
    0x35A60, 0x35A60, 0x35A60, 0x35A60, 0x50AF0, 0x50AF0, 0x35A60, 0x35A60,
    0x35A60, 0x35A60, 0x35A60, 0x35A60, 0x35A60, 0x35A60, 0x35A60, 0x35A60,
    0x35A60, 0x35A60, 0x35A60, 0x35A60, 0x803F40, 0x35A60, 0x75CBE0, 0x75CBF0,
    0x75CC10, 0x75CC40, 0x35A60, 0x35A60, 0x35A60, 0x35A60, 0x35A60, 0x35A60,
    0x35A60, 0x35A60, 0x35A60, 0x35A60, 0x35A60, 0x35A60, 0x35A60, 0x35A60,
    0x35A60, 0x35A60, 0x35A60, 0x35A60, 0x35A60, 0x75F0F0, 0x35A60, 0x35A60,
    0x35A60, 0x35A60, 0x35A60, 0x35A60, 0x35A60, 0x35A60, 0x75CC70, 0x35A60,
    0x35A60, 0x35A60, 0x35A60, 0x35A60, 0x2B5500, 0x2B5500, 0x35A60, 0x35A60,
    0x35A60, 0x35A60, 0x35A60, 0x35A60, 0x35A60, 0x35A60, 0x35A60, 0x35A60,
    0x35A60, 0x35A60, 0x35A60, 0x75CC10, 0x35A60, 0x35A60, 0x35A60, 0x50AF0,
    0x14C4E0, 0x803FA0, 0x35A60, 0x35A60
};

/* NextAttackBonusRange -172 vtable slot RVAs */
const UINT_PTR g_nextAttackBonusRangeVtableRVAs[172] = {
    0x598560, 0x598550, 0x598480, 0x598470, 0x50AF0, 0x7220B0, 0x35A60, 0x75C5F0,
    0x35A60, 0x35A60, 0x35A60, 0x35A60, 0x35A60, 0x35A60, 0x35A60, 0x35A60,
    0x35A60, 0x35A60, 0x35A60, 0x35A60, 0x35A60, 0x35A60, 0x35A60, 0x35A60,
    0x35A60, 0x75C5C0, 0x35A60, 0x35A60, 0x804220, 0x26BD0, 0x803960, 0x803860,
    0x803740, 0x35A60, 0x35A60, 0x35A60, 0x2B5500, 0x2B5500, 0x35A60, 0x35A60,
    0x35A60, 0x2B5500, 0x35A60, 0x35A60, 0x35A60, 0x35A60, 0x35A60, 0x35A60,
    0x35A60, 0x35A60, 0x35A60, 0x35A60, 0x35A60, 0x35A60, 0x35A60, 0x35A60,
    0x143990, 0x1439B0, 0x35A60, 0x35A60, 0x35A60, 0x35A60, 0x35A60, 0x35A60,
    0x35A60, 0x35A60, 0x35A60, 0x35A60, 0x35A60, 0x35A60, 0x35A60, 0x35A60,
    0x35A60, 0x35A60, 0x35A60, 0x35A60, 0x35A60, 0x35A60, 0x35A60, 0x35A60,
    0x35A60, 0x75CC60, 0x35A60, 0x1439D0, 0x35A60, 0x35A60, 0x35A60, 0x35A60,
    0x35A60, 0x35A60, 0x35A60, 0x35A60, 0x50AF0, 0x50AF0, 0x35A60, 0x35A60,
    0x35A60, 0x35A60, 0x35A60, 0x35A60, 0x35A60, 0x35A60, 0x35A60, 0x35A60,
    0x35A60, 0x35A60, 0x35A60, 0x35A60, 0x803F40, 0x35A60, 0x75CBE0, 0x75CBF0,
    0x75CC10, 0x75CC40, 0x35A60, 0x35A60, 0x35A60, 0x35A60, 0x35A60, 0x35A60,
    0x35A60, 0x35A60, 0x35A60, 0x35A60, 0x35A60, 0x35A60, 0x35A60, 0x35A60,
    0x35A60, 0x35A60, 0x35A60, 0x35A60, 0x35A60, 0x75F0F0, 0x35A60, 0x35A60,
    0x35A60, 0x35A60, 0x35A60, 0x35A60, 0x35A60, 0x35A60, 0x75CC70, 0x35A60,
    0x35A60, 0x35A60, 0x35A60, 0x35A60, 0x2B5500, 0x2B5500, 0x35A60, 0x35A60,
    0x35A60, 0x35A60, 0x35A60, 0x35A60, 0x35A60, 0x35A60, 0x35A60, 0x35A60,
    0x35A60, 0x35A60, 0x35A60, 0x75CC10, 0x35A60, 0x35A60, 0x35A60, 0x50AF0,
    0x14C4E0, 0x803FA0, 0x35A60, 0x35A60
};

/* NextAttackSpecialCrit -172 vtable slot RVAs */
const UINT_PTR g_nextAttackSpecialCritVtableRVAs[172] = {
    0x5971C0, 0x5971B0, 0x5970E0, 0x5970D0, 0x50AF0, 0x722130, 0x35A60, 0x75C5F0,
    0x35A60, 0x35A60, 0x35A60, 0x35A60, 0x35A60, 0x35A60, 0x35A60, 0x35A60,
    0x35A60, 0x35A60, 0x35A60, 0x35A60, 0x35A60, 0x35A60, 0x35A60, 0x35A60,
    0x35A60, 0x75C5C0, 0x35A60, 0x35A60, 0x804220, 0x26BD0, 0x803960, 0x803860,
    0x803740, 0x35A60, 0x35A60, 0x35A60, 0x2B5500, 0x2B5500, 0x35A60, 0x35A60,
    0x35A60, 0x2B5500, 0x35A60, 0x35A60, 0x35A60, 0x35A60, 0x35A60, 0x35A60,
    0x35A60, 0x35A60, 0x35A60, 0x35A60, 0x35A60, 0x35A60, 0x35A60, 0x35A60,
    0x144500, 0x1439B0, 0x35A60, 0x35A60, 0x35A60, 0x35A60, 0x35A60, 0x35A60,
    0x35A60, 0x35A60, 0x144610, 0x35A60, 0x35A60, 0x35A60, 0x35A60, 0x35A60,
    0x35A60, 0x35A60, 0x35A60, 0x35A60, 0x35A60, 0x35A60, 0x35A60, 0x35A60,
    0x35A60, 0x75CC60, 0x35A60, 0x144520, 0x35A60, 0x35A60, 0x35A60, 0x35A60,
    0x35A60, 0x35A60, 0x35A60, 0x35A60, 0x50AF0, 0x50AF0, 0x35A60, 0x35A60,
    0x35A60, 0x35A60, 0x35A60, 0x35A60, 0x35A60, 0x35A60, 0x35A60, 0x35A60,
    0x35A60, 0x35A60, 0x35A60, 0x35A60, 0x803F40, 0x35A60, 0x75CBE0, 0x75CBF0,
    0x75CC10, 0x75CC40, 0x35A60, 0x35A60, 0x35A60, 0x35A60, 0x35A60, 0x35A60,
    0x35A60, 0x35A60, 0x35A60, 0x35A60, 0x35A60, 0x35A60, 0x35A60, 0x35A60,
    0x35A60, 0x35A60, 0x35A60, 0x35A60, 0x35A60, 0x75F0F0, 0x35A60, 0x35A60,
    0x35A60, 0x35A60, 0x35A60, 0x35A60, 0x35A60, 0x35A60, 0x75CC70, 0x35A60,
    0x35A60, 0x35A60, 0x35A60, 0x35A60, 0x2B5500, 0x2B5500, 0x35A60, 0x35A60,
    0x35A60, 0x35A60, 0x35A60, 0x35A60, 0x35A60, 0x35A60, 0x35A60, 0x35A60,
    0x35A60, 0x35A60, 0x35A60, 0x75CC10, 0x35A60, 0x35A60, 0x35A60, 0x50AF0,
    0x14C4E0, 0x803FA0, 0x35A60, 0x35A60
};

/* NextBasicAttackCritsThisTurn -172 vtable slot RVAs */
const UINT_PTR g_nextBasicAttackCritsThisTurnVtableRVAs[172] = {
    0x577650, 0x577640, 0x577570, 0x577560, 0x50AF0, 0x7221B0, 0x35A60, 0x75C5F0,
    0x35A60, 0x35A60, 0x35A60, 0x35A60, 0x35A60, 0x35A60, 0x35A60, 0x35A60,
    0x35A60, 0x35A60, 0x35A60, 0x35A60, 0x35A60, 0x35A60, 0x35A60, 0x35A60,
    0x35A60, 0x75C5C0, 0x35A60, 0x35A60, 0x804220, 0x26BD0, 0x803960, 0x803860,
    0x803740, 0x35A60, 0x35A60, 0x977D0, 0x2B5500, 0x2B5500, 0x35A60, 0x35A60,
    0x35A60, 0x2B5500, 0x35A60, 0x35A60, 0x35A60, 0x35A60, 0x35A60, 0x35A60,
    0x35A60, 0x35A60, 0x35A60, 0x35A60, 0x35A60, 0x35A60, 0x35A60, 0x35A60,
    0x264170, 0x2641A0, 0x35A60, 0x35A60, 0x35A60, 0x35A60, 0x35A60, 0x35A60,
    0x35A60, 0x35A60, 0x35A60, 0x35A60, 0x35A60, 0x35A60, 0x35A60, 0x35A60,
    0x35A60, 0x35A60, 0x35A60, 0x35A60, 0x35A60, 0x35A60, 0x35A60, 0x35A60,
    0x35A60, 0x75CC60, 0x35A60, 0x35A60, 0x35A60, 0x35A60, 0x35A60, 0x35A60,
    0x35A60, 0x263FE0, 0x35A60, 0x35A60, 0x50AF0, 0x50AF0, 0x35A60, 0x35A60,
    0x35A60, 0x35A60, 0x35A60, 0x35A60, 0x35A60, 0x35A60, 0x35A60, 0x35A60,
    0x35A60, 0x35A60, 0x35A60, 0x35A60, 0x803F40, 0x35A60, 0x75CBE0, 0x75CBF0,
    0x75CC10, 0x75CC40, 0x35A60, 0x35A60, 0x35A60, 0x35A60, 0x35A60, 0x35A60,
    0x35A60, 0x35A60, 0x35A60, 0x35A60, 0x35A60, 0x35A60, 0x35A60, 0x35A60,
    0x35A60, 0x35A60, 0x35A60, 0x35A60, 0x35A60, 0x75F0F0, 0x35A60, 0x35A60,
    0x35A60, 0x35A60, 0x35A60, 0x35A60, 0x35A60, 0x35A60, 0x75CC70, 0x35A60,
    0x35A60, 0x35A60, 0x35A60, 0x35A60, 0x2B5500, 0x2B5500, 0x35A60, 0x35A60,
    0x35A60, 0x35A60, 0x35A60, 0x35A60, 0x35A60, 0x35A60, 0x35A60, 0x35A60,
    0x35A60, 0x35A60, 0x35A60, 0x75CC10, 0x35A60, 0x35A60, 0x35A60, 0x50AF0,
    0x14C4E0, 0x803FA0, 0x35A60, 0x35A60
};

/* NextDamageCrits -172 vtable slot RVAs */
const UINT_PTR g_nextDamageCritsVtableRVAs[172] = {
    0x55F1E0, 0x55F1D0, 0x55F100, 0x55F0F0, 0x50AF0, 0x722230, 0x35A60, 0x75C5F0,
    0x35A60, 0x35A60, 0x35A60, 0x2085B0, 0x35A60, 0x35A60, 0x35A60, 0x35A60,
    0x35A60, 0x35A60, 0x35A60, 0x35A60, 0x35A60, 0x35A60, 0x35A60, 0x35A60,
    0x35A60, 0x75C5C0, 0x35A60, 0x35A60, 0x804220, 0x26BD0, 0x803960, 0x803860,
    0x803740, 0x35A60, 0x35A60, 0x35A60, 0x2B5500, 0x2B5500, 0x35A60, 0x35A60,
    0x35A60, 0x2B5500, 0x35A60, 0x35A60, 0x35A60, 0x35A60, 0x35A60, 0x35A60,
    0x35A60, 0x35A60, 0x35A60, 0x35A60, 0x35A60, 0x35A60, 0x35A60, 0x35A60,
    0x35A60, 0x35A60, 0x35A60, 0x8AC8D0, 0x35A60, 0x35A60, 0x35A60, 0x35A60,
    0x35A60, 0x35A60, 0x35A60, 0x35A60, 0x35A60, 0x35A60, 0x35A60, 0x35A60,
    0x35A60, 0x35A60, 0x35A60, 0x35A60, 0x35A60, 0x35A60, 0x35A60, 0x35A60,
    0x35A60, 0x75CC60, 0x35A60, 0x35A60, 0x35A60, 0x35A60, 0x35A60, 0x35A60,
    0x35A60, 0x35A60, 0x35A60, 0x35A60, 0x50AF0, 0x50AF0, 0x35A60, 0x35A60,
    0x35A60, 0x35A60, 0x35A60, 0x35A60, 0x35A60, 0x35A60, 0x35A60, 0x35A60,
    0x35A60, 0x35A60, 0x35A60, 0x35A60, 0x803F40, 0x35A60, 0x75CBE0, 0x75CBF0,
    0x75CC10, 0x75CC40, 0x35A60, 0x35A60, 0x35A60, 0x35A60, 0x35A60, 0x35A60,
    0x35A60, 0x35A60, 0x35A60, 0x35A60, 0x35A60, 0x35A60, 0x35A60, 0x35A60,
    0x35A60, 0x35A60, 0x35A60, 0x35A60, 0x35A60, 0x75F0F0, 0x35A60, 0x35A60,
    0x35A60, 0x35A60, 0x35A60, 0x35A60, 0x35A60, 0x35A60, 0x75CC70, 0x35A60,
    0x35A60, 0x35A60, 0x35A60, 0x35A60, 0x2B5500, 0x2B5500, 0x35A60, 0x35A60,
    0x35A60, 0x35A60, 0x35A60, 0x35A60, 0x35A60, 0x35A60, 0x35A60, 0x35A60,
    0x35A60, 0x35A60, 0x35A60, 0x75CC10, 0x35A60, 0x35A60, 0x35A60, 0x50AF0,
    0x14C4E0, 0x803FA0, 0x35A60, 0x35A60
};

/* NextDamageReduceAndHealAllies -172 vtable slot RVAs */
const UINT_PTR g_nextDamageReduceAndHealAlliesVtableRVAs[172] = {
    0x596C30, 0x596C20, 0x596B50, 0x596B40, 0x50AF0, 0x7222B0, 0x35A60, 0x75C5F0,
    0x35A60, 0x35A60, 0x35A60, 0x35A60, 0x35A60, 0x35A60, 0x35A60, 0x35A60,
    0x35A60, 0x35A60, 0x35A60, 0x35A60, 0x35A60, 0x35A60, 0x35A60, 0x35A60,
    0x35A60, 0x75C5C0, 0x35A60, 0x35A60, 0x804220, 0x26BD0, 0x803960, 0x803860,
    0x803740, 0x35A60, 0x35A60, 0x35A60, 0x2B5500, 0x2B5500, 0x35A60, 0x35A60,
    0x35A60, 0x2B5500, 0x35A60, 0x35A60, 0x35A60, 0x35A60, 0x35A60, 0x35A60,
    0x35A60, 0x35A60, 0x35A60, 0x35A60, 0x35A60, 0x35A60, 0x35A60, 0x35A60,
    0x35A60, 0x35A60, 0x35A60, 0x35A60, 0x35A60, 0x145410, 0x35A60, 0x35A60,
    0x145480, 0x35A60, 0x35A60, 0x35A60, 0x35A60, 0x35A60, 0x35A60, 0x35A60,
    0x35A60, 0x35A60, 0x35A60, 0x35A60, 0x35A60, 0x35A60, 0x35A60, 0x35A60,
    0x35A60, 0x75CC60, 0x35A60, 0x35A60, 0x35A60, 0x35A60, 0x35A60, 0x35A60,
    0x35A60, 0x35A60, 0x35A60, 0x35A60, 0x50AF0, 0x50AF0, 0x35A60, 0x35A60,
    0x35A60, 0x35A60, 0x35A60, 0x35A60, 0x35A60, 0x35A60, 0x35A60, 0x35A60,
    0x35A60, 0x35A60, 0x35A60, 0x35A60, 0x803F40, 0x35A60, 0x75CBE0, 0x75CBF0,
    0x75CC10, 0x75CC40, 0x35A60, 0x35A60, 0x35A60, 0x35A60, 0x35A60, 0x35A60,
    0x35A60, 0x35A60, 0x35A60, 0x35A60, 0x35A60, 0x35A60, 0x35A60, 0x35A60,
    0x35A60, 0x35A60, 0x35A60, 0x35A60, 0x35A60, 0x75F0F0, 0x35A60, 0x35A60,
    0x35A60, 0x35A60, 0x35A60, 0x35A60, 0x35A60, 0x35A60, 0x75CC70, 0x35A60,
    0x35A60, 0x35A60, 0x35A60, 0x35A60, 0x2B5500, 0x2B5500, 0x35A60, 0x35A60,
    0x35A60, 0x35A60, 0x35A60, 0x35A60, 0x35A60, 0x35A60, 0x35A60, 0x35A60,
    0x35A60, 0x35A60, 0x35A60, 0x75CC10, 0x35A60, 0x35A60, 0x35A60, 0x50AF0,
    0x14C4E0, 0x803FA0, 0x35A60, 0x35A60
};

/* NextDamageReduceAndPushback -172 vtable slot RVAs */
const UINT_PTR g_nextDamageReduceAndPushbackVtableRVAs[172] = {
    0x596D90, 0x596D80, 0x596CB0, 0x596CA0, 0x50AF0, 0x722330, 0x35A60, 0x75C5F0,
    0x35A60, 0x35A60, 0x35A60, 0x35A60, 0x35A60, 0x35A60, 0x35A60, 0x35A60,
    0x35A60, 0x35A60, 0x35A60, 0x35A60, 0x35A60, 0x35A60, 0x35A60, 0x35A60,
    0x35A60, 0x75C5C0, 0x35A60, 0x35A60, 0x804220, 0x26BD0, 0x803960, 0x803860,
    0x803740, 0x35A60, 0x35A60, 0x35A60, 0x2B5500, 0x2B5500, 0x35A60, 0x35A60,
    0x35A60, 0x2B5500, 0x35A60, 0x35A60, 0x35A60, 0x35A60, 0x35A60, 0x35A60,
    0x35A60, 0x35A60, 0x35A60, 0x35A60, 0x35A60, 0x35A60, 0x35A60, 0x35A60,
    0x35A60, 0x35A60, 0x35A60, 0x35A60, 0x35A60, 0x145240, 0x35A60, 0x35A60,
    0x145370, 0x35A60, 0x35A60, 0x35A60, 0x35A60, 0x35A60, 0x35A60, 0x35A60,
    0x35A60, 0x35A60, 0x35A60, 0x35A60, 0x35A60, 0x35A60, 0x35A60, 0x35A60,
    0x35A60, 0x75CC60, 0x35A60, 0x1453F0, 0x35A60, 0x35A60, 0x35A60, 0x35A60,
    0x35A60, 0x35A60, 0x35A60, 0x35A60, 0x50AF0, 0x50AF0, 0x35A60, 0x35A60,
    0x35A60, 0x35A60, 0x35A60, 0x35A60, 0x35A60, 0x35A60, 0x35A60, 0x35A60,
    0x35A60, 0x35A60, 0x35A60, 0x35A60, 0x803F40, 0x35A60, 0x75CBE0, 0x75CBF0,
    0x75CC10, 0x75CC40, 0x35A60, 0x35A60, 0x35A60, 0x35A60, 0x35A60, 0x35A60,
    0x35A60, 0x35A60, 0x35A60, 0x35A60, 0x35A60, 0x35A60, 0x35A60, 0x35A60,
    0x35A60, 0x35A60, 0x35A60, 0x35A60, 0x35A60, 0x75F0F0, 0x35A60, 0x35A60,
    0x35A60, 0x35A60, 0x35A60, 0x35A60, 0x35A60, 0x35A60, 0x75CC70, 0x35A60,
    0x35A60, 0x35A60, 0x35A60, 0x35A60, 0x2B5500, 0x2B5500, 0x35A60, 0x35A60,
    0x35A60, 0x35A60, 0x35A60, 0x35A60, 0x35A60, 0x35A60, 0x35A60, 0x35A60,
    0x35A60, 0x35A60, 0x35A60, 0x75CC10, 0x35A60, 0x35A60, 0x35A60, 0x50AF0,
    0x14C4E0, 0x803FA0, 0x35A60, 0x35A60
};

/* NextDamageReduceThisTurn -172 vtable slot RVAs */
const UINT_PTR g_nextDamageReduceThisTurnVtableRVAs[172] = {
    0x596AE0, 0x596AD0, 0x596A00, 0x5969F0, 0x50AF0, 0x7223B0, 0x35A60, 0x75C5F0,
    0x35A60, 0x35A60, 0x35A60, 0x35A60, 0x35A60, 0x35A60, 0x35A60, 0x35A60,
    0x35A60, 0x35A60, 0x35A60, 0x35A60, 0x35A60, 0x35A60, 0x35A60, 0x35A60,
    0x35A60, 0x75C5C0, 0x35A60, 0x35A60, 0x804220, 0x26BD0, 0x803960, 0x803860,
    0x803740, 0x35A60, 0x977D0, 0x35A60, 0x2B5500, 0x2B5500, 0x35A60, 0x35A60,
    0x35A60, 0x2B5500, 0x35A60, 0x35A60, 0x35A60, 0x35A60, 0x35A60, 0x35A60,
    0x35A60, 0x35A60, 0x35A60, 0x35A60, 0x35A60, 0x35A60, 0x35A60, 0x35A60,
    0x35A60, 0x35A60, 0x35A60, 0x35A60, 0x35A60, 0x1456C0, 0x35A60, 0x35A60,
    0x35A60, 0x35A60, 0x35A60, 0x35A60, 0x35A60, 0x35A60, 0x35A60, 0x35A60,
    0x35A60, 0x35A60, 0x35A60, 0x35A60, 0x35A60, 0x35A60, 0x35A60, 0x35A60,
    0x35A60, 0x75CC60, 0x35A60, 0x35A60, 0x35A60, 0x35A60, 0x35A60, 0x35A60,
    0x35A60, 0x35A60, 0x35A60, 0x35A60, 0x50AF0, 0x50AF0, 0x35A60, 0x35A60,
    0x35A60, 0x35A60, 0x35A60, 0x35A60, 0x35A60, 0x35A60, 0x35A60, 0x35A60,
    0x35A60, 0x35A60, 0x35A60, 0x35A60, 0x803F40, 0x35A60, 0x75CBE0, 0x75CBF0,
    0x75CC10, 0x75CC40, 0x35A60, 0x35A60, 0x35A60, 0x35A60, 0x35A60, 0x35A60,
    0x35A60, 0x35A60, 0x35A60, 0x35A60, 0x35A60, 0x35A60, 0x35A60, 0x35A60,
    0x35A60, 0x35A60, 0x35A60, 0x35A60, 0x35A60, 0x75F0F0, 0x35A60, 0x35A60,
    0x35A60, 0x35A60, 0x35A60, 0x35A60, 0x35A60, 0x35A60, 0x75CC70, 0x35A60,
    0x35A60, 0x35A60, 0x35A60, 0x35A60, 0x2B5500, 0x2B5500, 0x35A60, 0x35A60,
    0x35A60, 0x35A60, 0x35A60, 0x35A60, 0x35A60, 0x35A60, 0x35A60, 0x35A60,
    0x35A60, 0x35A60, 0x35A60, 0x75CC10, 0x35A60, 0x35A60, 0x35A60, 0x50AF0,
    0x14C4E0, 0x803FA0, 0x35A60, 0x35A60
};

/* NextMoveRangeIncrease -172 vtable slot RVAs */
const UINT_PTR g_nextMoveRangeIncreaseVtableRVAs[172] = {
    0x597310, 0x597300, 0x597230, 0x597220, 0x50AF0, 0x722430, 0x35A60, 0x75C5F0,
    0x35A60, 0x35A60, 0x35A60, 0x35A60, 0x35A60, 0x35A60, 0x35A60, 0x35A60,
    0x35A60, 0x35A60, 0x35A60, 0x35A60, 0x35A60, 0x35A60, 0x35A60, 0x35A60,
    0x35A60, 0x75C5C0, 0x35A60, 0x35A60, 0x804220, 0x26BD0, 0x803960, 0x803860,
    0x803740, 0x35A60, 0x35A60, 0x35A60, 0x2B5500, 0x2B5500, 0x35A60, 0x35A60,
    0x35A60, 0x2B5500, 0x35A60, 0x35A60, 0x35A60, 0x35A60, 0x35A60, 0x35A60,
    0x35A60, 0x35A60, 0x35A60, 0x35A60, 0x35A60, 0x35A60, 0x35A60, 0x35A60,
    0x144280, 0x1439B0, 0x35A60, 0x35A60, 0x35A60, 0x35A60, 0x35A60, 0x35A60,
    0x35A60, 0x35A60, 0x35A60, 0x35A60, 0x35A60, 0x35A60, 0x35A60, 0x35A60,
    0x35A60, 0x35A60, 0x35A60, 0x35A60, 0x35A60, 0x35A60, 0x35A60, 0x35A60,
    0x35A60, 0x75CC60, 0x35A60, 0x35A60, 0x35A60, 0x35A60, 0x35A60, 0x35A60,
    0x35A60, 0x1444E0, 0x35A60, 0x35A60, 0x50AF0, 0x50AF0, 0x35A60, 0x35A60,
    0x35A60, 0x35A60, 0x35A60, 0x35A60, 0x35A60, 0x35A60, 0x35A60, 0x35A60,
    0x35A60, 0x35A60, 0x35A60, 0x35A60, 0x803F40, 0x35A60, 0x75CBE0, 0x75CBF0,
    0x75CC10, 0x75CC40, 0x35A60, 0x35A60, 0x35A60, 0x35A60, 0x35A60, 0x35A60,
    0x35A60, 0x35A60, 0x35A60, 0x35A60, 0x35A60, 0x35A60, 0x35A60, 0x35A60,
    0x35A60, 0x35A60, 0x35A60, 0x35A60, 0x35A60, 0x75F0F0, 0x35A60, 0x35A60,
    0x35A60, 0x35A60, 0x35A60, 0x35A60, 0x35A60, 0x35A60, 0x75CC70, 0x35A60,
    0x35A60, 0x35A60, 0x35A60, 0x35A60, 0x2B5500, 0x2B5500, 0x35A60, 0x35A60,
    0x35A60, 0x35A60, 0x35A60, 0x35A60, 0x35A60, 0x35A60, 0x35A60, 0x35A60,
    0x35A60, 0x35A60, 0x35A60, 0x75CC10, 0x35A60, 0x35A60, 0x35A60, 0x50AF0,
    0x14C4E0, 0x803FA0, 0x35A60, 0x35A60
};

/* NextMoveTramples -172 vtable slot RVAs */
const UINT_PTR g_nextMoveTramplesVtableRVAs[172] = {
    0x597460, 0x597450, 0x597380, 0x597370, 0x50AF0, 0x7224B0, 0x35A60, 0x75C5F0,
    0x35A60, 0x35A60, 0x35A60, 0x35A60, 0x35A60, 0x35A60, 0x35A60, 0x35A60,
    0x35A60, 0x35A60, 0x35A60, 0x35A60, 0x35A60, 0x35A60, 0x35A60, 0x35A60,
    0x35A60, 0x75C5C0, 0x35A60, 0x35A60, 0x804220, 0x26BD0, 0x803960, 0x803860,
    0x803740, 0x35A60, 0x35A60, 0x35A60, 0x2B5500, 0x2B5500, 0x35A60, 0x35A60,
    0x35A60, 0x2B5500, 0x35A60, 0x35A60, 0x35A60, 0x35A60, 0x35A60, 0x35A60,
    0x35A60, 0x35A60, 0x35A60, 0x35A60, 0x35A60, 0x35A60, 0x35A60, 0x35A60,
    0x144280, 0x1439B0, 0x35A60, 0x35A60, 0x35A60, 0x35A60, 0x35A60, 0x35A60,
    0x35A60, 0x35A60, 0x35A60, 0x35A60, 0x35A60, 0x35A60, 0x35A60, 0x35A60,
    0x35A60, 0x35A60, 0x35A60, 0x35A60, 0x35A60, 0x35A60, 0x35A60, 0x35A60,
    0x35A60, 0x75CC60, 0x35A60, 0x35A60, 0x35A60, 0x35A60, 0x35A60, 0x35A60,
    0x35A60, 0x144480, 0x35A60, 0x35A60, 0x50AF0, 0x50AF0, 0x35A60, 0x35A60,
    0x35A60, 0x35A60, 0x35A60, 0x35A60, 0x35A60, 0x35A60, 0x35A60, 0x35A60,
    0x35A60, 0x35A60, 0x35A60, 0x35A60, 0x803F40, 0x35A60, 0x75CBE0, 0x75CBF0,
    0x75CC10, 0x75CC40, 0x35A60, 0x35A60, 0x35A60, 0x35A60, 0x35A60, 0x35A60,
    0x35A60, 0x35A60, 0x35A60, 0x35A60, 0x35A60, 0x35A60, 0x35A60, 0x35A60,
    0x35A60, 0x35A60, 0x35A60, 0x35A60, 0x35A60, 0x75F0F0, 0x35A60, 0x35A60,
    0x35A60, 0x35A60, 0x35A60, 0x35A60, 0x35A60, 0x35A60, 0x75CC70, 0x35A60,
    0x35A60, 0x35A60, 0x35A60, 0x35A60, 0x2B5500, 0x2B5500, 0x35A60, 0x35A60,
    0x35A60, 0x35A60, 0x35A60, 0x35A60, 0x35A60, 0x35A60, 0x35A60, 0x35A60,
    0x35A60, 0x35A60, 0x35A60, 0x75CC10, 0x35A60, 0x35A60, 0x35A60, 0x50AF0,
    0x14C4E0, 0x803FA0, 0x35A60, 0x35A60
};

/* NextSpellHealEqualToMana -172 vtable slot RVAs */
const UINT_PTR g_nextSpellHealEqualToManaVtableRVAs[172] = {
    0x598410, 0x598400, 0x598330, 0x598320, 0x50AF0, 0x722530, 0x35A60, 0x75C5F0,
    0x35A60, 0x35A60, 0x35A60, 0x35A60, 0x35A60, 0x35A60, 0x35A60, 0x35A60,
    0x35A60, 0x35A60, 0x35A60, 0x35A60, 0x35A60, 0x35A60, 0x35A60, 0x35A60,
    0x35A60, 0x75C5C0, 0x35A60, 0x35A60, 0x804220, 0x26BD0, 0x803960, 0x803860,
    0x803740, 0x35A60, 0x35A60, 0x35A60, 0x2B5500, 0x2B5500, 0x35A60, 0x35A60,
    0x35A60, 0x2B5500, 0x35A60, 0x35A60, 0x35A60, 0x35A60, 0x35A60, 0x35A60,
    0x35A60, 0x35A60, 0x35A60, 0x35A60, 0x35A60, 0x35A60, 0x35A60, 0x35A60,
    0x1439F0, 0x35A60, 0x35A60, 0x35A60, 0x35A60, 0x35A60, 0x35A60, 0x35A60,
    0x35A60, 0x35A60, 0x35A60, 0x35A60, 0x35A60, 0x35A60, 0x35A60, 0x35A60,
    0x35A60, 0x35A60, 0x35A60, 0x35A60, 0x35A60, 0x35A60, 0x35A60, 0x35A60,
    0x35A60, 0x75CC60, 0x35A60, 0x35A60, 0x35A60, 0x35A60, 0x35A60, 0x35A60,
    0x35A60, 0x35A60, 0x35A60, 0x35A60, 0x50AF0, 0x50AF0, 0x35A60, 0x35A60,
    0x35A60, 0x35A60, 0x35A60, 0x35A60, 0x35A60, 0x35A60, 0x35A60, 0x35A60,
    0x35A60, 0x35A60, 0x35A60, 0x35A60, 0x803F40, 0x35A60, 0x75CBE0, 0x75CBF0,
    0x75CC10, 0x75CC40, 0x35A60, 0x35A60, 0x35A60, 0x35A60, 0x35A60, 0x35A60,
    0x35A60, 0x35A60, 0x35A60, 0x35A60, 0x35A60, 0x35A60, 0x35A60, 0x35A60,
    0x35A60, 0x35A60, 0x35A60, 0x35A60, 0x35A60, 0x75F0F0, 0x35A60, 0x35A60,
    0x35A60, 0x35A60, 0x35A60, 0x35A60, 0x35A60, 0x35A60, 0x75CC70, 0x35A60,
    0x35A60, 0x35A60, 0x35A60, 0x35A60, 0x2B5500, 0x2B5500, 0x35A60, 0x35A60,
    0x35A60, 0x35A60, 0x35A60, 0x35A60, 0x35A60, 0x35A60, 0x35A60, 0x35A60,
    0x35A60, 0x35A60, 0x35A60, 0x75CC10, 0x35A60, 0x35A60, 0x35A60, 0x50AF0,
    0x14C4E0, 0x803FA0, 0x35A60, 0x35A60
};

/* NextTurnDoubleRangedDamage -172 vtable slot RVAs */
const UINT_PTR g_nextTurnDoubleRangedDamageVtableRVAs[172] = {
    0x585320, 0x585310, 0x585240, 0x585230, 0x50AF0, 0x7225B0, 0x35A60, 0x75C5F0,
    0x35A60, 0x35A60, 0x35A60, 0x35A60, 0x35A60, 0x35A60, 0x35A60, 0x35A60,
    0x35A60, 0x35A60, 0x35A60, 0x35A60, 0x35A60, 0x35A60, 0x35A60, 0x35A60,
    0x35A60, 0x75C5C0, 0x35A60, 0x35A60, 0x804220, 0x26BD0, 0x803960, 0x803860,
    0x803740, 0x7D7D0, 0x35A60, 0x2085B0, 0x9F150, 0x2B5500, 0x35A60, 0x35A60,
    0x35A60, 0x2B5500, 0x35A60, 0x35A60, 0x35A60, 0x35A60, 0x35A60, 0x35A60,
    0x35A60, 0x35A60, 0x35A60, 0x35A60, 0x35A60, 0x35A60, 0x35A60, 0x35A60,
    0x35A60, 0x35A60, 0x35A60, 0x35A60, 0x35A60, 0x35A60, 0x35A60, 0x35A60,
    0x35A60, 0x35A60, 0x35A60, 0x35A60, 0x35A60, 0x35A60, 0x35A60, 0x35A60,
    0x35A60, 0x35A60, 0x35A60, 0x35A60, 0x35A60, 0x35A60, 0x35A60, 0x35A60,
    0x35A60, 0x75CC60, 0x35A60, 0x35A60, 0x35A60, 0x35A60, 0x35A60, 0x35A60,
    0x35A60, 0x208610, 0x35A60, 0x35A60, 0x50AF0, 0x50AF0, 0x35A60, 0x35A60,
    0x35A60, 0x35A60, 0x35A60, 0x35A60, 0x35A60, 0x35A60, 0x35A60, 0x35A60,
    0x35A60, 0x35A60, 0x35A60, 0x35A60, 0x803F40, 0x35A60, 0x75CBE0, 0x75CBF0,
    0x75CC10, 0x75CC40, 0x35A60, 0x35A60, 0x35A60, 0x35A60, 0x35A60, 0x35A60,
    0x35A60, 0x35A60, 0x35A60, 0x35A60, 0x35A60, 0x35A60, 0x35A60, 0x35A60,
    0x35A60, 0x35A60, 0x35A60, 0x35A60, 0x35A60, 0x75F0F0, 0x35A60, 0x35A60,
    0x35A60, 0x35A60, 0x35A60, 0x35A60, 0x35A60, 0x35A60, 0x75CC70, 0x35A60,
    0x35A60, 0x35A60, 0x35A60, 0x35A60, 0x2B5500, 0x2B5500, 0x35A60, 0x35A60,
    0x35A60, 0x35A60, 0x35A60, 0x35A60, 0x35A60, 0x35A60, 0x35A60, 0x35A60,
    0x35A60, 0x35A60, 0x35A60, 0x75CC10, 0x35A60, 0x35A60, 0x35A60, 0x50AF0,
    0x14C4E0, 0x803FA0, 0x35A60, 0x35A60
};

/* NoHealthRegen -172 vtable slot RVAs */
const UINT_PTR g_noHealthRegenVtableRVAs[172] = {
    0x58BB40, 0x58BB30, 0x58BA60, 0x58BA50, 0x50AF0, 0x722630, 0x35A60, 0x75C5F0,
    0x35A60, 0x35A60, 0x35A60, 0x35A60, 0x35A60, 0x35A60, 0x35A60, 0x35A60,
    0x35A60, 0x35A60, 0x35A60, 0x35A60, 0x35A60, 0x35A60, 0x35A60, 0x35A60,
    0x35A60, 0x75C5C0, 0x35A60, 0x35A60, 0x804220, 0x26BD0, 0x803960, 0x803860,
    0x803740, 0x1714B0, 0x35A60, 0x35A60, 0x2B5500, 0x2B5500, 0x35A60, 0x35A60,
    0x35A60, 0x2B5500, 0x35A60, 0x35A60, 0x35A60, 0x35A60, 0x35A60, 0x35A60,
    0x35A60, 0x35A60, 0x35A60, 0x35A60, 0x35A60, 0x35A60, 0x35A60, 0x35A60,
    0x35A60, 0x35A60, 0x35A60, 0x35A60, 0x35A60, 0x35A60, 0x35A60, 0x35A60,
    0x35A60, 0x35A60, 0x35A60, 0x35A60, 0x35A60, 0x35A60, 0x35A60, 0x35A60,
    0x35A60, 0x35A60, 0x35A60, 0x35A60, 0x35A60, 0x35A60, 0x35A60, 0x35A60,
    0x35A60, 0x75CC60, 0x35A60, 0x162060, 0x35A60, 0x35A60, 0x35A60, 0x35A60,
    0x35A60, 0x35A60, 0x35A60, 0x35A60, 0x50AF0, 0x50AF0, 0x35A60, 0x35A60,
    0x35A60, 0x35A60, 0x35A60, 0x35A60, 0x35A60, 0x35A60, 0x35A60, 0x35A60,
    0x35A60, 0x35A60, 0x35A60, 0x35A60, 0x803F40, 0x35A60, 0x75CBE0, 0x75CBF0,
    0x75CC10, 0x75CC40, 0x35A60, 0x35A60, 0x35A60, 0x35A60, 0x35A60, 0x35A60,
    0x35A60, 0x35A60, 0x35A60, 0x35A60, 0x35A60, 0x35A60, 0x35A60, 0x35A60,
    0x35A60, 0x35A60, 0x35A60, 0x35A60, 0x35A60, 0x75F0F0, 0x35A60, 0x35A60,
    0x35A60, 0x35A60, 0x35A60, 0x35A60, 0x35A60, 0x35A60, 0x75CC70, 0x35A60,
    0x35A60, 0x35A60, 0x35A60, 0x35A60, 0x2B5500, 0x2B5500, 0x35A60, 0x35A60,
    0x35A60, 0x35A60, 0x35A60, 0x35A60, 0x35A60, 0x35A60, 0x35A60, 0x35A60,
    0x35A60, 0x35A60, 0x35A60, 0x75CC10, 0x35A60, 0x35A60, 0x35A60, 0x50AF0,
    0x14C4E0, 0x803FA0, 0x35A60, 0x35A60
};

/* NoManaRegen -172 vtable slot RVAs */
const UINT_PTR g_noManaRegenVtableRVAs[172] = {
    0x58BA00, 0x58B9F0, 0x58B920, 0x58B910, 0x50AF0, 0x7226B0, 0x35A60, 0x75C5F0,
    0x35A60, 0x35A60, 0x35A60, 0x35A60, 0x35A60, 0x35A60, 0x35A60, 0x35A60,
    0x35A60, 0x35A60, 0x35A60, 0x35A60, 0x35A60, 0x35A60, 0x35A60, 0x35A60,
    0x35A60, 0x75C5C0, 0x35A60, 0x35A60, 0x804220, 0x26BD0, 0x803960, 0x803860,
    0x803740, 0x1714C0, 0x35A60, 0x35A60, 0x2B5500, 0x2B5500, 0x35A60, 0x35A60,
    0x35A60, 0x2B5500, 0x35A60, 0x35A60, 0x35A60, 0x35A60, 0x35A60, 0x35A60,
    0x35A60, 0x35A60, 0x35A60, 0x35A60, 0x35A60, 0x35A60, 0x35A60, 0x35A60,
    0x35A60, 0x35A60, 0x35A60, 0x35A60, 0x35A60, 0x35A60, 0x35A60, 0x35A60,
    0x35A60, 0x35A60, 0x35A60, 0x35A60, 0x35A60, 0x35A60, 0x35A60, 0x35A60,
    0x35A60, 0x35A60, 0x35A60, 0x35A60, 0x35A60, 0x35A60, 0x35A60, 0x35A60,
    0x35A60, 0x75CC60, 0x35A60, 0x1714D0, 0x35A60, 0x35A60, 0x35A60, 0x35A60,
    0x35A60, 0x35A60, 0x35A60, 0x35A60, 0x50AF0, 0x50AF0, 0x35A60, 0x35A60,
    0x35A60, 0x35A60, 0x35A60, 0x35A60, 0x35A60, 0x35A60, 0x35A60, 0x35A60,
    0x35A60, 0x35A60, 0x35A60, 0x35A60, 0x803F40, 0x35A60, 0x75CBE0, 0x75CBF0,
    0x75CC10, 0x75CC40, 0x35A60, 0x35A60, 0x35A60, 0x35A60, 0x35A60, 0x35A60,
    0x35A60, 0x35A60, 0x35A60, 0x35A60, 0x35A60, 0x35A60, 0x35A60, 0x35A60,
    0x35A60, 0x35A60, 0x35A60, 0x35A60, 0x35A60, 0x75F0F0, 0x35A60, 0x35A60,
    0x35A60, 0x35A60, 0x35A60, 0x35A60, 0x35A60, 0x35A60, 0x75CC70, 0x35A60,
    0x35A60, 0x35A60, 0x35A60, 0x35A60, 0x2B5500, 0x2B5500, 0x35A60, 0x35A60,
    0x35A60, 0x35A60, 0x35A60, 0x35A60, 0x35A60, 0x35A60, 0x35A60, 0x35A60,
    0x35A60, 0x35A60, 0x35A60, 0x75CC10, 0x35A60, 0x35A60, 0x35A60, 0x50AF0,
    0x14C4E0, 0x803FA0, 0x35A60, 0x35A60
};

/* NoStartingMana -172 vtable slot RVAs */
const UINT_PTR g_noStartingManaVtableRVAs[172] = {
    0x58B8C0, 0x58B8B0, 0x58B7E0, 0x58B7D0, 0x50AF0, 0x722730, 0x35A60, 0x75C5F0,
    0x35A60, 0x35A60, 0x35A60, 0x35A60, 0x35A60, 0x35A60, 0x35A60, 0x35A60,
    0x35A60, 0x35A60, 0x35A60, 0x35A60, 0x35A60, 0x35A60, 0x35A60, 0x35A60,
    0x35A60, 0x75C5C0, 0x35A60, 0x35A60, 0x804220, 0x26BD0, 0x803960, 0x803860,
    0x803740, 0x35A60, 0x35A60, 0x35A60, 0x2B5500, 0x2B5500, 0x35A60, 0x35A60,
    0x35A60, 0x2B5500, 0x35A60, 0x35A60, 0x35A60, 0x35A60, 0x35A60, 0x35A60,
    0x35A60, 0x1714E0, 0x35A60, 0x35A60, 0x35A60, 0x35A60, 0x35A60, 0x35A60,
    0x35A60, 0x35A60, 0x35A60, 0x35A60, 0x35A60, 0x35A60, 0x35A60, 0x35A60,
    0x35A60, 0x35A60, 0x35A60, 0x35A60, 0x35A60, 0x35A60, 0x35A60, 0x35A60,
    0x35A60, 0x35A60, 0x35A60, 0x35A60, 0x35A60, 0x35A60, 0x35A60, 0x35A60,
    0x35A60, 0x75CC60, 0x35A60, 0x35A60, 0x35A60, 0x35A60, 0x35A60, 0x35A60,
    0x35A60, 0x35A60, 0x35A60, 0x35A60, 0x50AF0, 0x50AF0, 0x35A60, 0x35A60,
    0x35A60, 0x35A60, 0x35A60, 0x35A60, 0x35A60, 0x35A60, 0x35A60, 0x35A60,
    0x35A60, 0x35A60, 0x35A60, 0x35A60, 0x803F40, 0x35A60, 0x75CBE0, 0x75CBF0,
    0x75CC10, 0x75CC40, 0x35A60, 0x35A60, 0x35A60, 0x35A60, 0x35A60, 0x35A60,
    0x35A60, 0x35A60, 0x35A60, 0x35A60, 0x35A60, 0x35A60, 0x35A60, 0x35A60,
    0x35A60, 0x35A60, 0x35A60, 0x35A60, 0x35A60, 0x75F0F0, 0x35A60, 0x35A60,
    0x35A60, 0x35A60, 0x35A60, 0x35A60, 0x35A60, 0x35A60, 0x75CC70, 0x35A60,
    0x35A60, 0x35A60, 0x35A60, 0x35A60, 0x2B5500, 0x2B5500, 0x35A60, 0x35A60,
    0x35A60, 0x35A60, 0x35A60, 0x35A60, 0x35A60, 0x35A60, 0x35A60, 0x35A60,
    0x35A60, 0x35A60, 0x35A60, 0x75CC10, 0x35A60, 0x35A60, 0x35A60, 0x50AF0,
    0x14C4E0, 0x803FA0, 0x35A60, 0x35A60
};

/* OldStealth -172 vtable slot RVAs */
const UINT_PTR g_oldStealthVtableRVAs[172] = {
    0x59FE80, 0x59FE70, 0x59FDA0, 0x59FD90, 0x50AF0, 0x7227B0, 0x35A60, 0x75C5F0,
    0x35A60, 0x35A60, 0x35A60, 0x35A60, 0x35A60, 0x35A60, 0x35A60, 0x35A60,
    0x35A60, 0x35A60, 0x35A60, 0x35A60, 0x35A60, 0x35A60, 0x35A60, 0x35A60,
    0x35A60, 0x75C5C0, 0x35A60, 0x35A60, 0x804220, 0x26BD0, 0x803960, 0x803860,
    0x803740, 0x35A60, 0x35A60, 0x35A60, 0x2B5500, 0x2B5500, 0x35A60, 0x35A60,
    0x35A60, 0x2B5500, 0x35A60, 0x35A60, 0x35A60, 0x35A60, 0x35A60, 0x35A60,
    0x35A60, 0x35A60, 0x35A60, 0x35A60, 0x35A60, 0x35A60, 0x35A60, 0x35A60,
    0x9A900, 0x9A920, 0x35A60, 0x35A60, 0x35A60, 0x35A60, 0x35A60, 0x9A950,
    0x35A60, 0x35A60, 0x35A60, 0x35A60, 0x35A60, 0x35A60, 0x35A60, 0x35A60,
    0x35A60, 0x35A60, 0x35A60, 0x35A60, 0x35A60, 0x35A60, 0x35A60, 0x35A60,
    0x35A60, 0x75CC60, 0x35A60, 0x35A60, 0x35A60, 0x35A60, 0x35A60, 0x35A60,
    0x35A60, 0x35A60, 0x35A60, 0x35A60, 0x9A8F0, 0x50AF0, 0x35A60, 0x35A60,
    0x35A60, 0x35A60, 0x35A60, 0x35A60, 0x35A60, 0x35A60, 0x35A60, 0x35A60,
    0x35A60, 0x35A60, 0x35A60, 0x35A60, 0x803F40, 0x35A60, 0x75CBE0, 0x75CBF0,
    0x75CC10, 0x75CC40, 0x35A60, 0x35A60, 0x35A60, 0x35A60, 0x35A60, 0x35A60,
    0x35A60, 0x35A60, 0x35A60, 0x35A60, 0x35A60, 0x35A60, 0x35A60, 0x35A60,
    0x35A60, 0x35A60, 0x35A60, 0x35A60, 0x35A60, 0x75F0F0, 0x35A60, 0x35A60,
    0x35A60, 0x35A60, 0x35A60, 0x35A60, 0x35A60, 0x35A60, 0x75CC70, 0x35A60,
    0x35A60, 0x35A60, 0x35A60, 0x35A60, 0x2B5500, 0x2B5500, 0x35A60, 0x35A60,
    0x35A60, 0x35A60, 0x35A60, 0x35A60, 0x35A60, 0x35A60, 0x35A60, 0x35A60,
    0x35A60, 0x35A60, 0x35A60, 0x75CC10, 0x35A60, 0x35A60, 0x35A60, 0x50AF0,
    0x14C4E0, 0x803FA0, 0x9A940, 0x35A60
};

/* OneUseSpellDamageUp -172 vtable slot RVAs */
const UINT_PTR g_oneUseSpellDamageUpVtableRVAs[172] = {
    0x57ED10, 0x57ED00, 0x57EC80, 0x57EC70, 0x50AF0, 0x722830, 0x35A60, 0x75C5F0,
    0x35A60, 0x35A60, 0x35A60, 0x35A60, 0x35A60, 0x35A60, 0x35A60, 0x35A60,
    0x35A60, 0x35A60, 0x35A60, 0x35A60, 0x35A60, 0x35A60, 0x35A60, 0x35A60,
    0x35A60, 0x75C5C0, 0x35A60, 0x35A60, 0x804220, 0x26BD0, 0x803960, 0x803860,
    0x803740, 0x35A60, 0x35A60, 0x35A60, 0x2B5500, 0x2B5500, 0x35A60, 0x35A60,
    0x35A60, 0x2B5500, 0x35A60, 0x35A60, 0x35A60, 0x35A60, 0x35A60, 0x35A60,
    0x35A60, 0x35A60, 0x35A60, 0x35A60, 0x35A60, 0x35A60, 0x35A60, 0x35A60,
    0x218A90, 0x1439B0, 0x35A60, 0x218A20, 0x35A60, 0x35A60, 0x35A60, 0x35A60,
    0x35A60, 0x35A60, 0x35A60, 0x35A60, 0x35A60, 0x35A60, 0x35A60, 0x35A60,
    0x35A60, 0x35A60, 0x35A60, 0x35A60, 0x35A60, 0x35A60, 0x35A60, 0x35A60,
    0x35A60, 0x75CC60, 0x35A60, 0x2188F0, 0x35A60, 0x35A60, 0x35A60, 0x35A60,
    0x35A60, 0x218950, 0x35A60, 0x218B00, 0x50AF0, 0x50AF0, 0x35A60, 0x35A60,
    0x35A60, 0x35A60, 0x35A60, 0x35A60, 0x35A60, 0x35A60, 0x35A60, 0x35A60,
    0x35A60, 0x35A60, 0x35A60, 0x35A60, 0x803F40, 0x35A60, 0x75CBE0, 0x75CBF0,
    0x75CC10, 0x75CC40, 0x35A60, 0x35A60, 0x35A60, 0x35A60, 0x35A60, 0x35A60,
    0x35A60, 0x35A60, 0x35A60, 0x35A60, 0x35A60, 0x35A60, 0x35A60, 0x35A60,
    0x35A60, 0x35A60, 0x35A60, 0x35A60, 0x35A60, 0x75F0F0, 0x35A60, 0x35A60,
    0x35A60, 0x35A60, 0x35A60, 0x35A60, 0x35A60, 0x35A60, 0x75CC70, 0x35A60,
    0x35A60, 0x35A60, 0x35A60, 0x35A60, 0x2B5500, 0x2B5500, 0x35A60, 0x35A60,
    0x35A60, 0x35A60, 0x35A60, 0x35A60, 0x35A60, 0x35A60, 0x35A60, 0x35A60,
    0x35A60, 0x35A60, 0x35A60, 0x75CC10, 0x35A60, 0x35A60, 0x35A60, 0x50AF0,
    0x14C4E0, 0x803FA0, 0x35A60, 0x35A60
};

/* Ostracized -172 vtable slot RVAs */
const UINT_PTR g_ostracizedVtableRVAs[172] = {
    0x59EE70, 0x59EE60, 0x59ED90, 0x59ED80, 0x50AF0, 0x722930, 0x35A60, 0x75C5F0,
    0x35A60, 0x35A60, 0x35A60, 0x35A60, 0x35A60, 0x35A60, 0x35A60, 0x35A60,
    0x35A60, 0x35A60, 0x35A60, 0x35A60, 0x35A60, 0x35A60, 0x35A60, 0x35A60,
    0x35A60, 0x75C5C0, 0x35A60, 0x35A60, 0x804220, 0x26BD0, 0x803960, 0x803860,
    0x803740, 0x35A60, 0x35A60, 0x35A60, 0x99A80, 0x2B5500, 0x35A60, 0x35A60,
    0x35A60, 0x2B5500, 0x35A60, 0x35A60, 0x35A60, 0x35A60, 0x35A60, 0x35A60,
    0x35A60, 0x35A60, 0x35A60, 0x35A60, 0x35A60, 0x35A60, 0x35A60, 0x35A60,
    0x35A60, 0x35A60, 0x35A60, 0x35A60, 0x35A60, 0x35A60, 0x35A60, 0x35A60,
    0x35A60, 0x35A60, 0x35A60, 0x35A60, 0x35A60, 0x35A60, 0x35A60, 0x35A60,
    0x35A60, 0x35A60, 0x35A60, 0x35A60, 0x35A60, 0x35A60, 0x35A60, 0x35A60,
    0x35A60, 0x75CC60, 0x35A60, 0x9BF80, 0x35A60, 0x35A60, 0x35A60, 0x35A60,
    0x35A60, 0x35A60, 0x35A60, 0x35A60, 0x9A4B0, 0x50AF0, 0x35A60, 0x35A60,
    0x35A60, 0x35A60, 0x35A60, 0x35A60, 0x35A60, 0x35A60, 0x35A60, 0x35A60,
    0x35A60, 0x35A60, 0x35A60, 0x35A60, 0x803F40, 0x35A60, 0x75CBE0, 0x75CBF0,
    0x75CC10, 0x75CC40, 0x35A60, 0x35A60, 0x35A60, 0x35A60, 0x35A60, 0x35A60,
    0x35A60, 0x35A60, 0x35A60, 0x35A60, 0x35A60, 0x35A60, 0x35A60, 0x35A60,
    0x35A60, 0x35A60, 0x35A60, 0x35A60, 0x35A60, 0x75F0F0, 0x35A60, 0x35A60,
    0x35A60, 0x35A60, 0x35A60, 0x35A60, 0x35A60, 0x35A60, 0x75CC70, 0x35A60,
    0x35A60, 0x35A60, 0x35A60, 0x35A60, 0x2B5500, 0x2B5500, 0x35A60, 0x35A60,
    0x35A60, 0x35A60, 0x35A60, 0x35A60, 0x35A60, 0x35A60, 0x35A60, 0x35A60,
    0x35A60, 0x35A60, 0x35A60, 0x75CC10, 0x35A60, 0x35A60, 0x35A60, 0x50AF0,
    0x14C4E0, 0x803FA0, 0x35A60, 0x35A60
};

/* PermanentCharm -172 vtable slot RVAs */
const UINT_PTR g_permanentCharmVtableRVAs[172] = {
    0x59F360, 0x59F350, 0x59F280, 0x59F270, 0x50AF0, 0x7229B0, 0x35A60, 0x75C5F0,
    0x35A60, 0x35A60, 0x35A60, 0x35A60, 0x35A60, 0x35A60, 0x35A60, 0x35A60,
    0x35A60, 0x35A60, 0x35A60, 0x35A60, 0x35A60, 0x35A60, 0x35A60, 0x35A60,
    0x35A60, 0x75C5C0, 0x35A60, 0x35A60, 0x804220, 0x26BD0, 0x803960, 0x803860,
    0x803740, 0x9BCA0, 0x35A60, 0x35A60, 0x2B5500, 0x2B5500, 0x35A60, 0x35A60,
    0x35A60, 0x2B5500, 0x35A60, 0x35A60, 0x35A60, 0x35A60, 0x35A60, 0x35A60,
    0x35A60, 0x35A60, 0x35A60, 0x35A60, 0x35A60, 0x35A60, 0x35A60, 0x35A60,
    0x35A60, 0x35A60, 0x35A60, 0x35A60, 0x35A60, 0x35A60, 0x35A60, 0x35A60,
    0x35A60, 0x35A60, 0x35A60, 0x35A60, 0x35A60, 0x35A60, 0x35A60, 0x35A60,
    0x35A60, 0x35A60, 0x35A60, 0x35A60, 0x35A60, 0x35A60, 0x35A60, 0x35A60,
    0x35A60, 0x75CC60, 0x35A60, 0x35A60, 0x35A60, 0x35A60, 0x35A60, 0x35A60,
    0x35A60, 0x35A60, 0x35A60, 0x35A60, 0x50AF0, 0x50AF0, 0x35A60, 0x35A60,
    0x35A60, 0x35A60, 0x35A60, 0x35A60, 0x35A60, 0x35A60, 0x35A60, 0x35A60,
    0x35A60, 0x35A60, 0x35A60, 0x35A60, 0x803F40, 0x35A60, 0x75CBE0, 0x75CBF0,
    0x75CC10, 0x75CC40, 0x35A60, 0x35A60, 0x35A60, 0x35A60, 0x35A60, 0x35A60,
    0x35A60, 0x35A60, 0x35A60, 0x35A60, 0x35A60, 0x35A60, 0x35A60, 0x35A60,
    0x35A60, 0x35A60, 0x35A60, 0x35A60, 0x35A60, 0x75F0F0, 0x35A60, 0x35A60,
    0x35A60, 0x35A60, 0x35A60, 0x35A60, 0x35A60, 0x35A60, 0x75CC70, 0x35A60,
    0x35A60, 0x35A60, 0x35A60, 0x35A60, 0x2B5500, 0x2B5500, 0x35A60, 0x35A60,
    0x35A60, 0x35A60, 0x35A60, 0x35A60, 0x35A60, 0x35A60, 0x35A60, 0x35A60,
    0x35A60, 0x35A60, 0x35A60, 0x75CC10, 0x35A60, 0x35A60, 0x35A60, 0x50AF0,
    0x14C4E0, 0x803FA0, 0x35A60, 0x35A60
};

/* PermanentConfusion -172 vtable slot RVAs */
const UINT_PTR g_permanentConfusionVtableRVAs[172] = {
    0x59E390, 0x59E380, 0x59E250, 0x59E240, 0x50AF0, 0x722A30, 0x35A60, 0x75C5F0,
    0x35A60, 0x35A60, 0x35A60, 0x35A60, 0x35A60, 0x35A60, 0x35A60, 0x35A60,
    0x35A60, 0x35A60, 0x35A60, 0x35A60, 0x35A60, 0x35A60, 0x35A60, 0x35A60,
    0x35A60, 0x75C5C0, 0x35A60, 0x35A60, 0x804220, 0x26BD0, 0x803960, 0x803860,
    0x803740, 0x35A60, 0x35A60, 0x35A60, 0x2B5500, 0x35A60, 0x35A60, 0x35A60,
    0x35A60, 0x2B5500, 0x35A60, 0x35A60, 0x35A60, 0x35A60, 0x35A60, 0x35A60,
    0x35A60, 0x35A60, 0x35A60, 0x35A60, 0x35A60, 0x35A60, 0x35A60, 0x35A60,
    0x9CD00, 0x35A60, 0x35A60, 0x35A60, 0x35A60, 0x35A60, 0x35A60, 0x35A60,
    0x35A60, 0x35A60, 0x35A60, 0x35A60, 0x35A60, 0x35A60, 0x35A60, 0x35A60,
    0x35A60, 0x35A60, 0x35A60, 0x35A60, 0x35A60, 0x35A60, 0x35A60, 0x35A60,
    0x35A60, 0x75CC60, 0x35A60, 0x35A60, 0x35A60, 0x35A60, 0x35A60, 0x35A60,
    0x35A60, 0x35A60, 0x35A60, 0x35A60, 0x50AF0, 0x50AF0, 0x35A60, 0x35A60,
    0x35A60, 0x35A60, 0x35A60, 0x35A60, 0x35A60, 0x35A60, 0x35A60, 0x35A60,
    0x35A60, 0x35A60, 0x35A60, 0x35A60, 0x803F40, 0x35A60, 0x75CBE0, 0x75CBF0,
    0x75CC10, 0x75CC40, 0x35A60, 0x35A60, 0x35A60, 0x35A60, 0x35A60, 0x35A60,
    0x35A60, 0x35A60, 0x35A60, 0x35A60, 0x35A60, 0x35A60, 0x35A60, 0x35A60,
    0x35A60, 0x35A60, 0x35A60, 0x35A60, 0x35A60, 0x75F0F0, 0x35A60, 0x35A60,
    0x35A60, 0x35A60, 0x35A60, 0x35A60, 0x35A60, 0x35A60, 0x75CC70, 0x35A60,
    0x35A60, 0x35A60, 0x35A60, 0x35A60, 0x2B5500, 0x2B5500, 0x35A60, 0x35A60,
    0x35A60, 0x35A60, 0x35A60, 0x35A60, 0x35A60, 0x35A60, 0x35A60, 0x35A60,
    0x35A60, 0x35A60, 0x35A60, 0x75CC10, 0x35A60, 0x35A60, 0x35A60, 0x50AF0,
    0x14C4E0, 0x803FA0, 0x35A60, 0x35A60
};

/* PermanentImmobile -172 vtable slot RVAs */
const UINT_PTR g_permanentImmobileVtableRVAs[172] = {
    0x5A1A00, 0x5A19F0, 0x5A1920, 0x5A1910, 0x50AF0, 0x722AB0, 0x35A60, 0x75C5F0,
    0x35A60, 0x35A60, 0x35A60, 0x35A60, 0x35A60, 0x35A60, 0x35A60, 0x35A60,
    0x35A60, 0x35A60, 0x35A60, 0x35A60, 0x35A60, 0x35A60, 0x35A60, 0x35A60,
    0x35A60, 0x75C5C0, 0x35A60, 0x35A60, 0x804220, 0x26BD0, 0x803960, 0x803860,
    0x803740, 0x35A60, 0x35A60, 0x35A60, 0x2B5500, 0x2B5500, 0x35A60, 0x35A60,
    0x35A60, 0x2B5500, 0x35A60, 0x35A60, 0x978C0, 0x35A60, 0x35A60, 0x35A60,
    0x35A60, 0x35A60, 0x35A60, 0x35A60, 0x35A60, 0x35A60, 0x35A60, 0x35A60,
    0x35A60, 0x35A60, 0x35A60, 0x35A60, 0x35A60, 0x35A60, 0x35A60, 0x35A60,
    0x35A60, 0x35A60, 0x35A60, 0x35A60, 0x35A60, 0x35A60, 0x35A60, 0x35A60,
    0x35A60, 0x35A60, 0x35A60, 0x35A60, 0x35A60, 0x35A60, 0x35A60, 0x35A60,
    0x35A60, 0x7E0A0, 0x35A60, 0x35A60, 0x35A60, 0x35A60, 0x35A60, 0x35A60,
    0x35A60, 0x35A60, 0x35A60, 0x35A60, 0x50AF0, 0x50AF0, 0x35A60, 0x35A60,
    0x35A60, 0x35A60, 0x35A60, 0x35A60, 0x35A60, 0x35A60, 0x35A60, 0x35A60,
    0x35A60, 0x35A60, 0x35A60, 0x35A60, 0x803F40, 0x35A60, 0x75CBE0, 0x75CBF0,
    0x75CC10, 0x75CC40, 0x35A60, 0x35A60, 0x35A60, 0x35A60, 0x35A60, 0x35A60,
    0x35A60, 0x35A60, 0x35A60, 0x35A60, 0x35A60, 0x35A60, 0x35A60, 0x35A60,
    0x35A60, 0x35A60, 0x35A60, 0x35A60, 0x35A60, 0x75F0F0, 0x35A60, 0x35A60,
    0x35A60, 0x35A60, 0x35A60, 0x35A60, 0x35A60, 0x35A60, 0x75CC70, 0x35A60,
    0x35A60, 0x35A60, 0x35A60, 0x35A60, 0x2B5500, 0x2B5500, 0x35A60, 0x35A60,
    0x35A60, 0x35A60, 0x35A60, 0x35A60, 0x35A60, 0x35A60, 0x35A60, 0x35A60,
    0x35A60, 0x35A60, 0x35A60, 0x75CC10, 0x35A60, 0x35A60, 0x35A60, 0x50AF0,
    0x14C4E0, 0x803FA0, 0x35A60, 0x35A60
};

/* PermanentMadness -172 vtable slot RVAs */
const UINT_PTR g_permanentMadnessVtableRVAs[172] = {
    0x59F0D0, 0x59F0C0, 0x59EFF0, 0x59EFE0, 0x50AF0, 0x722B30, 0x35A60, 0x75C5F0,
    0x35A60, 0x35A60, 0x35A60, 0x35A60, 0x35A60, 0x35A60, 0x35A60, 0x35A60,
    0x35A60, 0x35A60, 0x35A60, 0x35A60, 0x35A60, 0x35A60, 0x35A60, 0x35A60,
    0x35A60, 0x75C5C0, 0x35A60, 0x35A60, 0x804220, 0x26BD0, 0x803960, 0x803860,
    0x803740, 0x9BF70, 0x35A60, 0x35A60, 0x2B5500, 0x2B5500, 0x35A60, 0x35A60,
    0x35A60, 0x2B5500, 0x35A60, 0x35A60, 0x35A60, 0x35A60, 0x35A60, 0x35A60,
    0x35A60, 0x35A60, 0x35A60, 0x35A60, 0x35A60, 0x35A60, 0x35A60, 0x35A60,
    0x35A60, 0x35A60, 0x35A60, 0x9BE20, 0x35A60, 0x35A60, 0x35A60, 0x35A60,
    0x35A60, 0x35A60, 0x35A60, 0x35A60, 0x35A60, 0x35A60, 0x35A60, 0x35A60,
    0x35A60, 0x35A60, 0x35A60, 0x35A60, 0x35A60, 0x35A60, 0x35A60, 0x35A60,
    0x35A60, 0x75CC60, 0x35A60, 0x9BDF0, 0x35A60, 0x35A60, 0x35A60, 0x35A60,
    0x35A60, 0x35A60, 0x35A60, 0x35A60, 0x50AF0, 0x50AF0, 0x35A60, 0x35A60,
    0x35A60, 0x35A60, 0x35A60, 0x35A60, 0x35A60, 0x35A60, 0x35A60, 0x35A60,
    0x35A60, 0x35A60, 0x35A60, 0x35A60, 0x803F40, 0x35A60, 0x75CBE0, 0x75CBF0,
    0x9BB80, 0x75CC40, 0x35A60, 0x35A60, 0x35A60, 0x35A60, 0x35A60, 0x35A60,
    0x35A60, 0x35A60, 0x35A60, 0x35A60, 0x35A60, 0x35A60, 0x35A60, 0x35A60,
    0x35A60, 0x35A60, 0x35A60, 0x35A60, 0x35A60, 0x75F0F0, 0x35A60, 0x35A60,
    0x35A60, 0x35A60, 0x35A60, 0x35A60, 0x35A60, 0x35A60, 0x75CC70, 0x35A60,
    0x35A60, 0x35A60, 0x35A60, 0x35A60, 0x2B5500, 0x2B5500, 0x35A60, 0x35A60,
    0x35A60, 0x35A60, 0x35A60, 0x35A60, 0x35A60, 0x35A60, 0x35A60, 0x35A60,
    0x35A60, 0x35A60, 0x35A60, 0x75CC10, 0x35A60, 0x35A60, 0x35A60, 0x50AF0,
    0x14C4E0, 0x803FA0, 0x35A60, 0x35A60
};

/* Petrify -172 vtable slot RVAs */
const UINT_PTR g_petrifyVtableRVAs[172] = {
    0x5A11B0, 0x5A11A0, 0x5A10D0, 0x5A10C0, 0x3D18F0, 0x722BB0, 0x35A60, 0x75C5F0,
    0x35A60, 0x35A60, 0x35A60, 0x991C0, 0x35A60, 0x35A60, 0x35A60, 0x35A60,
    0x35A60, 0x35A60, 0x35A60, 0x35A60, 0x35A60, 0x35A60, 0x35A60, 0x35A60,
    0x35A60, 0x75C5C0, 0x35A60, 0x35A60, 0x804220, 0x26BD0, 0x803960, 0x803860,
    0x803740, 0x98390, 0x35A60, 0x35A60, 0x2B5500, 0x98CF0, 0x35A60, 0x35A60,
    0x35A60, 0x2B5500, 0x35A60, 0x35A60, 0x983A0, 0x98420, 0x35A60, 0x35A60,
    0x35A60, 0x35A60, 0x35A60, 0x35A60, 0x35A60, 0x35A60, 0x35A60, 0x35A60,
    0x35A60, 0x35A60, 0x35A60, 0x35A60, 0x35A60, 0x98DF0, 0x35A60, 0x35A60,
    0x35A60, 0x35A60, 0x35A60, 0x35A60, 0x35A60, 0x35A60, 0x35A60, 0x35A60,
    0x35A60, 0x35A60, 0x35A60, 0x35A60, 0x35A60, 0x35A60, 0x35A60, 0x35A60,
    0x35A60, 0x991B0, 0x35A60, 0x990C0, 0x35A60, 0x35A60, 0x35A60, 0x35A60,
    0x35A60, 0x35A60, 0x35A60, 0x35A60, 0x50AF0, 0x50AF0, 0x35A60, 0x35A60,
    0x35A60, 0x35A60, 0x35A60, 0x35A60, 0x35A60, 0x35A60, 0x35A60, 0x35A60,
    0x35A60, 0x35A60, 0x35A60, 0x35A60, 0x803F40, 0x35A60, 0x75CBE0, 0x75CBF0,
    0x97730, 0x75CC40, 0x35A60, 0x35A60, 0x35A60, 0x35A60, 0x35A60, 0x35A60,
    0x35A60, 0x35A60, 0x35A60, 0x35A60, 0x35A60, 0x35A60, 0x35A60, 0x35A60,
    0x35A60, 0x35A60, 0x35A60, 0x35A60, 0x35A60, 0x75F0F0, 0x35A60, 0x35A60,
    0x35A60, 0x35A60, 0x35A60, 0x35A60, 0x35A60, 0x35A60, 0x75CC70, 0x35A60,
    0x35A60, 0x35A60, 0x35A60, 0x35A60, 0x2B5500, 0x2B5500, 0x35A60, 0x35A60,
    0x35A60, 0x35A60, 0x35A60, 0x35A60, 0x35A60, 0x35A60, 0x35A60, 0x35A60,
    0x35A60, 0x35A60, 0x35A60, 0x75CC10, 0x35A60, 0x35A60, 0x35A60, 0x50AF0,
    0x14C4E0, 0x803FA0, 0x35A60, 0x35A60
};

/* PetrifyCharmed -172 vtable slot RVAs */
const UINT_PTR g_petrifyCharmedVtableRVAs[172] = {
    0x5A1070, 0x5A1060, 0x5A0F30, 0x5A0F20, 0x3D18F0, 0x722C30, 0x35A60, 0x75C5F0,
    0x35A60, 0x35A60, 0x35A60, 0x991C0, 0x35A60, 0x35A60, 0x35A60, 0x35A60,
    0x35A60, 0x35A60, 0x35A60, 0x35A60, 0x35A60, 0x35A60, 0x35A60, 0x35A60,
    0x35A60, 0x75C5C0, 0x35A60, 0x35A60, 0x804220, 0x26BD0, 0x803960, 0x803860,
    0x803740, 0x99580, 0x35A60, 0x35A60, 0x2B5500, 0x98CF0, 0x35A60, 0x35A60,
    0x35A60, 0x2B5500, 0x35A60, 0x35A60, 0x983A0, 0x99700, 0x35A60, 0x35A60,
    0x35A60, 0x35A60, 0x35A60, 0x35A60, 0x35A60, 0x35A60, 0x35A60, 0x35A60,
    0x35A60, 0x35A60, 0x35A60, 0x35A60, 0x35A60, 0x98DF0, 0x35A60, 0x35A60,
    0x35A60, 0x35A60, 0x35A60, 0x35A60, 0x35A60, 0x35A60, 0x35A60, 0x35A60,
    0x35A60, 0x35A60, 0x35A60, 0x35A60, 0x35A60, 0x35A60, 0x35A60, 0x35A60,
    0x35A60, 0x99830, 0x35A60, 0x998A0, 0x999B0, 0x35A60, 0x35A60, 0x35A60,
    0x35A60, 0x35A60, 0x35A60, 0x35A60, 0x50AF0, 0x50AF0, 0x35A60, 0x35A60,
    0x35A60, 0x35A60, 0x35A60, 0x35A60, 0x35A60, 0x35A60, 0x35A60, 0x35A60,
    0x35A60, 0x35A60, 0x35A60, 0x35A60, 0x803F40, 0x35A60, 0x75CBE0, 0x75CBF0,
    0x99780, 0x75CC40, 0x35A60, 0x35A60, 0x35A60, 0x35A60, 0x35A60, 0x35A60,
    0x35A60, 0x35A60, 0x35A60, 0x35A60, 0x35A60, 0x35A60, 0x35A60, 0x35A60,
    0x35A60, 0x35A60, 0x35A60, 0x35A60, 0x35A60, 0x75F0F0, 0x35A60, 0x35A60,
    0x35A60, 0x35A60, 0x35A60, 0x35A60, 0x35A60, 0x35A60, 0x75CC70, 0x35A60,
    0x35A60, 0x35A60, 0x35A60, 0x35A60, 0x2B5500, 0x2B5500, 0x35A60, 0x35A60,
    0x35A60, 0x35A60, 0x35A60, 0x35A60, 0x35A60, 0x35A60, 0x35A60, 0x35A60,
    0x35A60, 0x35A60, 0x35A60, 0x75CC10, 0x35A60, 0x35A60, 0x35A60, 0x50AF0,
    0x14C4E0, 0x803FA0, 0x99760, 0x35A60
};

/* Poison -172 vtable slot RVAs */
const UINT_PTR g_poisonVtableRVAs[172] = {
    0x5A0C80, 0x5A0C70, 0x5A0BA0, 0x5A0B90, 0x50AF0, 0x722CC0, 0x35A60, 0x75C5F0,
    0x35A60, 0x35A60, 0x35A60, 0x35A60, 0x35A60, 0x35A60, 0x35A60, 0x35A60,
    0x35A60, 0x35A60, 0x35A60, 0x35A60, 0x35A60, 0x35A60, 0x35A60, 0x35A60,
    0x35A60, 0x75C5C0, 0x35A60, 0x35A60, 0x804220, 0x26BD0, 0x803960, 0x803860,
    0x803740, 0x99B00, 0x35A60, 0x35A60, 0x99B30, 0x2B5500, 0x35A60, 0x35A60,
    0x35A60, 0x2B5500, 0x35A60, 0x35A60, 0x35A60, 0x35A60, 0x35A60, 0x35A60,
    0x35A60, 0x35A60, 0x35A60, 0x35A60, 0x35A60, 0x35A60, 0x35A60, 0x35A60,
    0x35A60, 0x35A60, 0x35A60, 0x35A60, 0x35A60, 0x35A60, 0x35A60, 0x99BD0,
    0x35A60, 0x35A60, 0x35A60, 0x35A60, 0x35A60, 0x35A60, 0x35A60, 0x35A60,
    0x35A60, 0x35A60, 0x35A60, 0x35A60, 0x35A60, 0x35A60, 0x35A60, 0x35A60,
    0x35A60, 0x75CC60, 0x35A60, 0x35A60, 0x35A60, 0x35A60, 0x35A60, 0x35A60,
    0x35A60, 0x35A60, 0x35A60, 0x35A60, 0x50AF0, 0x50AF0, 0x35A60, 0x35A60,
    0x35A60, 0x35A60, 0x35A60, 0x35A60, 0x35A60, 0x35A60, 0x35A60, 0x35A60,
    0x35A60, 0x35A60, 0x35A60, 0x35A60, 0x803F40, 0x35A60, 0x75CBE0, 0x75CBF0,
    0x75CC10, 0x75CC40, 0x35A60, 0x35A60, 0x35A60, 0x35A60, 0x35A60, 0x35A60,
    0x35A60, 0x35A60, 0x35A60, 0x35A60, 0x35A60, 0x35A60, 0x35A60, 0x35A60,
    0x35A60, 0x35A60, 0x35A60, 0x35A60, 0x35A60, 0x75F0F0, 0x35A60, 0x35A60,
    0x35A60, 0x35A60, 0x35A60, 0x35A60, 0x35A60, 0x35A60, 0x75CC70, 0x35A60,
    0x35A60, 0x35A60, 0x35A60, 0x35A60, 0x2B5500, 0x2B5500, 0x35A60, 0x35A60,
    0x35A60, 0x35A60, 0x35A60, 0x35A60, 0x35A60, 0x35A60, 0x35A60, 0x35A60,
    0x35A60, 0x35A60, 0x35A60, 0x75CC10, 0x35A60, 0x35A60, 0x35A60, 0x50AF0,
    0x14C4E0, 0x803FA0, 0x35A60, 0x35A60
};

/* PoisonLace -172 vtable slot RVAs */
const UINT_PTR g_poisonLaceVtableRVAs[172] = {
    0x584A60, 0x584A50, 0x584980, 0x584970, 0x50AF0, 0x722D40, 0x35A60, 0x75C5F0,
    0x35A60, 0x35A60, 0x35A60, 0x35A60, 0x35A60, 0x35A60, 0x35A60, 0x35A60,
    0x35A60, 0x35A60, 0x35A60, 0x35A60, 0x35A60, 0x35A60, 0x35A60, 0x35A60,
    0x35A60, 0x75C5C0, 0x35A60, 0x35A60, 0x804220, 0x26BD0, 0x803960, 0x803860,
    0x803740, 0x35A60, 0x35A60, 0x35A60, 0x2B5500, 0x2B5500, 0x35A60, 0x35A60,
    0x35A60, 0x2B5500, 0x35A60, 0x35A60, 0x35A60, 0x35A60, 0x35A60, 0x35A60,
    0x35A60, 0x35A60, 0x35A60, 0x35A60, 0x35A60, 0x35A60, 0x35A60, 0x35A60,
    0x35A60, 0x35A60, 0x35A60, 0x35A60, 0x35A60, 0x35A60, 0x35A60, 0x35A60,
    0x35A60, 0x35A60, 0x35A60, 0x35A60, 0x35A60, 0x35A60, 0x35A60, 0x35A60,
    0x35A60, 0x35A60, 0x35A60, 0x35A60, 0x35A60, 0x35A60, 0x35A60, 0x35A60,
    0x35A60, 0x75CC60, 0x35A60, 0x35A60, 0x35A60, 0x35A60, 0x35A60, 0x35A60,
    0x35A60, 0x2099B0, 0x35A60, 0x35A60, 0x50AF0, 0x50AF0, 0x35A60, 0x35A60,
    0x35A60, 0x35A60, 0x35A60, 0x35A60, 0x35A60, 0x35A60, 0x35A60, 0x35A60,
    0x35A60, 0x35A60, 0x35A60, 0x35A60, 0x803F40, 0x35A60, 0x75CBE0, 0x75CBF0,
    0x75CC10, 0x75CC40, 0x35A60, 0x35A60, 0x35A60, 0x35A60, 0x35A60, 0x35A60,
    0x35A60, 0x35A60, 0x35A60, 0x35A60, 0x35A60, 0x35A60, 0x35A60, 0x35A60,
    0x35A60, 0x35A60, 0x35A60, 0x35A60, 0x35A60, 0x75F0F0, 0x35A60, 0x35A60,
    0x35A60, 0x35A60, 0x35A60, 0x35A60, 0x35A60, 0x35A60, 0x75CC70, 0x35A60,
    0x35A60, 0x35A60, 0x35A60, 0x35A60, 0x2B5500, 0x2B5500, 0x35A60, 0x35A60,
    0x35A60, 0x35A60, 0x35A60, 0x35A60, 0x35A60, 0x35A60, 0x35A60, 0x35A60,
    0x35A60, 0x35A60, 0x35A60, 0x75CC10, 0x35A60, 0x35A60, 0x35A60, 0x50AF0,
    0x14C4E0, 0x803FA0, 0x35A60, 0x35A60
};

/* PoisonThorns -172 vtable slot RVAs */
const UINT_PTR g_poisonThornsVtableRVAs[172] = {
    0x59EAD0, 0x59EAC0, 0x59E9F0, 0x59E9E0, 0x50AF0, 0x722DC0, 0x35A60, 0x75C5F0,
    0x35A60, 0x35A60, 0x35A60, 0x35A60, 0x35A60, 0x35A60, 0x35A60, 0x35A60,
    0x35A60, 0x35A60, 0x35A60, 0x35A60, 0x35A60, 0x35A60, 0x35A60, 0x35A60,
    0x35A60, 0x75C5C0, 0x35A60, 0x35A60, 0x804220, 0x26BD0, 0x803960, 0x803860,
    0x803740, 0x9BF90, 0x35A60, 0x35A60, 0x2B5500, 0x2B5500, 0x35A60, 0x35A60,
    0x35A60, 0x2B5500, 0x35A60, 0x35A60, 0x35A60, 0x35A60, 0x35A60, 0x35A60,
    0x35A60, 0x35A60, 0x35A60, 0x35A60, 0x35A60, 0x35A60, 0x35A60, 0x35A60,
    0x35A60, 0x35A60, 0x35A60, 0x35A60, 0x35A60, 0x35A60, 0x35A60, 0x35A60,
    0x35A60, 0x35A60, 0x35A60, 0x35A60, 0x35A60, 0x35A60, 0x35A60, 0x35A60,
    0x35A60, 0x35A60, 0x35A60, 0x35A60, 0x35A60, 0x35A60, 0x35A60, 0x35A60,
    0x35A60, 0x75CC60, 0x35A60, 0x9C020, 0x35A60, 0x35A60, 0x35A60, 0x35A60,
    0x35A60, 0x35A60, 0x35A60, 0x35A60, 0x50AF0, 0x50AF0, 0x35A60, 0x35A60,
    0x35A60, 0x35A60, 0x35A60, 0x35A60, 0x35A60, 0x35A60, 0x35A60, 0x35A60,
    0x35A60, 0x35A60, 0x35A60, 0x35A60, 0x803F40, 0x35A60, 0x75CBE0, 0x75CBF0,
    0x75CC10, 0x75CC40, 0x35A60, 0x35A60, 0x35A60, 0x35A60, 0x35A60, 0x35A60,
    0x35A60, 0x35A60, 0x35A60, 0x35A60, 0x35A60, 0x35A60, 0x35A60, 0x35A60,
    0x35A60, 0x35A60, 0x35A60, 0x35A60, 0x35A60, 0x75F0F0, 0x35A60, 0x35A60,
    0x35A60, 0x35A60, 0x35A60, 0x35A60, 0x35A60, 0x35A60, 0x75CC70, 0x35A60,
    0x35A60, 0x35A60, 0x35A60, 0x35A60, 0x2B5500, 0x2B5500, 0x35A60, 0x35A60,
    0x35A60, 0x35A60, 0x35A60, 0x35A60, 0x35A60, 0x35A60, 0x35A60, 0x35A60,
    0x35A60, 0x35A60, 0x35A60, 0x75CC10, 0x35A60, 0x35A60, 0x35A60, 0x50AF0,
    0x14C4E0, 0x803FA0, 0x35A60, 0x35A60
};

/* Possessed -172 vtable slot RVAs */
const UINT_PTR g_possessedVtableRVAs[172] = {
    0x59EFA0, 0x59EF90, 0x59EEC0, 0x59EEB0, 0x50AF0, 0x722E40, 0x35A60, 0x75C5F0,
    0x35A60, 0x35A60, 0x35A60, 0x35A60, 0x35A60, 0x35A60, 0x35A60, 0x35A60,
    0x35A60, 0x35A60, 0x35A60, 0x35A60, 0x35A60, 0x35A60, 0x35A60, 0x35A60,
    0x35A60, 0x75C5C0, 0x35A60, 0x35A60, 0x804220, 0x26BD0, 0x803960, 0x803860,
    0x803740, 0x35A60, 0x35A60, 0x35A60, 0x2B5500, 0x9B610, 0x35A60, 0x35A60,
    0x35A60, 0x2B5500, 0x35A60, 0x35A60, 0x35A60, 0x35A60, 0x35A60, 0x35A60,
    0x35A60, 0x35A60, 0x35A60, 0x35A60, 0x35A60, 0x35A60, 0x35A60, 0x35A60,
    0x35A60, 0x35A60, 0x35A60, 0x35A60, 0x35A60, 0x35A60, 0x35A60, 0x35A60,
    0x35A60, 0x35A60, 0x35A60, 0x35A60, 0x35A60, 0x35A60, 0x35A60, 0x35A60,
    0x35A60, 0x35A60, 0x35A60, 0x35A60, 0x35A60, 0x35A60, 0x35A60, 0x35A60,
    0x35A60, 0x75CC60, 0x35A60, 0x9B670, 0x35A60, 0x35A60, 0x35A60, 0x35A60,
    0x35A60, 0x35A60, 0x35A60, 0x35A60, 0x50AF0, 0x50AF0, 0x35A60, 0x35A60,
    0x35A60, 0x35A60, 0x35A60, 0x35A60, 0x35A60, 0x35A60, 0x35A60, 0x35A60,
    0x35A60, 0x35A60, 0x35A60, 0x35A60, 0x803F40, 0x35A60, 0x75CBE0, 0x75CBF0,
    0x9B880, 0x75CC40, 0x35A60, 0x35A60, 0x35A60, 0x35A60, 0x35A60, 0x35A60,
    0x35A60, 0x35A60, 0x35A60, 0x35A60, 0x35A60, 0x35A60, 0x35A60, 0x35A60,
    0x35A60, 0x35A60, 0x35A60, 0x35A60, 0x35A60, 0x75F0F0, 0x35A60, 0x35A60,
    0x35A60, 0x35A60, 0x35A60, 0x35A60, 0x35A60, 0x35A60, 0x75CC70, 0x35A60,
    0x35A60, 0x35A60, 0x35A60, 0x35A60, 0x2B5500, 0x2B5500, 0x35A60, 0x35A60,
    0x35A60, 0x35A60, 0x35A60, 0x35A60, 0x35A60, 0x35A60, 0x35A60, 0x35A60,
    0x35A60, 0x35A60, 0x35A60, 0x75CC10, 0x35A60, 0x35A60, 0x35A60, 0x50AF0,
    0x14C4E0, 0x803FA0, 0x9B6C0, 0x35A60
};

/* PreEmptiveCounterNextAttacks -172 vtable slot RVAs */
const UINT_PTR g_preEmptiveCounterNextAttacksVtableRVAs[172] = {
    0x588F00, 0x588EF0, 0x588E20, 0x588E10, 0x50AF0, 0x722EC0, 0x35A60, 0x75C5F0,
    0x35A60, 0x35A60, 0x35A60, 0x35A60, 0x35A60, 0x35A60, 0x35A60, 0x35A60,
    0x35A60, 0x35A60, 0x35A60, 0x35A60, 0x35A60, 0x35A60, 0x35A60, 0x35A60,
    0x35A60, 0x75C5C0, 0x35A60, 0x35A60, 0x804220, 0x26BD0, 0x803960, 0x803860,
    0x803740, 0x35A60, 0x35A60, 0x35A60, 0x2B5500, 0x2B5500, 0x35A60, 0x35A60,
    0x35A60, 0x2B5500, 0x35A60, 0x35A60, 0x35A60, 0x35A60, 0x35A60, 0x35A60,
    0x35A60, 0x35A60, 0x35A60, 0x35A60, 0x18C130, 0x35A60, 0x35A60, 0x35A60,
    0x35A60, 0x35A60, 0x35A60, 0x35A60, 0x35A60, 0x35A60, 0x35A60, 0x35A60,
    0x35A60, 0x35A60, 0x35A60, 0x35A60, 0x35A60, 0x35A60, 0x35A60, 0x35A60,
    0x35A60, 0x35A60, 0x35A60, 0x35A60, 0x35A60, 0x35A60, 0x35A60, 0x35A60,
    0x35A60, 0x75CC60, 0x35A60, 0x35A60, 0x35A60, 0x35A60, 0x35A60, 0x35A60,
    0x35A60, 0x35A60, 0x35A60, 0x35A60, 0x50AF0, 0x50AF0, 0x35A60, 0x35A60,
    0x35A60, 0x35A60, 0x35A60, 0x35A60, 0x35A60, 0x35A60, 0x35A60, 0x35A60,
    0x35A60, 0x35A60, 0x35A60, 0x35A60, 0x803F40, 0x35A60, 0x75CBE0, 0x75CBF0,
    0x75CC10, 0x75CC40, 0x35A60, 0x35A60, 0x35A60, 0x35A60, 0x35A60, 0x35A60,
    0x35A60, 0x35A60, 0x35A60, 0x35A60, 0x35A60, 0x35A60, 0x35A60, 0x35A60,
    0x35A60, 0x35A60, 0x35A60, 0x35A60, 0x35A60, 0x75F0F0, 0x35A60, 0x35A60,
    0x35A60, 0x35A60, 0x35A60, 0x35A60, 0x35A60, 0x35A60, 0x75CC70, 0x35A60,
    0x35A60, 0x35A60, 0x35A60, 0x35A60, 0x2B5500, 0x2B5500, 0x35A60, 0x35A60,
    0x35A60, 0x35A60, 0x35A60, 0x35A60, 0x35A60, 0x35A60, 0x35A60, 0x35A60,
    0x35A60, 0x35A60, 0x35A60, 0x75CC10, 0x35A60, 0x35A60, 0x35A60, 0x50AF0,
    0x14C4E0, 0x803FA0, 0x35A60, 0x35A60
};

/* ProbeCharmed -172 vtable slot RVAs */
const UINT_PTR g_probeCharmedVtableRVAs[172] = {
    0x59F860, 0x59F850, 0x59F780, 0x59F770, 0x50AF0, 0x722F40, 0x35A60, 0x75C5F0,
    0x35A60, 0x35A60, 0x35A60, 0x35A60, 0x35A60, 0x35A60, 0x35A60, 0x35A60,
    0x35A60, 0x35A60, 0x35A60, 0x35A60, 0x35A60, 0x35A60, 0x35A60, 0x35A60,
    0x35A60, 0x75C5C0, 0x35A60, 0x35A60, 0x804220, 0x26BD0, 0x803960, 0x803860,
    0x803740, 0x35A60, 0x35A60, 0x35A60, 0x2B5500, 0x2B5500, 0x35A60, 0x35A60,
    0x35A60, 0x2B5500, 0x35A60, 0x35A60, 0x35A60, 0x9B600, 0x35A60, 0x35A60,
    0x35A60, 0x35A60, 0x35A60, 0x35A60, 0x35A60, 0x35A60, 0x35A60, 0x35A60,
    0x35A60, 0x35A60, 0x35A60, 0x35A60, 0x35A60, 0x35A60, 0x35A60, 0x35A60,
    0x9B420, 0x35A60, 0x35A60, 0x35A60, 0x35A60, 0x35A60, 0x35A60, 0x35A60,
    0x35A60, 0x35A60, 0x35A60, 0x35A60, 0x35A60, 0x35A60, 0x35A60, 0x35A60,
    0x35A60, 0x75CC60, 0x35A60, 0x9B2F0, 0x35A60, 0x35A60, 0x35A60, 0x35A60,
    0x35A60, 0x35A60, 0x35A60, 0x35A60, 0x50AF0, 0x50AF0, 0x35A60, 0x35A60,
    0x35A60, 0x35A60, 0x35A60, 0x35A60, 0x35A60, 0x35A60, 0x35A60, 0x35A60,
    0x35A60, 0x35A60, 0x35A60, 0x35A60, 0x803F40, 0x35A60, 0x75CBE0, 0x75CBF0,
    0x80560, 0x75CC40, 0x35A60, 0x35A60, 0x35A60, 0x35A60, 0x35A60, 0x35A60,
    0x35A60, 0x35A60, 0x35A60, 0x35A60, 0x35A60, 0x35A60, 0x35A60, 0x35A60,
    0x35A60, 0x35A60, 0x35A60, 0x35A60, 0x35A60, 0x75F0F0, 0x35A60, 0x35A60,
    0x35A60, 0x35A60, 0x35A60, 0x35A60, 0x35A60, 0x35A60, 0x75CC70, 0x35A60,
    0x35A60, 0x35A60, 0x35A60, 0x35A60, 0x2B5500, 0x2B5500, 0x35A60, 0x35A60,
    0x35A60, 0x35A60, 0x35A60, 0x35A60, 0x35A60, 0x35A60, 0x35A60, 0x35A60,
    0x35A60, 0x35A60, 0x35A60, 0x75CC10, 0x35A60, 0x35A60, 0x35A60, 0x50AF0,
    0x14C4E0, 0x803FA0, 0x9B3F0, 0x35A60
};

/* Quivered -172 vtable slot RVAs */
const UINT_PTR g_quiveredVtableRVAs[172] = {
    0x584F50, 0x584F40, 0x584E70, 0x584E60, 0x50AF0, 0x722FC0, 0x35A60, 0x75C5F0,
    0x35A60, 0x35A60, 0x35A60, 0x35A60, 0x35A60, 0x35A60, 0x35A60, 0x35A60,
    0x35A60, 0x35A60, 0x35A60, 0x35A60, 0x35A60, 0x35A60, 0x35A60, 0x35A60,
    0x35A60, 0x75C5C0, 0x35A60, 0x35A60, 0x804220, 0x26BD0, 0x803960, 0x803860,
    0x803740, 0x208980, 0x208990, 0x35A60, 0x2B5500, 0x2B5500, 0x35A60, 0x35A60,
    0x35A60, 0x2B5500, 0x35A60, 0x35A60, 0x35A60, 0x35A60, 0x35A60, 0x35A60,
    0x35A60, 0x35A60, 0x35A60, 0x35A60, 0x35A60, 0x35A60, 0x35A60, 0x35A60,
    0x35A60, 0x2089A0, 0x35A60, 0x35A60, 0x35A60, 0x35A60, 0x35A60, 0x35A60,
    0x35A60, 0x35A60, 0x35A60, 0x35A60, 0x35A60, 0x35A60, 0x35A60, 0x35A60,
    0x35A60, 0x35A60, 0x35A60, 0x35A60, 0x35A60, 0x35A60, 0x35A60, 0x35A60,
    0x35A60, 0x75CC60, 0x35A60, 0x35A60, 0x35A60, 0x35A60, 0x35A60, 0x35A60,
    0x35A60, 0x35A60, 0x35A60, 0x35A60, 0x50AF0, 0x50AF0, 0x35A60, 0x35A60,
    0x35A60, 0x35A60, 0x35A60, 0x35A60, 0x35A60, 0x35A60, 0x35A60, 0x35A60,
    0x35A60, 0x35A60, 0x35A60, 0x35A60, 0x803F40, 0x35A60, 0x75CBE0, 0x75CBF0,
    0x75CC10, 0x75CC40, 0x35A60, 0x35A60, 0x35A60, 0x35A60, 0x35A60, 0x35A60,
    0x35A60, 0x35A60, 0x35A60, 0x35A60, 0x35A60, 0x208AE0, 0x35A60, 0x35A60,
    0x35A60, 0x35A60, 0x35A60, 0x35A60, 0x35A60, 0x75F0F0, 0x35A60, 0x35A60,
    0x35A60, 0x35A60, 0x35A60, 0x35A60, 0x35A60, 0x35A60, 0x75CC70, 0x35A60,
    0x35A60, 0x35A60, 0x35A60, 0x35A60, 0x2B5500, 0x2B5500, 0x35A60, 0x35A60,
    0x35A60, 0x35A60, 0x35A60, 0x35A60, 0x35A60, 0x35A60, 0x35A60, 0x35A60,
    0x35A60, 0x35A60, 0x35A60, 0x75CC10, 0x35A60, 0x35A60, 0x35A60, 0x50AF0,
    0x14C4E0, 0x803FA0, 0x35A60, 0x35A60
};

/* RangeUp -172 vtable slot RVAs */
const UINT_PTR g_rangeUpVtableRVAs[172] = {
    0x5634E0, 0x5634D0, 0x563400, 0x5633F0, 0x50AF0, 0x723040, 0x35A60, 0x75C5F0,
    0x35A60, 0x35A60, 0x35A60, 0x35A60, 0x35A60, 0x35A60, 0x35A60, 0x35A60,
    0x35A60, 0x35A60, 0x35A60, 0x35A60, 0x35A60, 0x35A60, 0x35A60, 0x35A60,
    0x35A60, 0x75C5C0, 0x35A60, 0x35A60, 0x804220, 0x26BD0, 0x803960, 0x803860,
    0x803740, 0x35A60, 0x35A60, 0x35A60, 0x2B5500, 0x2B5500, 0x35A60, 0x35A60,
    0x35A60, 0x2B5500, 0x35A60, 0x35A60, 0x35A60, 0x35A60, 0x35A60, 0x35A60,
    0x35A60, 0x35A60, 0x35A60, 0x35A60, 0x35A60, 0x35A60, 0x35A60, 0x35A60,
    0x35A60, 0x35A60, 0x35A60, 0x35A60, 0x35A60, 0x35A60, 0x35A60, 0x35A60,
    0x35A60, 0x35A60, 0x35A60, 0x35A60, 0x35A60, 0x35A60, 0x35A60, 0x35A60,
    0x35A60, 0x35A60, 0x35A60, 0x35A60, 0x35A60, 0x35A60, 0x35A60, 0x35A60,
    0x35A60, 0x75CC60, 0x35A60, 0x803690, 0x35A60, 0x35A60, 0x35A60, 0x35A60,
    0x35A60, 0x35A60, 0x35A60, 0x35A60, 0x50AF0, 0x50AF0, 0x35A60, 0x35A60,
    0x35A60, 0x35A60, 0x35A60, 0x35A60, 0x35A60, 0x35A60, 0x35A60, 0x35A60,
    0x35A60, 0x35A60, 0x35A60, 0x35A60, 0x803F40, 0x35A60, 0x75CBE0, 0x75CBF0,
    0x75CC10, 0x75CC40, 0x35A60, 0x35A60, 0x35A60, 0x35A60, 0x35A60, 0x35A60,
    0x35A60, 0x35A60, 0x35A60, 0x35A60, 0x35A60, 0x35A60, 0x35A60, 0x35A60,
    0x35A60, 0x35A60, 0x35A60, 0x35A60, 0x35A60, 0x75F0F0, 0x35A60, 0x35A60,
    0x35A60, 0x35A60, 0x35A60, 0x35A60, 0x35A60, 0x35A60, 0x75CC70, 0x35A60,
    0x35A60, 0x35A60, 0x35A60, 0x35A60, 0x2B5500, 0x2B5500, 0x35A60, 0x35A60,
    0x35A60, 0x35A60, 0x35A60, 0x35A60, 0x35A60, 0x35A60, 0x35A60, 0x35A60,
    0x35A60, 0x35A60, 0x35A60, 0x75CC10, 0x35A60, 0x35A60, 0x35A60, 0x50AF0,
    0x14C4E0, 0x803FA0, 0x35A60, 0x35A60
};

/* Reduce -172 vtable slot RVAs */
const UINT_PTR g_reduceVtableRVAs[172] = {
    0x57F430, 0x57F420, 0x57F350, 0x57F340, 0x50AF0, 0x7230C0, 0x35A60, 0x75C5F0,
    0x35A60, 0x35A60, 0x35A60, 0x35A60, 0x35A60, 0x35A60, 0x35A60, 0x35A60,
    0x35A60, 0x35A60, 0x35A60, 0x35A60, 0x35A60, 0x35A60, 0x35A60, 0x35A60,
    0x35A60, 0x75C5C0, 0x35A60, 0x35A60, 0x804220, 0x26BD0, 0x803960, 0x803860,
    0x803740, 0x217520, 0x35A60, 0x35A60, 0x2B5500, 0x2B5500, 0x35A60, 0x35A60,
    0x35A60, 0x2B5500, 0x35A60, 0x35A60, 0x35A60, 0x2177F0, 0x35A60, 0x35A60,
    0x35A60, 0x35A60, 0x35A60, 0x35A60, 0x35A60, 0x35A60, 0x35A60, 0x35A60,
    0x35A60, 0x35A60, 0x35A60, 0x35A60, 0x35A60, 0x35A60, 0x35A60, 0x217D80,
    0x35A60, 0x35A60, 0x35A60, 0x35A60, 0x35A60, 0x35A60, 0x35A60, 0x35A60,
    0x35A60, 0x35A60, 0x35A60, 0x35A60, 0x35A60, 0x35A60, 0x35A60, 0x35A60,
    0x35A60, 0x75CC60, 0x35A60, 0x217E70, 0x35A60, 0x35A60, 0x35A60, 0x35A60,
    0x35A60, 0x35A60, 0x35A60, 0x35A60, 0x50AF0, 0x50AF0, 0x35A60, 0x35A60,
    0x35A60, 0x35A60, 0x35A60, 0x35A60, 0x35A60, 0x35A60, 0x35A60, 0x35A60,
    0x35A60, 0x35A60, 0x35A60, 0x35A60, 0x803F40, 0x35A60, 0x75CBE0, 0x75CBF0,
    0x75CC10, 0x75CC40, 0x35A60, 0x35A60, 0x35A60, 0x35A60, 0x35A60, 0x35A60,
    0x35A60, 0x35A60, 0x35A60, 0x35A60, 0x35A60, 0x35A60, 0x35A60, 0x35A60,
    0x35A60, 0x35A60, 0x35A60, 0x35A60, 0x35A60, 0x75F0F0, 0x35A60, 0x35A60,
    0x35A60, 0x35A60, 0x35A60, 0x35A60, 0x35A60, 0x35A60, 0x75CC70, 0x35A60,
    0x35A60, 0x35A60, 0x35A60, 0x35A60, 0x2B5500, 0x2B5500, 0x35A60, 0x35A60,
    0x35A60, 0x35A60, 0x35A60, 0x35A60, 0x35A60, 0x35A60, 0x35A60, 0x35A60,
    0x35A60, 0x35A60, 0x35A60, 0x75CC10, 0x35A60, 0x35A60, 0x35A60, 0x50AF0,
    0x14C4E0, 0x803FA0, 0x217AA0, 0x35A60
};

/* ReduceManaCost -172 vtable slot RVAs */
const UINT_PTR g_reduceManaCostVtableRVAs[172] = {
    0x5982D0, 0x5982C0, 0x5981F0, 0x5981E0, 0x50AF0, 0x723140, 0x35A60, 0x75C5F0,
    0x35A60, 0x35A60, 0x35A60, 0x35A60, 0x35A60, 0x35A60, 0x35A60, 0x35A60,
    0x35A60, 0x35A60, 0x35A60, 0x35A60, 0x35A60, 0x35A60, 0x35A60, 0x35A60,
    0x35A60, 0x75C5C0, 0x35A60, 0x35A60, 0x804220, 0x26BD0, 0x803960, 0x803860,
    0x803740, 0x35A60, 0x35A60, 0x35A60, 0x2B5500, 0x2B5500, 0x35A60, 0x35A60,
    0x35A60, 0x2B5500, 0x35A60, 0x35A60, 0x35A60, 0x35A60, 0x35A60, 0x35A60,
    0x35A60, 0x35A60, 0x35A60, 0x35A60, 0x35A60, 0x35A60, 0x35A60, 0x35A60,
    0x35A60, 0x35A60, 0x35A60, 0x35A60, 0x35A60, 0x35A60, 0x35A60, 0x35A60,
    0x35A60, 0x35A60, 0x35A60, 0x35A60, 0x35A60, 0x35A60, 0x35A60, 0x35A60,
    0x35A60, 0x35A60, 0x35A60, 0x35A60, 0x35A60, 0x35A60, 0x35A60, 0x35A60,
    0x35A60, 0x75CC60, 0x35A60, 0x35A60, 0x35A60, 0x35A60, 0x35A60, 0x35A60,
    0x35A60, 0x143BD0, 0x35A60, 0x35A60, 0x50AF0, 0x50AF0, 0x35A60, 0x35A60,
    0x35A60, 0x35A60, 0x35A60, 0x35A60, 0x35A60, 0x35A60, 0x35A60, 0x35A60,
    0x35A60, 0x35A60, 0x35A60, 0x35A60, 0x803F40, 0x35A60, 0x75CBE0, 0x75CBF0,
    0x75CC10, 0x75CC40, 0x35A60, 0x35A60, 0x35A60, 0x35A60, 0x35A60, 0x35A60,
    0x35A60, 0x35A60, 0x35A60, 0x35A60, 0x35A60, 0x35A60, 0x35A60, 0x35A60,
    0x35A60, 0x35A60, 0x35A60, 0x35A60, 0x35A60, 0x75F0F0, 0x35A60, 0x35A60,
    0x35A60, 0x35A60, 0x35A60, 0x35A60, 0x35A60, 0x35A60, 0x75CC70, 0x35A60,
    0x35A60, 0x35A60, 0x35A60, 0x35A60, 0x2B5500, 0x2B5500, 0x35A60, 0x35A60,
    0x35A60, 0x35A60, 0x35A60, 0x35A60, 0x35A60, 0x35A60, 0x35A60, 0x35A60,
    0x35A60, 0x35A60, 0x35A60, 0x75CC10, 0x35A60, 0x35A60, 0x35A60, 0x50AF0,
    0x14C4E0, 0x803FA0, 0x35A60, 0x35A60
};

/* ReduceManaCostExcludeBrainstorm -172 vtable slot RVAs */
const UINT_PTR g_reduceManaCostExcludeBrainstormVtableRVAs[172] = {
    0x598160, 0x598150, 0x598080, 0x598070, 0x50AF0, 0x7231C0, 0x35A60, 0x75C5F0,
    0x35A60, 0x35A60, 0x35A60, 0x35A60, 0x35A60, 0x35A60, 0x35A60, 0x35A60,
    0x35A60, 0x35A60, 0x35A60, 0x35A60, 0x35A60, 0x35A60, 0x35A60, 0x35A60,
    0x35A60, 0x75C5C0, 0x35A60, 0x35A60, 0x804220, 0x26BD0, 0x803960, 0x803860,
    0x803740, 0x35A60, 0x35A60, 0x35A60, 0x2B5500, 0x2B5500, 0x35A60, 0x35A60,
    0x35A60, 0x2B5500, 0x35A60, 0x35A60, 0x35A60, 0x35A60, 0x35A60, 0x35A60,
    0x35A60, 0x35A60, 0x35A60, 0x35A60, 0x35A60, 0x35A60, 0x35A60, 0x35A60,
    0x35A60, 0x35A60, 0x35A60, 0x35A60, 0x35A60, 0x35A60, 0x35A60, 0x35A60,
    0x35A60, 0x35A60, 0x35A60, 0x35A60, 0x35A60, 0x35A60, 0x35A60, 0x35A60,
    0x35A60, 0x35A60, 0x35A60, 0x35A60, 0x35A60, 0x35A60, 0x35A60, 0x35A60,
    0x35A60, 0x75CC60, 0x35A60, 0x35A60, 0x35A60, 0x35A60, 0x35A60, 0x35A60,
    0x35A60, 0x143BF0, 0x35A60, 0x35A60, 0x50AF0, 0x50AF0, 0x35A60, 0x35A60,
    0x35A60, 0x35A60, 0x35A60, 0x35A60, 0x35A60, 0x35A60, 0x35A60, 0x35A60,
    0x35A60, 0x35A60, 0x35A60, 0x35A60, 0x803F40, 0x35A60, 0x75CBE0, 0x75CBF0,
    0x75CC10, 0x75CC40, 0x35A60, 0x35A60, 0x35A60, 0x35A60, 0x35A60, 0x35A60,
    0x35A60, 0x35A60, 0x35A60, 0x35A60, 0x35A60, 0x35A60, 0x35A60, 0x35A60,
    0x35A60, 0x35A60, 0x35A60, 0x35A60, 0x35A60, 0x75F0F0, 0x35A60, 0x35A60,
    0x35A60, 0x35A60, 0x35A60, 0x35A60, 0x35A60, 0x35A60, 0x75CC70, 0x35A60,
    0x35A60, 0x35A60, 0x35A60, 0x35A60, 0x2B5500, 0x2B5500, 0x35A60, 0x35A60,
    0x35A60, 0x35A60, 0x35A60, 0x35A60, 0x35A60, 0x35A60, 0x35A60, 0x35A60,
    0x35A60, 0x35A60, 0x35A60, 0x75CC10, 0x35A60, 0x35A60, 0x35A60, 0x50AF0,
    0x14C4E0, 0x803FA0, 0x35A60, 0x35A60
};

/* Reflect -172 vtable slot RVAs */
const UINT_PTR g_reflectVtableRVAs[172] = {
    0x59DE50, 0x59DE40, 0x59DD70, 0x59DD60, 0x50AF0, 0x723240, 0x35A60, 0x75C5F0,
    0x35A60, 0x35A60, 0x35A60, 0x35A60, 0x35A60, 0x35A60, 0x35A60, 0x35A60,
    0x35A60, 0x35A60, 0x35A60, 0x35A60, 0x35A60, 0x35A60, 0x35A60, 0x35A60,
    0x35A60, 0x75C5C0, 0x35A60, 0x35A60, 0x804220, 0x26BD0, 0x803960, 0x803860,
    0x803740, 0x35A60, 0x35A60, 0x35A60, 0x2B5500, 0x2B5500, 0x35A60, 0x35A60,
    0x35A60, 0x2B5500, 0x35A60, 0x35A60, 0x35A60, 0x35A60, 0x35A60, 0x35A60,
    0x35A60, 0x35A60, 0x35A60, 0x35A60, 0x35A60, 0x35A60, 0x35A60, 0x35A60,
    0x35A60, 0x35A60, 0x35A60, 0x35A60, 0x35A60, 0x35A60, 0x35A60, 0x35A60,
    0x35A60, 0x35A60, 0x35A60, 0x35A60, 0x35A60, 0x35A60, 0x35A60, 0x35A60,
    0x35A60, 0x35A60, 0x35A60, 0x35A60, 0x35A60, 0x35A60, 0x35A60, 0x35A60,
    0x35A60, 0x75CC60, 0x35A60, 0x35A60, 0x35A60, 0x35A60, 0x35A60, 0x35A60,
    0x35A60, 0x35A60, 0x35A60, 0x35A60, 0x50AF0, 0x50AF0, 0x35A60, 0x35A60,
    0x35A60, 0x35A60, 0x35A60, 0x35A60, 0x35A60, 0x35A60, 0x35A60, 0x35A60,
    0x35A60, 0x35A60, 0x35A60, 0x35A60, 0x803F40, 0x35A60, 0x75CBE0, 0x75CBF0,
    0x75CC10, 0x75CC40, 0x35A60, 0x35A60, 0x35A60, 0x35A60, 0x35A60, 0x35A60,
    0x35A60, 0x35A60, 0x35A60, 0x35A60, 0x35A60, 0x35A60, 0x35A60, 0x35A60,
    0x35A60, 0x35A60, 0x9E3D0, 0x35A60, 0x35A60, 0x75F0F0, 0x35A60, 0x35A60,
    0x35A60, 0x35A60, 0x35A60, 0x35A60, 0x35A60, 0x35A60, 0x75CC70, 0x35A60,
    0x35A60, 0x35A60, 0x35A60, 0x35A60, 0x2B5500, 0x2B5500, 0x35A60, 0x35A60,
    0x35A60, 0x35A60, 0x35A60, 0x35A60, 0x35A60, 0x35A60, 0x35A60, 0x35A60,
    0x35A60, 0x35A60, 0x35A60, 0x75CC10, 0x35A60, 0x35A60, 0x35A60, 0x50AF0,
    0x14C4E0, 0x803FA0, 0x35A60, 0x35A60
};

/* ReplaceNextBasicMove -172 vtable slot RVAs */
const UINT_PTR g_replaceNextBasicMoveVtableRVAs[172] = {
    0x5976F0, 0x5976E0, 0x597610, 0x597600, 0x50AF0, 0x7232C0, 0x35A60, 0x75C5F0,
    0x35A60, 0x35A60, 0x35A60, 0x35A60, 0x35A60, 0x35A60, 0x35A60, 0x35A60,
    0x35A60, 0x35A60, 0x35A60, 0x35A60, 0x35A60, 0x35A60, 0x35A60, 0x35A60,
    0x35A60, 0x75C5C0, 0x35A60, 0x35A60, 0x804220, 0x26BD0, 0x803960, 0x803860,
    0x803740, 0x144270, 0x35A60, 0x35A60, 0x2B5500, 0x2B5500, 0x35A60, 0x35A60,
    0x35A60, 0x2B5500, 0x35A60, 0x35A60, 0x35A60, 0x35A60, 0x35A60, 0x35A60,
    0x35A60, 0x35A60, 0x35A60, 0x35A60, 0x35A60, 0x35A60, 0x35A60, 0x35A60,
    0x144280, 0x1441D0, 0x35A60, 0x35A60, 0x35A60, 0x35A60, 0x35A60, 0x35A60,
    0x35A60, 0x35A60, 0x35A60, 0x35A60, 0x35A60, 0x35A60, 0x35A60, 0x35A60,
    0x35A60, 0x35A60, 0x35A60, 0x35A60, 0x35A60, 0x35A60, 0x35A60, 0x35A60,
    0x35A60, 0x75CC60, 0x35A60, 0x35A60, 0x1442A0, 0x35A60, 0x35A60, 0x35A60,
    0x35A60, 0x35A60, 0x35A60, 0x35A60, 0x50AF0, 0x50AF0, 0x35A60, 0x35A60,
    0x35A60, 0x35A60, 0x35A60, 0x35A60, 0x35A60, 0x35A60, 0x35A60, 0x35A60,
    0x35A60, 0x35A60, 0x35A60, 0x35A60, 0x803F40, 0x35A60, 0x75CBE0, 0x75CBF0,
    0x75CC10, 0x75CC40, 0x35A60, 0x35A60, 0x35A60, 0x35A60, 0x35A60, 0x35A60,
    0x35A60, 0x35A60, 0x35A60, 0x35A60, 0x35A60, 0x35A60, 0x35A60, 0x35A60,
    0x35A60, 0x35A60, 0x35A60, 0x35A60, 0x35A60, 0x75F0F0, 0x35A60, 0x35A60,
    0x35A60, 0x35A60, 0x35A60, 0x35A60, 0x35A60, 0x35A60, 0x75CC70, 0x35A60,
    0x35A60, 0x35A60, 0x35A60, 0x35A60, 0x2B5500, 0x2B5500, 0x35A60, 0x35A60,
    0x35A60, 0x35A60, 0x35A60, 0x35A60, 0x35A60, 0x35A60, 0x35A60, 0x35A60,
    0x35A60, 0x35A60, 0x35A60, 0x75CC10, 0x35A60, 0x35A60, 0x35A60, 0x50AF0,
    0x14C4E0, 0x803FA0, 0x35A60, 0x35A60
};

/* ReviveNextRound -172 vtable slot RVAs */
const UINT_PTR g_reviveNextRoundVtableRVAs[172] = {
    0x5969A0, 0x596990, 0x5968C0, 0x5968B0, 0x50AF0, 0x723340, 0x35A60, 0x75C5F0,
    0x35A60, 0x35A60, 0x35A60, 0x35A60, 0x35A60, 0x35A60, 0x35A60, 0x35A60,
    0x35A60, 0x35A60, 0x35A60, 0x35A60, 0x35A60, 0x35A60, 0x35A60, 0x35A60,
    0x35A60, 0x75C5C0, 0x35A60, 0x35A60, 0x804220, 0x26BD0, 0x803960, 0x803860,
    0x803740, 0x9E460, 0x35A60, 0x35A60, 0x2B5500, 0x2B5500, 0x35A60, 0x145750,
    0x35A60, 0x2B5500, 0x35A60, 0x35A60, 0x35A60, 0x35A60, 0x35A60, 0x35A60,
    0x35A60, 0x35A60, 0x35A60, 0x35A60, 0x35A60, 0x35A60, 0x35A60, 0x35A60,
    0x35A60, 0x35A60, 0x35A60, 0x35A60, 0x35A60, 0x35A60, 0x35A60, 0x35A60,
    0x35A60, 0x35A60, 0x35A60, 0x35A60, 0x35A60, 0x35A60, 0x35A60, 0x35A60,
    0x35A60, 0x35A60, 0x35A60, 0x35A60, 0x35A60, 0x35A60, 0x35A60, 0x35A60,
    0x35A60, 0x75CC60, 0x35A60, 0x35A60, 0x35A60, 0x35A60, 0x35A60, 0x35A60,
    0x35A60, 0x35A60, 0x35A60, 0x35A60, 0x50AF0, 0x50AF0, 0x35A60, 0x35A60,
    0x35A60, 0x35A60, 0x35A60, 0x35A60, 0x35A60, 0x35A60, 0x35A60, 0x35A60,
    0x35A60, 0x35A60, 0x35A60, 0x35A60, 0x803F40, 0x35A60, 0x75CBE0, 0x75CBF0,
    0x75CC10, 0x75CC40, 0x35A60, 0x35A60, 0x35A60, 0x35A60, 0x35A60, 0x35A60,
    0x35A60, 0x35A60, 0x35A60, 0x35A60, 0x35A60, 0x35A60, 0x35A60, 0x35A60,
    0x35A60, 0x35A60, 0x35A60, 0x35A60, 0x35A60, 0x75F0F0, 0x35A60, 0x35A60,
    0x35A60, 0x35A60, 0x35A60, 0x35A60, 0x35A60, 0x35A60, 0x75CC70, 0x35A60,
    0x35A60, 0x35A60, 0x35A60, 0x35A60, 0x2B5500, 0x2B5500, 0x35A60, 0x35A60,
    0x35A60, 0x35A60, 0x35A60, 0x35A60, 0x35A60, 0x35A60, 0x35A60, 0x35A60,
    0x35A60, 0x35A60, 0x35A60, 0x75CC10, 0x35A60, 0x35A60, 0x35A60, 0x50AF0,
    0x14C4E0, 0x803FA0, 0x35A60, 0x35A60
};

/* Rot -172 vtable slot RVAs */
const UINT_PTR g_rotVtableRVAs[172] = {
    0x59B180, 0x59B170, 0x59B0A0, 0x59B090, 0x50AF0, 0x7233C0, 0x35A60, 0x75C5F0,
    0x35A60, 0x35A60, 0x35A60, 0x35A60, 0x35A60, 0x35A60, 0x35A60, 0x35A60,
    0x35A60, 0x35A60, 0x35A60, 0x35A60, 0x35A60, 0x35A60, 0x35A60, 0x35A60,
    0x35A60, 0x75C5C0, 0x35A60, 0x35A60, 0x804220, 0x26BD0, 0x803960, 0x803860,
    0x803740, 0x9E460, 0x35A60, 0x35A60, 0x2B5500, 0xB13C0, 0x35A60, 0x35A60,
    0x35A60, 0x2B5500, 0x35A60, 0x35A60, 0x35A60, 0x35A60, 0x35A60, 0x35A60,
    0x35A60, 0x35A60, 0x35A60, 0x35A60, 0x35A60, 0x35A60, 0x35A60, 0x35A60,
    0x35A60, 0x35A60, 0x35A60, 0x35A60, 0x35A60, 0x35A60, 0x35A60, 0xB14E0,
    0x35A60, 0x35A60, 0x35A60, 0x35A60, 0x35A60, 0x35A60, 0x35A60, 0x35A60,
    0x35A60, 0x35A60, 0x35A60, 0x35A60, 0x35A60, 0x35A60, 0x35A60, 0x35A60,
    0x35A60, 0x75CC60, 0x35A60, 0x35A60, 0x35A60, 0x35A60, 0x35A60, 0x35A60,
    0x35A60, 0x35A60, 0x35A60, 0x35A60, 0xB16E0, 0x50AF0, 0x35A60, 0x35A60,
    0x35A60, 0x35A60, 0x35A60, 0x35A60, 0x35A60, 0x35A60, 0x35A60, 0x35A60,
    0x35A60, 0x35A60, 0x35A60, 0x35A60, 0x803F40, 0x35A60, 0x75CBE0, 0x75CBF0,
    0x75CC10, 0x75CC40, 0x35A60, 0x35A60, 0x35A60, 0x35A60, 0x35A60, 0x35A60,
    0x35A60, 0x35A60, 0x35A60, 0x35A60, 0x35A60, 0x35A60, 0x35A60, 0x35A60,
    0x35A60, 0x35A60, 0x35A60, 0x35A60, 0x35A60, 0x75F0F0, 0x35A60, 0x35A60,
    0x35A60, 0x35A60, 0x35A60, 0x35A60, 0x35A60, 0x35A60, 0x75CC70, 0x35A60,
    0x35A60, 0x35A60, 0x35A60, 0x35A60, 0x2B5500, 0x2B5500, 0x35A60, 0x35A60,
    0x35A60, 0x35A60, 0x35A60, 0x35A60, 0x35A60, 0x35A60, 0x35A60, 0x35A60,
    0x35A60, 0x35A60, 0x35A60, 0x75CC10, 0x35A60, 0x35A60, 0x35A60, 0x50AF0,
    0x14C4E0, 0x803FA0, 0x9BE00, 0x35A60
};

/* SafeDoomed -172 vtable slot RVAs */
const UINT_PTR g_safeDoomedVtableRVAs[172] = {
    0x59D3F0, 0x59D3E0, 0x59D310, 0x59D300, 0x50AF0, 0x723440, 0x35A60, 0x75C5F0,
    0x35A60, 0x35A60, 0x35A60, 0x35A60, 0x35A60, 0x35A60, 0x35A60, 0x35A60,
    0x35A60, 0x35A60, 0x35A60, 0x35A60, 0x35A60, 0x35A60, 0x35A60, 0x35A60,
    0x35A60, 0x75C5C0, 0x35A60, 0x35A60, 0x804220, 0x26BD0, 0x803960, 0x803860,
    0x803740, 0x35A60, 0x35A60, 0x35A60, 0x2B5500, 0x9EF90, 0x35A60, 0x35A60,
    0x35A60, 0x2B5500, 0x35A60, 0x35A60, 0x35A60, 0x35A60, 0x35A60, 0x35A60,
    0x35A60, 0x35A60, 0x35A60, 0x35A60, 0x35A60, 0x35A60, 0x35A60, 0x35A60,
    0x35A60, 0x35A60, 0x35A60, 0x35A60, 0x35A60, 0x35A60, 0x35A60, 0x35A60,
    0x35A60, 0x35A60, 0x35A60, 0x35A60, 0x35A60, 0x35A60, 0x35A60, 0x35A60,
    0x35A60, 0x35A60, 0x35A60, 0x35A60, 0x35A60, 0x35A60, 0x35A60, 0x35A60,
    0x35A60, 0x75CC60, 0x35A60, 0x35A60, 0x35A60, 0x35A60, 0x35A60, 0x35A60,
    0x35A60, 0x35A60, 0x35A60, 0x35A60, 0x50AF0, 0x50AF0, 0x35A60, 0x35A60,
    0x35A60, 0x35A60, 0x35A60, 0x35A60, 0x35A60, 0x35A60, 0x35A60, 0x35A60,
    0x35A60, 0x35A60, 0x35A60, 0x35A60, 0x803F40, 0x35A60, 0x75CBE0, 0x75CBF0,
    0x75CC10, 0x75CC40, 0x35A60, 0x35A60, 0x35A60, 0x35A60, 0x35A60, 0x35A60,
    0x35A60, 0x35A60, 0x35A60, 0x35A60, 0x35A60, 0x35A60, 0x35A60, 0x35A60,
    0x35A60, 0x35A60, 0x35A60, 0x35A60, 0x35A60, 0x75F0F0, 0x35A60, 0x35A60,
    0x35A60, 0x35A60, 0x35A60, 0x35A60, 0x35A60, 0x35A60, 0x75CC70, 0x35A60,
    0x35A60, 0x35A60, 0x35A60, 0x35A60, 0x2B5500, 0x2B5500, 0x35A60, 0x35A60,
    0x35A60, 0x35A60, 0x35A60, 0x35A60, 0x35A60, 0x35A60, 0x35A60, 0x35A60,
    0x35A60, 0x35A60, 0x35A60, 0x75CC10, 0x35A60, 0x35A60, 0x35A60, 0x50AF0,
    0x14C4E0, 0x803FA0, 0x35A60, 0x35A60
};

/* Scrambled -172 vtable slot RVAs */
const UINT_PTR g_scrambledVtableRVAs[172] = {
    0x59C8F0, 0x59C8E0, 0x59C810, 0x59C800, 0x50AF0, 0x7234C0, 0x35A60, 0x75C5F0,
    0x35A60, 0x35A60, 0x35A60, 0x35A60, 0x35A60, 0x35A60, 0x35A60, 0x35A60,
    0x35A60, 0x35A60, 0x35A60, 0x35A60, 0x35A60, 0x35A60, 0x35A60, 0x35A60,
    0x35A60, 0x75C5C0, 0x35A60, 0x35A60, 0x804220, 0x26BD0, 0x803960, 0x803860,
    0x803740, 0x9F970, 0x35A60, 0xA00B0, 0x2B5500, 0x2B5500, 0x35A60, 0x35A60,
    0x35A60, 0x2B5500, 0x35A60, 0x35A60, 0x35A60, 0x35A60, 0x35A60, 0x35A60,
    0x35A60, 0x35A60, 0x35A60, 0x35A60, 0x35A60, 0x35A60, 0x35A60, 0x35A60,
    0x35A60, 0x35A60, 0x35A60, 0x35A60, 0x35A60, 0x35A60, 0x35A60, 0x35A60,
    0x35A60, 0x35A60, 0x35A60, 0x35A60, 0x35A60, 0x35A60, 0x35A60, 0x35A60,
    0x35A60, 0x35A60, 0x35A60, 0x35A60, 0x35A60, 0x35A60, 0x35A60, 0x35A60,
    0x35A60, 0x75CC60, 0x35A60, 0x35A60, 0x35A60, 0x35A60, 0x9FDB0, 0x35A60,
    0x35A60, 0x35A60, 0x35A60, 0x35A60, 0x50AF0, 0x50AF0, 0x35A60, 0x35A60,
    0x35A60, 0x35A60, 0x35A60, 0x35A60, 0x35A60, 0x35A60, 0x35A60, 0x35A60,
    0x35A60, 0x35A60, 0x35A60, 0x35A60, 0x803F40, 0x35A60, 0x75CBE0, 0x75CBF0,
    0x75CC10, 0x75CC40, 0x35A60, 0x35A60, 0x35A60, 0x35A60, 0x35A60, 0x35A60,
    0x35A60, 0x35A60, 0x35A60, 0x35A60, 0x35A60, 0x35A60, 0x35A60, 0x35A60,
    0x35A60, 0x35A60, 0x35A60, 0x35A60, 0x35A60, 0x75F0F0, 0x35A60, 0x35A60,
    0x35A60, 0x35A60, 0x35A60, 0x35A60, 0x35A60, 0x35A60, 0x75CC70, 0x35A60,
    0x35A60, 0x35A60, 0x35A60, 0x35A60, 0x2B5500, 0x2B5500, 0x35A60, 0x35A60,
    0x35A60, 0x35A60, 0x35A60, 0x35A60, 0x35A60, 0x35A60, 0x35A60, 0x35A60,
    0x35A60, 0x35A60, 0x35A60, 0x75CC10, 0x35A60, 0x35A60, 0x35A60, 0x50AF0,
    0x14C4E0, 0x803FA0, 0x35A60, 0x35A60
};

/* SerratedClaws -172 vtable slot RVAs */
const UINT_PTR g_serratedClawsVtableRVAs[172] = {
    0x55E460, 0x55E450, 0x55E380, 0x55E370, 0x50AF0, 0x723550, 0x35A60, 0x75C5F0,
    0x35A60, 0x35A60, 0x35A60, 0x35A60, 0x35A60, 0x35A60, 0x35A60, 0x35A60,
    0x35A60, 0x35A60, 0x35A60, 0x35A60, 0x35A60, 0x35A60, 0x35A60, 0x35A60,
    0x35A60, 0x75C5C0, 0x35A60, 0x35A60, 0x804220, 0x26BD0, 0x803960, 0x803860,
    0x803740, 0x35A60, 0x35A60, 0x35A60, 0x2B5500, 0x2B5500, 0x35A60, 0x35A60,
    0x35A60, 0x2B5500, 0x35A60, 0x35A60, 0x35A60, 0x35A60, 0x35A60, 0x35A60,
    0x35A60, 0x35A60, 0x35A60, 0x35A60, 0x35A60, 0x35A60, 0x35A60, 0x35A60,
    0x35A60, 0x35A60, 0x35A60, 0x35A60, 0x35A60, 0x35A60, 0x35A60, 0x35A60,
    0x35A60, 0x35A60, 0x35A60, 0x35A60, 0x35A60, 0x35A60, 0x35A60, 0x35A60,
    0x35A60, 0x35A60, 0x35A60, 0x35A60, 0x35A60, 0x35A60, 0x35A60, 0x35A60,
    0x35A60, 0x75CC60, 0x35A60, 0x35A60, 0x35A60, 0x35A60, 0x35A60, 0x35A60,
    0x35A60, 0x8AD050, 0x35A60, 0x35A60, 0x50AF0, 0x50AF0, 0x35A60, 0x35A60,
    0x35A60, 0x35A60, 0x35A60, 0x35A60, 0x35A60, 0x35A60, 0x35A60, 0x35A60,
    0x35A60, 0x35A60, 0x35A60, 0x35A60, 0x803F40, 0x35A60, 0x75CBE0, 0x75CBF0,
    0x75CC10, 0x75CC40, 0x35A60, 0x35A60, 0x35A60, 0x35A60, 0x35A60, 0x35A60,
    0x35A60, 0x35A60, 0x35A60, 0x35A60, 0x35A60, 0x35A60, 0x35A60, 0x35A60,
    0x35A60, 0x35A60, 0x35A60, 0x35A60, 0x35A60, 0x75F0F0, 0x35A60, 0x35A60,
    0x35A60, 0x35A60, 0x35A60, 0x35A60, 0x35A60, 0x35A60, 0x75CC70, 0x35A60,
    0x35A60, 0x35A60, 0x35A60, 0x35A60, 0x2B5500, 0x2B5500, 0x35A60, 0x35A60,
    0x35A60, 0x35A60, 0x35A60, 0x35A60, 0x35A60, 0x35A60, 0x35A60, 0x35A60,
    0x35A60, 0x35A60, 0x35A60, 0x75CC10, 0x35A60, 0x35A60, 0x35A60, 0x50AF0,
    0x14C4E0, 0x803FA0, 0x35A60, 0x35A60
};

/* ShootHereReceiver -172 vtable slot RVAs */
const UINT_PTR g_shootHereReceiverVtableRVAs[172] = {
    0x584B90, 0x584B80, 0x584AB0, 0x584AA0, 0x50AF0, 0x7235D0, 0x35A60, 0x75C5F0,
    0x35A60, 0x35A60, 0x35A60, 0x35A60, 0x35A60, 0x35A60, 0x35A60, 0x35A60,
    0x35A60, 0x35A60, 0x35A60, 0x35A60, 0x35A60, 0x35A60, 0x35A60, 0x35A60,
    0x35A60, 0x75C5C0, 0x35A60, 0x35A60, 0x804220, 0x26BD0, 0x803960, 0x803860,
    0x803740, 0x35A60, 0x977D0, 0x35A60, 0x2B5500, 0x2B5500, 0x35A60, 0x35A60,
    0x35A60, 0x2B5500, 0x35A60, 0x35A60, 0x35A60, 0x35A60, 0x35A60, 0x35A60,
    0x35A60, 0x35A60, 0x35A60, 0x35A60, 0x35A60, 0x35A60, 0x35A60, 0x35A60,
    0x35A60, 0x35A60, 0x35A60, 0x35A60, 0x35A60, 0x35A60, 0x35A60, 0x35A60,
    0x35A60, 0x35A60, 0x35A60, 0x35A60, 0x35A60, 0x35A60, 0x35A60, 0x35A60,
    0x35A60, 0x35A60, 0x35A60, 0x35A60, 0x35A60, 0x35A60, 0x35A60, 0x35A60,
    0x35A60, 0x75CC60, 0x35A60, 0x35A60, 0x35A60, 0x35A60, 0x35A60, 0x35A60,
    0x35A60, 0x35A60, 0x35A60, 0x208990, 0x50AF0, 0x50AF0, 0x35A60, 0x35A60,
    0x35A60, 0x35A60, 0x35A60, 0x35A60, 0x35A60, 0x35A60, 0x35A60, 0x35A60,
    0x35A60, 0x35A60, 0x35A60, 0x35A60, 0x803F40, 0x35A60, 0x75CBE0, 0x75CBF0,
    0x75CC10, 0x75CC40, 0x35A60, 0x35A60, 0x35A60, 0x35A60, 0x35A60, 0x35A60,
    0x35A60, 0x35A60, 0x35A60, 0x35A60, 0x35A60, 0x35A60, 0x35A60, 0x35A60,
    0x35A60, 0x35A60, 0x35A60, 0x35A60, 0x35A60, 0x75F0F0, 0x35A60, 0x35A60,
    0x35A60, 0x35A60, 0x35A60, 0x35A60, 0x35A60, 0x35A60, 0x75CC70, 0x35A60,
    0x35A60, 0x35A60, 0x35A60, 0x35A60, 0x2B5500, 0x2B5500, 0x35A60, 0x35A60,
    0x35A60, 0x35A60, 0x35A60, 0x35A60, 0x35A60, 0x35A60, 0x35A60, 0x35A60,
    0x35A60, 0x35A60, 0x35A60, 0x75CC10, 0x35A60, 0x35A60, 0x35A60, 0x50AF0,
    0x14C4E0, 0x803FA0, 0x35A60, 0x35A60
};

/* ShortCircuit -172 vtable slot RVAs */
const UINT_PTR g_shortCircuitVtableRVAs[172] = {
    0x59CB50, 0x59CB40, 0x59CA70, 0x59CA60, 0x50AF0, 0x723650, 0x35A60, 0x75C5F0,
    0x35A60, 0x35A60, 0x35A60, 0x9D710, 0x35A60, 0x35A60, 0x35A60, 0x35A60,
    0x35A60, 0x35A60, 0x35A60, 0x35A60, 0x35A60, 0x35A60, 0x35A60, 0x35A60,
    0x35A60, 0x75C5C0, 0x35A60, 0x35A60, 0x804220, 0x26BD0, 0x803960, 0x803860,
    0x803740, 0x9F560, 0x35A60, 0x9DA10, 0x2B5500, 0x2B5500, 0x35A60, 0x35A60,
    0x35A60, 0x2B5500, 0x35A60, 0x35A60, 0x35A60, 0x35A60, 0x35A60, 0x35A60,
    0x35A60, 0x35A60, 0x35A60, 0x35A60, 0x35A60, 0x35A60, 0x35A60, 0x35A60,
    0x35A60, 0x35A60, 0x35A60, 0x35A60, 0x35A60, 0x35A60, 0x35A60, 0x35A60,
    0x35A60, 0x35A60, 0x35A60, 0x35A60, 0x35A60, 0x35A60, 0x35A60, 0x35A60,
    0x35A60, 0x35A60, 0x35A60, 0x35A60, 0x35A60, 0x35A60, 0x35A60, 0x35A60,
    0x35A60, 0x97770, 0x35A60, 0x35A60, 0x9F5A0, 0x9F5D0, 0x9F670, 0x35A60,
    0x35A60, 0x9F740, 0x35A60, 0x35A60, 0x50AF0, 0x50AF0, 0x35A60, 0x35A60,
    0x35A60, 0x35A60, 0x35A60, 0x35A60, 0x35A60, 0x35A60, 0x35A60, 0x35A60,
    0x35A60, 0x35A60, 0x35A60, 0x35A60, 0x803F40, 0x35A60, 0x75CBE0, 0x75CBF0,
    0x75CC10, 0x75CC40, 0x35A60, 0x35A60, 0x35A60, 0x35A60, 0x35A60, 0x35A60,
    0x35A60, 0x35A60, 0x35A60, 0x35A60, 0x35A60, 0x35A60, 0x35A60, 0x35A60,
    0x35A60, 0x35A60, 0x35A60, 0x35A60, 0x35A60, 0x75F0F0, 0x35A60, 0x35A60,
    0x35A60, 0x35A60, 0x35A60, 0x35A60, 0x35A60, 0x35A60, 0x75CC70, 0x35A60,
    0x35A60, 0x35A60, 0x35A60, 0x35A60, 0x2B5500, 0x2B5500, 0x35A60, 0x35A60,
    0x35A60, 0x35A60, 0x35A60, 0x35A60, 0x35A60, 0x35A60, 0x35A60, 0x35A60,
    0x35A60, 0x35A60, 0x35A60, 0x75CC10, 0x35A60, 0x35A60, 0x35A60, 0x50AF0,
    0x14C4E0, 0x803FA0, 0x35A60, 0x35A60
};

/* SizeScale -172 vtable slot RVAs */
const UINT_PTR g_sizeScaleVtableRVAs[172] = {
    0x5AC870, 0x5AC860, 0x5AC790, 0x5AC780, 0x50AF0, 0x7236D0, 0x35A60, 0x75C5F0,
    0x35A60, 0x35A60, 0x35A60, 0x35A60, 0x35A60, 0x35A60, 0x35A60, 0x35A60,
    0x35A60, 0x35A60, 0x35A60, 0x35A60, 0x35A60, 0x35A60, 0x35A60, 0x35A60,
    0x35A60, 0x75C5C0, 0x35A60, 0x35A60, 0x804220, 0x26BD0, 0x803960, 0x803860,
    0x803740, 0x9E460, 0x35A60, 0x35A60, 0x2B5500, 0x2B5500, 0x35A60, 0x35A60,
    0x35A60, 0x2B5500, 0x35A60, 0x35A60, 0x35A60, 0x35A60, 0x35A60, 0x35A60,
    0x35A60, 0x35A60, 0x35A60, 0x35A60, 0x35A60, 0x35A60, 0x35A60, 0x35A60,
    0x35A60, 0x35A60, 0x35A60, 0x35A60, 0x35A60, 0x35A60, 0x35A60, 0x35A60,
    0x35A60, 0x35A60, 0x35A60, 0x35A60, 0x35A60, 0x35A60, 0x35A60, 0x35A60,
    0x35A60, 0x35A60, 0x35A60, 0x35A60, 0x35A60, 0x35A60, 0x35A60, 0x35A60,
    0x35A60, 0x75CC60, 0x35A60, 0x8EEFF0, 0x35A60, 0x35A60, 0x35A60, 0x35A60,
    0x35A60, 0x35A60, 0x35A60, 0x35A60, 0x50AF0, 0x50AF0, 0x35A60, 0x35A60,
    0x35A60, 0x35A60, 0x35A60, 0x35A60, 0x35A60, 0x35A60, 0x35A60, 0x35A60,
    0x35A60, 0x35A60, 0x35A60, 0x35A60, 0x803F40, 0x35A60, 0x75CBE0, 0x75CBF0,
    0x75CC10, 0x75CC40, 0x35A60, 0x35A60, 0x35A60, 0x35A60, 0x35A60, 0x35A60,
    0x35A60, 0x35A60, 0x35A60, 0x35A60, 0x35A60, 0x35A60, 0x35A60, 0x35A60,
    0x35A60, 0x35A60, 0x35A60, 0x35A60, 0x35A60, 0x75F0F0, 0x35A60, 0x35A60,
    0x35A60, 0x35A60, 0x35A60, 0x35A60, 0x35A60, 0x35A60, 0x75CC70, 0x35A60,
    0x35A60, 0x35A60, 0x35A60, 0x35A60, 0x2B5500, 0x2B5500, 0x35A60, 0x35A60,
    0x35A60, 0x35A60, 0x35A60, 0x35A60, 0x35A60, 0x35A60, 0x35A60, 0x35A60,
    0x35A60, 0x35A60, 0x35A60, 0x75CC10, 0x35A60, 0x35A60, 0x35A60, 0x50AF0,
    0x14C4E0, 0x803FA0, 0x35A60, 0x35A60
};

/* SizeScalePercent -172 vtable slot RVAs */
const UINT_PTR g_sizeScalePercentVtableRVAs[172] = {
    0x5AC730, 0x5AC720, 0x5AC650, 0x5AC640, 0x50AF0, 0x723750, 0x35A60, 0x75C5F0,
    0x35A60, 0x35A60, 0x35A60, 0x35A60, 0x35A60, 0x35A60, 0x35A60, 0x35A60,
    0x35A60, 0x35A60, 0x35A60, 0x35A60, 0x35A60, 0x35A60, 0x35A60, 0x35A60,
    0x35A60, 0x75C5C0, 0x35A60, 0x35A60, 0x804220, 0x26BD0, 0x803960, 0x803860,
    0x803740, 0x9E460, 0x35A60, 0x35A60, 0x2B5500, 0x2B5500, 0x35A60, 0x35A60,
    0x35A60, 0x2B5500, 0x35A60, 0x35A60, 0x35A60, 0x35A60, 0x35A60, 0x35A60,
    0x35A60, 0x35A60, 0x35A60, 0x35A60, 0x35A60, 0x35A60, 0x35A60, 0x35A60,
    0x35A60, 0x35A60, 0x35A60, 0x35A60, 0x35A60, 0x35A60, 0x35A60, 0x35A60,
    0x35A60, 0x35A60, 0x35A60, 0x35A60, 0x35A60, 0x35A60, 0x35A60, 0x35A60,
    0x35A60, 0x35A60, 0x35A60, 0x35A60, 0x35A60, 0x35A60, 0x35A60, 0x35A60,
    0x35A60, 0x75CC60, 0x35A60, 0x8EF040, 0x35A60, 0x35A60, 0x35A60, 0x35A60,
    0x35A60, 0x35A60, 0x35A60, 0x35A60, 0x50AF0, 0x50AF0, 0x35A60, 0x35A60,
    0x35A60, 0x35A60, 0x35A60, 0x35A60, 0x35A60, 0x35A60, 0x35A60, 0x35A60,
    0x35A60, 0x35A60, 0x35A60, 0x35A60, 0x803F40, 0x35A60, 0x75CBE0, 0x75CBF0,
    0x75CC10, 0x75CC40, 0x35A60, 0x35A60, 0x35A60, 0x35A60, 0x35A60, 0x35A60,
    0x35A60, 0x35A60, 0x35A60, 0x35A60, 0x35A60, 0x35A60, 0x35A60, 0x35A60,
    0x35A60, 0x35A60, 0x35A60, 0x35A60, 0x35A60, 0x75F0F0, 0x35A60, 0x35A60,
    0x35A60, 0x35A60, 0x35A60, 0x35A60, 0x35A60, 0x35A60, 0x75CC70, 0x35A60,
    0x35A60, 0x35A60, 0x35A60, 0x35A60, 0x2B5500, 0x2B5500, 0x35A60, 0x35A60,
    0x35A60, 0x35A60, 0x35A60, 0x35A60, 0x35A60, 0x35A60, 0x35A60, 0x35A60,
    0x35A60, 0x35A60, 0x35A60, 0x75CC10, 0x35A60, 0x35A60, 0x35A60, 0x50AF0,
    0x14C4E0, 0x803FA0, 0x35A60, 0x35A60
};

/* SkipNextTurn -172 vtable slot RVAs */
const UINT_PTR g_skipNextTurnVtableRVAs[172] = {
    0x59E860, 0x59E850, 0x59E780, 0x59E770, 0x50AF0, 0x7237D0, 0x35A60, 0x75C5F0,
    0x35A60, 0x35A60, 0x35A60, 0x35A60, 0x35A60, 0x35A60, 0x35A60, 0x35A60,
    0x35A60, 0x35A60, 0x35A60, 0x35A60, 0x35A60, 0x35A60, 0x35A60, 0x35A60,
    0x35A60, 0x75C5C0, 0x35A60, 0x35A60, 0x804220, 0x26BD0, 0x803960, 0x803860,
    0x803740, 0x975E0, 0x35A60, 0x976E0, 0x9C250, 0x2B5500, 0x35A60, 0x35A60,
    0x35A60, 0x2B5500, 0x35A60, 0x35A60, 0x35A60, 0x35A60, 0x35A60, 0x35A60,
    0x35A60, 0x35A60, 0x35A60, 0x35A60, 0x35A60, 0x35A60, 0x35A60, 0x35A60,
    0x35A60, 0x35A60, 0x35A60, 0x35A60, 0x35A60, 0x35A60, 0x35A60, 0x35A60,
    0x35A60, 0x35A60, 0x35A60, 0x35A60, 0x35A60, 0x35A60, 0x35A60, 0x35A60,
    0x35A60, 0x35A60, 0x35A60, 0x35A60, 0x35A60, 0x35A60, 0x35A60, 0x35A60,
    0x35A60, 0x75CC60, 0x35A60, 0x35A60, 0x35A60, 0x35A60, 0x35A60, 0x35A60,
    0x35A60, 0x35A60, 0x35A60, 0x35A60, 0x50AF0, 0x50AF0, 0x35A60, 0x35A60,
    0x35A60, 0x35A60, 0x35A60, 0x35A60, 0x35A60, 0x35A60, 0x35A60, 0x35A60,
    0x35A60, 0x35A60, 0x35A60, 0x35A60, 0x803F40, 0x35A60, 0x75CBE0, 0x75CBF0,
    0x9C2D0, 0x75CC40, 0x35A60, 0x35A60, 0x35A60, 0x35A60, 0x35A60, 0x35A60,
    0x35A60, 0x35A60, 0x35A60, 0x35A60, 0x35A60, 0x35A60, 0x35A60, 0x35A60,
    0x35A60, 0x35A60, 0x35A60, 0x35A60, 0x35A60, 0x75F0F0, 0x35A60, 0x35A60,
    0x35A60, 0x35A60, 0x35A60, 0x35A60, 0x35A60, 0x35A60, 0x75CC70, 0x35A60,
    0x35A60, 0x35A60, 0x35A60, 0x35A60, 0x2B5500, 0x2B5500, 0x35A60, 0x35A60,
    0x35A60, 0x35A60, 0x35A60, 0x35A60, 0x35A60, 0x35A60, 0x35A60, 0x35A60,
    0x35A60, 0x35A60, 0x35A60, 0x75CC10, 0x35A60, 0x35A60, 0x35A60, 0x50AF0,
    0x14C4E0, 0x803FA0, 0x35A60, 0x35A60
};

/* Sleep -172 vtable slot RVAs */
const UINT_PTR g_sleepVtableRVAs[172] = {
    0x59FD50, 0x59FD40, 0x59FC70, 0x59FC60, 0x50AF0, 0x723850, 0x35A60, 0x75C5F0,
    0x35A60, 0x35A60, 0x35A60, 0x9AF60, 0x35A60, 0x35A60, 0x35A60, 0x35A60,
    0x35A60, 0x35A60, 0x35A60, 0x35A60, 0x35A60, 0x35A60, 0x35A60, 0x35A60,
    0x35A60, 0x75C5C0, 0x35A60, 0x35A60, 0x804220, 0x26BD0, 0x803960, 0x803860,
    0x803740, 0x9A9F0, 0x35A60, 0x976E0, 0x9AC90, 0x2B5500, 0x35A60, 0x35A60,
    0x35A60, 0x2B5500, 0x35A60, 0x35A60, 0x35A60, 0x9AB60, 0x35A60, 0x35A60,
    0x35A60, 0x35A60, 0x35A60, 0x35A60, 0x35A60, 0x35A60, 0x35A60, 0x35A60,
    0x35A60, 0x35A60, 0x35A60, 0x35A60, 0x35A60, 0x35A60, 0x35A60, 0x9AD40,
    0x9AD70, 0x35A60, 0x35A60, 0x35A60, 0x35A60, 0x35A60, 0x35A60, 0x35A60,
    0x35A60, 0x35A60, 0x35A60, 0x35A60, 0x35A60, 0x35A60, 0x35A60, 0x35A60,
    0x35A60, 0x97770, 0x35A60, 0x35A60, 0x35A60, 0x35A60, 0x35A60, 0x35A60,
    0x35A60, 0x35A60, 0x35A60, 0x35A60, 0x50AF0, 0x50AF0, 0x35A60, 0x35A60,
    0x35A60, 0x35A60, 0x35A60, 0x35A60, 0x35A60, 0x35A60, 0x35A60, 0x35A60,
    0x35A60, 0x35A60, 0x35A60, 0x35A60, 0x803F40, 0x35A60, 0x75CBE0, 0x75CBF0,
    0x97730, 0x75CC40, 0x35A60, 0x35A60, 0x35A60, 0x35A60, 0x35A60, 0x35A60,
    0x35A60, 0x35A60, 0x35A60, 0x35A60, 0x35A60, 0x35A60, 0x35A60, 0x35A60,
    0x35A60, 0x35A60, 0x35A60, 0x35A60, 0x35A60, 0x75F0F0, 0x35A60, 0x35A60,
    0x35A60, 0x35A60, 0x35A60, 0x35A60, 0x35A60, 0x35A60, 0x75CC70, 0x35A60,
    0x35A60, 0x35A60, 0x35A60, 0x35A60, 0x2B5500, 0x2B5500, 0x35A60, 0x35A60,
    0x35A60, 0x35A60, 0x35A60, 0x35A60, 0x35A60, 0x35A60, 0x35A60, 0x35A60,
    0x35A60, 0x35A60, 0x35A60, 0x75CC10, 0x35A60, 0x35A60, 0x35A60, 0x50AF0,
    0x14C4E0, 0x803FA0, 0x35A60, 0x35A60
};

/* SleepParalysis -172 vtable slot RVAs */
const UINT_PTR g_sleepParalysisVtableRVAs[172] = {
    0x58D160, 0x58D150, 0x58D080, 0x58D070, 0x50AF0, 0x7238D0, 0x35A60, 0x75C5F0,
    0x35A60, 0x35A60, 0x35A60, 0x169520, 0x35A60, 0x35A60, 0x35A60, 0x35A60,
    0x35A60, 0x35A60, 0x35A60, 0x35A60, 0x35A60, 0x35A60, 0x35A60, 0x35A60,
    0x35A60, 0x75C5C0, 0x35A60, 0x35A60, 0x804220, 0x26BD0, 0x803960, 0x803860,
    0x803740, 0x169030, 0x35A60, 0x35A60, 0x169420, 0x2B5500, 0x35A60, 0x35A60,
    0x35A60, 0x2B5500, 0x35A60, 0x35A60, 0x35A60, 0x1692C0, 0x35A60, 0x35A60,
    0x35A60, 0x35A60, 0x35A60, 0x35A60, 0x35A60, 0x35A60, 0x35A60, 0x35A60,
    0x35A60, 0x35A60, 0x35A60, 0x35A60, 0x35A60, 0x35A60, 0x35A60, 0x9AD40,
    0x35A60, 0x35A60, 0x35A60, 0x35A60, 0x35A60, 0x35A60, 0x35A60, 0x35A60,
    0x35A60, 0x35A60, 0x35A60, 0x35A60, 0x35A60, 0x35A60, 0x35A60, 0x35A60,
    0x35A60, 0x97770, 0x35A60, 0x35A60, 0x35A60, 0x35A60, 0x35A60, 0x35A60,
    0x35A60, 0x35A60, 0x35A60, 0x35A60, 0x50AF0, 0x50AF0, 0x35A60, 0x35A60,
    0x35A60, 0x35A60, 0x35A60, 0x35A60, 0x35A60, 0x1694D0, 0x35A60, 0x35A60,
    0x35A60, 0x35A60, 0x35A60, 0x35A60, 0x803F40, 0x35A60, 0x75CBE0, 0x75CBF0,
    0x97730, 0x75CC40, 0x35A60, 0x35A60, 0x35A60, 0x35A60, 0x35A60, 0x35A60,
    0x35A60, 0x35A60, 0x35A60, 0x35A60, 0x35A60, 0x35A60, 0x35A60, 0x35A60,
    0x35A60, 0x35A60, 0x35A60, 0x35A60, 0x35A60, 0x75F0F0, 0x35A60, 0x35A60,
    0x35A60, 0x35A60, 0x35A60, 0x35A60, 0x35A60, 0x35A60, 0x75CC70, 0x35A60,
    0x35A60, 0x35A60, 0x35A60, 0x35A60, 0x2B5500, 0x2B5500, 0x35A60, 0x35A60,
    0x35A60, 0x35A60, 0x35A60, 0x35A60, 0x35A60, 0x35A60, 0x35A60, 0x35A60,
    0x35A60, 0x35A60, 0x35A60, 0x75CC10, 0x35A60, 0x35A60, 0x35A60, 0x50AF0,
    0x14C4E0, 0x803FA0, 0x35A60, 0x35A60
};

/* Slow -172 vtable slot RVAs */
const UINT_PTR g_slowVtableRVAs[172] = {
    0x563620, 0x563610, 0x563540, 0x563530, 0x50AF0, 0x723950, 0x35A60, 0x75C5F0,
    0x35A60, 0x35A60, 0x35A60, 0x35A60, 0x35A60, 0x35A60, 0x35A60, 0x35A60,
    0x35A60, 0x35A60, 0x35A60, 0x35A60, 0x35A60, 0x35A60, 0x35A60, 0x35A60,
    0x35A60, 0x75C5C0, 0x35A60, 0x35A60, 0x804220, 0x26BD0, 0x803960, 0x803860,
    0x803740, 0x35A60, 0x35A60, 0x9EAE0, 0x2B5500, 0x2B5500, 0x35A60, 0x35A60,
    0x35A60, 0x2B5500, 0x35A60, 0x35A60, 0x35A60, 0x35A60, 0x35A60, 0x35A60,
    0x35A60, 0x35A60, 0x35A60, 0x35A60, 0x35A60, 0x35A60, 0x35A60, 0x35A60,
    0x35A60, 0x35A60, 0x35A60, 0x35A60, 0x35A60, 0x35A60, 0x35A60, 0x35A60,
    0x35A60, 0x35A60, 0x35A60, 0x35A60, 0x35A60, 0x35A60, 0x35A60, 0x35A60,
    0x35A60, 0x35A60, 0x35A60, 0x35A60, 0x35A60, 0x35A60, 0x35A60, 0x35A60,
    0x35A60, 0x75CC60, 0x35A60, 0x89CC00, 0x35A60, 0x35A60, 0x35A60, 0x35A60,
    0x35A60, 0x35A60, 0x35A60, 0x35A60, 0x50AF0, 0x50AF0, 0x35A60, 0x35A60,
    0x35A60, 0x35A60, 0x35A60, 0x35A60, 0x35A60, 0x35A60, 0x35A60, 0x35A60,
    0x35A60, 0x35A60, 0x35A60, 0x35A60, 0x803F40, 0x35A60, 0x75CBE0, 0x75CBF0,
    0x75CC10, 0x75CC40, 0x35A60, 0x35A60, 0x35A60, 0x35A60, 0x35A60, 0x35A60,
    0x35A60, 0x35A60, 0x35A60, 0x35A60, 0x35A60, 0x35A60, 0x35A60, 0x35A60,
    0x35A60, 0x35A60, 0x35A60, 0x35A60, 0x35A60, 0x75F0F0, 0x35A60, 0x35A60,
    0x35A60, 0x35A60, 0x35A60, 0x35A60, 0x35A60, 0x35A60, 0x75CC70, 0x35A60,
    0x35A60, 0x35A60, 0x35A60, 0x35A60, 0x2B5500, 0x2B5500, 0x35A60, 0x35A60,
    0x35A60, 0x35A60, 0x35A60, 0x35A60, 0x35A60, 0x35A60, 0x35A60, 0x35A60,
    0x35A60, 0x35A60, 0x35A60, 0x75CC10, 0x35A60, 0x35A60, 0x35A60, 0x50AF0,
    0x14C4E0, 0x803FA0, 0x9BE00, 0x35A60
};

/* SmellBlood -172 vtable slot RVAs */
const UINT_PTR g_smellBloodVtableRVAs[172] = {
    0x59B050, 0x59B040, 0x59AF70, 0x59AF60, 0x50AF0, 0x7239D0, 0x35A60, 0x75C5F0,
    0x35A60, 0x35A60, 0x35A60, 0x35A60, 0x35A60, 0x35A60, 0x35A60, 0x35A60,
    0x35A60, 0x35A60, 0x35A60, 0x35A60, 0x35A60, 0x35A60, 0x35A60, 0x35A60,
    0x35A60, 0x75C5C0, 0x35A60, 0x35A60, 0x804220, 0x26BD0, 0x803960, 0x803860,
    0x803740, 0xAF4A0, 0x99A80, 0x35A60, 0x2B5500, 0x2B5500, 0x35A60, 0x35A60,
    0x35A60, 0x2B5500, 0x35A60, 0x35A60, 0x35A60, 0x35A60, 0x35A60, 0x35A60,
    0x35A60, 0x35A60, 0x35A60, 0x35A60, 0x35A60, 0x35A60, 0x35A60, 0x35A60,
    0x35A60, 0x35A60, 0x35A60, 0x35A60, 0x35A60, 0x35A60, 0x35A60, 0x35A60,
    0x35A60, 0x35A60, 0x35A60, 0x35A60, 0x35A60, 0x35A60, 0x35A60, 0x35A60,
    0x35A60, 0x35A60, 0x35A60, 0x35A60, 0x35A60, 0x35A60, 0x35A60, 0x35A60,
    0x35A60, 0x75CC60, 0x35A60, 0x35A60, 0x35A60, 0x35A60, 0x35A60, 0x35A60,
    0x35A60, 0x35A60, 0x35A60, 0xB1E00, 0x50AF0, 0x50AF0, 0x35A60, 0x35A60,
    0x35A60, 0x35A60, 0x35A60, 0x35A60, 0x35A60, 0x35A60, 0x35A60, 0x35A60,
    0x35A60, 0x35A60, 0x35A60, 0x35A60, 0x803F40, 0x35A60, 0x75CBE0, 0x75CBF0,
    0x75CC10, 0x75CC40, 0x35A60, 0x35A60, 0x35A60, 0x35A60, 0x35A60, 0x35A60,
    0x35A60, 0x35A60, 0x35A60, 0x35A60, 0x35A60, 0x35A60, 0x35A60, 0x35A60,
    0x35A60, 0x35A60, 0x35A60, 0x35A60, 0x35A60, 0x75F0F0, 0x35A60, 0x35A60,
    0x35A60, 0x35A60, 0x35A60, 0x35A60, 0x35A60, 0x35A60, 0x75CC70, 0x35A60,
    0x35A60, 0xB1C30, 0x35A60, 0x35A60, 0x2B5500, 0x2B5500, 0x35A60, 0x35A60,
    0x35A60, 0x35A60, 0x35A60, 0x35A60, 0x35A60, 0x35A60, 0x35A60, 0x35A60,
    0x35A60, 0x35A60, 0x35A60, 0x75CC10, 0x35A60, 0x35A60, 0x35A60, 0x50AF0,
    0x14C4E0, 0x803FA0, 0x35A60, 0x35A60
};

/* SoulLink -172 vtable slot RVAs */
const UINT_PTR g_soulLinkVtableRVAs[172] = {
    0x5753B0, 0x5753A0, 0x5752D0, 0x5752C0, 0x50AF0, 0x723A60, 0x35A60, 0x75C5F0,
    0x35A60, 0x35A60, 0x35A60, 0x270770, 0x35A60, 0x35A60, 0x35A60, 0x35A60,
    0x35A60, 0x35A60, 0x35A60, 0x35A60, 0x35A60, 0x35A60, 0x35A60, 0x35A60,
    0x35A60, 0x75C5C0, 0x35A60, 0x35A60, 0x804220, 0x26BD0, 0x803960, 0x803860,
    0x803740, 0x35A60, 0x35A60, 0x35A60, 0x2B5500, 0x2B5500, 0x35A60, 0x35A60,
    0x35A60, 0x2B5500, 0x35A60, 0x35A60, 0x35A60, 0x35A60, 0x35A60, 0x35A60,
    0x35A60, 0x35A60, 0x35A60, 0x35A60, 0x35A60, 0x35A60, 0x35A60, 0x35A60,
    0x35A60, 0x35A60, 0x35A60, 0x35A60, 0x35A60, 0x35A60, 0x35A60, 0x35A60,
    0x35A60, 0x35A60, 0x35A60, 0x270640, 0x35A60, 0x35A60, 0x35A60, 0x35A60,
    0x35A60, 0x35A60, 0x35A60, 0x35A60, 0x35A60, 0x35A60, 0x35A60, 0x35A60,
    0x35A60, 0x75CC60, 0x35A60, 0x35A60, 0x35A60, 0x35A60, 0x35A60, 0x35A60,
    0x35A60, 0x35A60, 0x35A60, 0x35A60, 0x50AF0, 0x50AF0, 0x35A60, 0x35A60,
    0x35A60, 0x35A60, 0x35A60, 0x35A60, 0x35A60, 0x35A60, 0x35A60, 0x35A60,
    0x35A60, 0x35A60, 0x35A60, 0x35A60, 0x803F40, 0x35A60, 0x75CBE0, 0x75CBF0,
    0x75CC10, 0x75CC40, 0x35A60, 0x35A60, 0x35A60, 0x35A60, 0x35A60, 0x35A60,
    0x35A60, 0x35A60, 0x35A60, 0x35A60, 0x35A60, 0x35A60, 0x35A60, 0x35A60,
    0x35A60, 0x35A60, 0x35A60, 0x35A60, 0x35A60, 0x75F0F0, 0x35A60, 0x35A60,
    0x35A60, 0x35A60, 0x35A60, 0x35A60, 0x35A60, 0x35A60, 0x75CC70, 0x35A60,
    0x35A60, 0x35A60, 0x35A60, 0x35A60, 0x2B5500, 0x2B5500, 0x35A60, 0x35A60,
    0x35A60, 0x35A60, 0x35A60, 0x35A60, 0x35A60, 0x35A60, 0x35A60, 0x35A60,
    0x35A60, 0x35A60, 0x35A60, 0x75CC10, 0x35A60, 0x35A60, 0x35A60, 0x50AF0,
    0x14C4E0, 0x803FA0, 0x35A60, 0x35A60
};

/* SpecialFriendsLockAbility -172 vtable slot RVAs */
const UINT_PTR g_specialFriendsLockAbilityVtableRVAs[172] = {
    0x16DFD0, 0x16DFC0, 0x16DEF0, 0x16DEE0, 0x50AF0, 0x16E450, 0x35A60, 0x75C5F0,
    0x35A60, 0x35A60, 0x35A60, 0x35A60, 0x35A60, 0x35A60, 0x35A60, 0x35A60,
    0x35A60, 0x35A60, 0x35A60, 0x35A60, 0x35A60, 0x35A60, 0x35A60, 0x35A60,
    0x35A60, 0x75C5C0, 0x35A60, 0x35A60, 0x804220, 0x26BD0, 0x803960, 0x803860,
    0x803740, 0x35A60, 0x35A60, 0x35A60, 0x2B5500, 0x2B5500, 0x35A60, 0x35A60,
    0x35A60, 0x2B5500, 0x35A60, 0x35A60, 0x35A60, 0x35A60, 0x35A60, 0x35A60,
    0x35A60, 0x35A60, 0x35A60, 0x35A60, 0x35A60, 0x35A60, 0x35A60, 0x16CA70,
    0x35A60, 0x35A60, 0x35A60, 0x35A60, 0x35A60, 0x35A60, 0x35A60, 0x35A60,
    0x35A60, 0x35A60, 0x35A60, 0x35A60, 0x35A60, 0x35A60, 0x35A60, 0x35A60,
    0x35A60, 0x35A60, 0x35A60, 0x35A60, 0x35A60, 0x35A60, 0x35A60, 0x35A60,
    0x35A60, 0x75CC60, 0x35A60, 0x35A60, 0x35A60, 0x35A60, 0x35A60, 0x35A60,
    0x35A60, 0x16C9E0, 0x35A60, 0x35A60, 0x50AF0, 0x50AF0, 0x35A60, 0x35A60,
    0x35A60, 0x35A60, 0x35A60, 0x35A60, 0x35A60, 0x35A60, 0x35A60, 0x35A60,
    0x35A60, 0x35A60, 0x35A60, 0x35A60, 0x803F40, 0x35A60, 0x75CBE0, 0x75CBF0,
    0x75CC10, 0x75CC40, 0x35A60, 0x35A60, 0x35A60, 0x35A60, 0x35A60, 0x35A60,
    0x35A60, 0x35A60, 0x35A60, 0x35A60, 0x35A60, 0x35A60, 0x35A60, 0x35A60,
    0x35A60, 0x35A60, 0x35A60, 0x35A60, 0x35A60, 0x75F0F0, 0x35A60, 0x35A60,
    0x35A60, 0x35A60, 0x35A60, 0x35A60, 0x35A60, 0x35A60, 0x75CC70, 0x35A60,
    0x35A60, 0x35A60, 0x35A60, 0x35A60, 0x2B5500, 0x2B5500, 0x35A60, 0x35A60,
    0x35A60, 0x35A60, 0x35A60, 0x35A60, 0x35A60, 0x35A60, 0x35A60, 0x35A60,
    0x35A60, 0x35A60, 0x35A60, 0x75CC10, 0x35A60, 0x35A60, 0x35A60, 0x50AF0,
    0x14C4E0, 0x803FA0, 0x35A60, 0x35A60
};

/* SpeedUp -172 vtable slot RVAs */
const UINT_PTR g_speedUpVtableRVAs[172] = {
    0x564360, 0x564350, 0x564280, 0x564270, 0x50AF0, 0x723AF0, 0x35A60, 0x75C5F0,
    0x35A60, 0x35A60, 0x35A60, 0x35A60, 0x35A60, 0x35A60, 0x35A60, 0x35A60,
    0x35A60, 0x35A60, 0x35A60, 0x35A60, 0x35A60, 0x35A60, 0x35A60, 0x35A60,
    0x35A60, 0x75C5C0, 0x35A60, 0x35A60, 0x804220, 0x26BD0, 0x803960, 0x803860,
    0x803740, 0x35A60, 0x35A60, 0x35A60, 0x2B5500, 0x2B5500, 0x35A60, 0x35A60,
    0x35A60, 0x2B5500, 0x35A60, 0x35A60, 0x35A60, 0x35A60, 0x35A60, 0x35A60,
    0x35A60, 0x35A60, 0x35A60, 0x35A60, 0x35A60, 0x35A60, 0x35A60, 0x35A60,
    0x35A60, 0x35A60, 0x35A60, 0x35A60, 0x35A60, 0x35A60, 0x35A60, 0x35A60,
    0x35A60, 0x35A60, 0x35A60, 0x35A60, 0x35A60, 0x35A60, 0x35A60, 0x35A60,
    0x35A60, 0x35A60, 0x35A60, 0x35A60, 0x35A60, 0x35A60, 0x35A60, 0x35A60,
    0x35A60, 0x75CC60, 0x89C980, 0x35A60, 0x35A60, 0x35A60, 0x35A60, 0x35A60,
    0x35A60, 0x35A60, 0x35A60, 0x35A60, 0x50AF0, 0x50AF0, 0x35A60, 0x35A60,
    0x35A60, 0x35A60, 0x35A60, 0x35A60, 0x35A60, 0x35A60, 0x35A60, 0x35A60,
    0x35A60, 0x35A60, 0x35A60, 0x35A60, 0x803F40, 0x35A60, 0x75CBE0, 0x75CBF0,
    0x75CC10, 0x75CC40, 0x35A60, 0x35A60, 0x35A60, 0x35A60, 0x35A60, 0x35A60,
    0x35A60, 0x35A60, 0x35A60, 0x35A60, 0x35A60, 0x35A60, 0x35A60, 0x35A60,
    0x35A60, 0x35A60, 0x35A60, 0x35A60, 0x35A60, 0x75F0F0, 0x35A60, 0x35A60,
    0x35A60, 0x35A60, 0x35A60, 0x35A60, 0x35A60, 0x35A60, 0x75CC70, 0x35A60,
    0x35A60, 0x35A60, 0x35A60, 0x35A60, 0x2B5500, 0x2B5500, 0x35A60, 0x35A60,
    0x35A60, 0x35A60, 0x35A60, 0x35A60, 0x35A60, 0x35A60, 0x35A60, 0x35A60,
    0x35A60, 0x35A60, 0x35A60, 0x75CC10, 0x35A60, 0x35A60, 0x35A60, 0x50AF0,
    0x14C4E0, 0x803FA0, 0x35A60, 0x35A60
};

/* SpeedUp_WithoutInitiative -172 vtable slot RVAs */
const UINT_PTR g_speedUp_WithoutInitiativeVtableRVAs[172] = {
    0x564200, 0x5641F0, 0x564120, 0x564110, 0x50AF0, 0x723B70, 0x35A60, 0x75C5F0,
    0x35A60, 0x35A60, 0x35A60, 0x35A60, 0x35A60, 0x35A60, 0x35A60, 0x35A60,
    0x35A60, 0x35A60, 0x35A60, 0x35A60, 0x35A60, 0x35A60, 0x35A60, 0x35A60,
    0x35A60, 0x75C5C0, 0x35A60, 0x35A60, 0x804220, 0x26BD0, 0x803960, 0x803860,
    0x803740, 0x35A60, 0x35A60, 0x35A60, 0x2B5500, 0x2B5500, 0x35A60, 0x35A60,
    0x35A60, 0x2B5500, 0x35A60, 0x35A60, 0x35A60, 0x35A60, 0x35A60, 0x35A60,
    0x35A60, 0x35A60, 0x35A60, 0x35A60, 0x35A60, 0x35A60, 0x35A60, 0x35A60,
    0x35A60, 0x35A60, 0x35A60, 0x35A60, 0x35A60, 0x35A60, 0x35A60, 0x35A60,
    0x35A60, 0x35A60, 0x35A60, 0x35A60, 0x35A60, 0x35A60, 0x35A60, 0x35A60,
    0x35A60, 0x35A60, 0x35A60, 0x35A60, 0x35A60, 0x35A60, 0x35A60, 0x35A60,
    0x35A60, 0x75CC60, 0x89C980, 0x89C9A0, 0x35A60, 0x35A60, 0x35A60, 0x35A60,
    0x35A60, 0x35A60, 0x35A60, 0x35A60, 0x50AF0, 0x50AF0, 0x35A60, 0x35A60,
    0x35A60, 0x35A60, 0x35A60, 0x35A60, 0x35A60, 0x35A60, 0x35A60, 0x35A60,
    0x35A60, 0x35A60, 0x35A60, 0x35A60, 0x803F40, 0x35A60, 0x75CBE0, 0x75CBF0,
    0x75CC10, 0x75CC40, 0x35A60, 0x35A60, 0x35A60, 0x35A60, 0x35A60, 0x35A60,
    0x35A60, 0x35A60, 0x35A60, 0x35A60, 0x35A60, 0x35A60, 0x35A60, 0x35A60,
    0x35A60, 0x35A60, 0x35A60, 0x35A60, 0x35A60, 0x75F0F0, 0x35A60, 0x35A60,
    0x35A60, 0x35A60, 0x35A60, 0x35A60, 0x35A60, 0x35A60, 0x75CC70, 0x35A60,
    0x35A60, 0x35A60, 0x35A60, 0x35A60, 0x2B5500, 0x2B5500, 0x35A60, 0x35A60,
    0x35A60, 0x35A60, 0x35A60, 0x35A60, 0x35A60, 0x35A60, 0x35A60, 0x35A60,
    0x35A60, 0x35A60, 0x35A60, 0x75CC10, 0x35A60, 0x35A60, 0x35A60, 0x50AF0,
    0x14C4E0, 0x803FA0, 0x35A60, 0x35A60
};

/* SpellDamageUp -172 vtable slot RVAs */
const UINT_PTR g_spellDamageUpVtableRVAs[172] = {
    0x57EF70, 0x57EF60, 0x57EE90, 0x57EE80, 0x50AF0, 0x7228B0, 0x35A60, 0x75C5F0,
    0x35A60, 0x35A60, 0x35A60, 0x35A60, 0x35A60, 0x35A60, 0x35A60, 0x35A60,
    0x35A60, 0x35A60, 0x35A60, 0x35A60, 0x35A60, 0x35A60, 0x35A60, 0x35A60,
    0x35A60, 0x75C5C0, 0x35A60, 0x35A60, 0x804220, 0x26BD0, 0x803960, 0x803860,
    0x803740, 0x35A60, 0x35A60, 0x35A60, 0x2B5500, 0x2B5500, 0x35A60, 0x35A60,
    0x35A60, 0x2B5500, 0x35A60, 0x35A60, 0x35A60, 0x35A60, 0x35A60, 0x35A60,
    0x35A60, 0x35A60, 0x35A60, 0x35A60, 0x35A60, 0x35A60, 0x35A60, 0x35A60,
    0x35A60, 0x35A60, 0x35A60, 0x218900, 0x35A60, 0x35A60, 0x35A60, 0x35A60,
    0x35A60, 0x35A60, 0x35A60, 0x35A60, 0x35A60, 0x35A60, 0x35A60, 0x35A60,
    0x35A60, 0x35A60, 0x35A60, 0x35A60, 0x35A60, 0x35A60, 0x35A60, 0x35A60,
    0x35A60, 0x75CC60, 0x35A60, 0x2188F0, 0x35A60, 0x35A60, 0x35A60, 0x35A60,
    0x35A60, 0x218950, 0x35A60, 0x35A60, 0x50AF0, 0x50AF0, 0x35A60, 0x35A60,
    0x35A60, 0x35A60, 0x35A60, 0x35A60, 0x35A60, 0x35A60, 0x35A60, 0x35A60,
    0x35A60, 0x35A60, 0x35A60, 0x35A60, 0x803F40, 0x35A60, 0x75CBE0, 0x75CBF0,
    0x75CC10, 0x75CC40, 0x35A60, 0x35A60, 0x35A60, 0x35A60, 0x35A60, 0x35A60,
    0x35A60, 0x35A60, 0x35A60, 0x35A60, 0x35A60, 0x35A60, 0x35A60, 0x35A60,
    0x35A60, 0x35A60, 0x35A60, 0x35A60, 0x35A60, 0x75F0F0, 0x35A60, 0x35A60,
    0x35A60, 0x35A60, 0x35A60, 0x35A60, 0x35A60, 0x35A60, 0x75CC70, 0x35A60,
    0x35A60, 0x35A60, 0x35A60, 0x35A60, 0x2B5500, 0x2B5500, 0x35A60, 0x35A60,
    0x35A60, 0x35A60, 0x35A60, 0x35A60, 0x35A60, 0x35A60, 0x35A60, 0x35A60,
    0x35A60, 0x35A60, 0x35A60, 0x75CC10, 0x35A60, 0x35A60, 0x35A60, 0x50AF0,
    0x14C4E0, 0x803FA0, 0x35A60, 0x35A60
};

/* SpellShield -172 vtable slot RVAs */
const UINT_PTR g_spellShieldVtableRVAs[172] = {
    0x5A1420, 0x5A1410, 0x5A1340, 0x5A1330, 0x50AF0, 0x723BF0, 0x35A60, 0x75C5F0,
    0x35A60, 0x35A60, 0x35A60, 0x35A60, 0x35A60, 0x35A60, 0x35A60, 0x35A60,
    0x35A60, 0x35A60, 0x35A60, 0x35A60, 0x35A60, 0x35A60, 0x35A60, 0x35A60,
    0x35A60, 0x75C5C0, 0x35A60, 0x35A60, 0x804220, 0x26BD0, 0x803960, 0x803860,
    0x803740, 0x7F930, 0x35A60, 0x35A60, 0x2B5500, 0x2B5500, 0x35A60, 0x35A60,
    0x35A60, 0x2B5500, 0x35A60, 0x35A60, 0x35A60, 0x35A60, 0x35A60, 0x35A60,
    0x35A60, 0x35A60, 0x35A60, 0x35A60, 0x35A60, 0x35A60, 0x35A60, 0x35A60,
    0x35A60, 0x35A60, 0x35A60, 0x35A60, 0x35A60, 0x98250, 0x35A60, 0x35A60,
    0x35A60, 0x35A60, 0x35A60, 0x35A60, 0x35A60, 0x35A60, 0x35A60, 0x35A60,
    0x35A60, 0x35A60, 0x35A60, 0x35A60, 0x35A60, 0x35A60, 0x35A60, 0x35A60,
    0x35A60, 0x75CC60, 0x35A60, 0x35A60, 0x35A60, 0x35A60, 0x35A60, 0x35A60,
    0x35A60, 0x35A60, 0x35A60, 0x35A60, 0x50AF0, 0x50AF0, 0x35A60, 0x35A60,
    0x35A60, 0x35A60, 0x35A60, 0x35A60, 0x35A60, 0x35A60, 0x35A60, 0x35A60,
    0x35A60, 0x35A60, 0x35A60, 0x35A60, 0x803F40, 0x35A60, 0x75CBE0, 0x75CBF0,
    0x75CC10, 0x75CC40, 0x35A60, 0x35A60, 0x35A60, 0x35A60, 0x35A60, 0x35A60,
    0x35A60, 0x35A60, 0x35A60, 0x35A60, 0x35A60, 0x35A60, 0x35A60, 0x35A60,
    0x35A60, 0x35A60, 0x35A60, 0x35A60, 0x35A60, 0x75F0F0, 0x35A60, 0x35A60,
    0x35A60, 0x35A60, 0x35A60, 0x35A60, 0x35A60, 0x35A60, 0x75CC70, 0x35A60,
    0x35A60, 0x35A60, 0x35A60, 0x35A60, 0x2B5500, 0x2B5500, 0x35A60, 0x35A60,
    0x35A60, 0x35A60, 0x35A60, 0x35A60, 0x35A60, 0x35A60, 0x35A60, 0x35A60,
    0x35A60, 0x35A60, 0x35A60, 0x75CC10, 0x35A60, 0x35A60, 0x35A60, 0x50AF0,
    0x14C4E0, 0x803FA0, 0x35A60, 0x35A60
};

/* SpiderInfested -172 vtable slot RVAs */
const UINT_PTR g_spiderInfestedVtableRVAs[172] = {
    0x568D70, 0x568D60, 0x568C90, 0x568C80, 0x50AF0, 0x723C70, 0x35A60, 0x75C5F0,
    0x35A60, 0x35A60, 0x35A60, 0x35A60, 0x35A60, 0x35A60, 0x35A60, 0x35A60,
    0x35A60, 0x35A60, 0x35A60, 0x35A60, 0x35A60, 0x35A60, 0x35A60, 0x35A60,
    0x35A60, 0x75C5C0, 0x35A60, 0x35A60, 0x804220, 0x26BD0, 0x803960, 0x803860,
    0x803740, 0x7F71C0, 0x35A60, 0x35A60, 0x2B5500, 0x2B5500, 0x35A60, 0x35A60,
    0x35A60, 0x2B5500, 0x35A60, 0x35A60, 0x35A60, 0x35A60, 0x35A60, 0x35A60,
    0x35A60, 0x35A60, 0x35A60, 0x35A60, 0x35A60, 0x35A60, 0x35A60, 0x35A60,
    0x35A60, 0x35A60, 0x35A60, 0x35A60, 0x35A60, 0x35A60, 0x35A60, 0x35A60,
    0x35A60, 0x35A60, 0x35A60, 0x35A60, 0x35A60, 0x35A60, 0x35A60, 0x35A60,
    0x35A60, 0x35A60, 0x35A60, 0x35A60, 0x35A60, 0x35A60, 0x35A60, 0x35A60,
    0x35A60, 0x75CC60, 0x35A60, 0x35A60, 0x35A60, 0x35A60, 0x35A60, 0x35A60,
    0x35A60, 0x35A60, 0x35A60, 0x35A60, 0x50AF0, 0x50AF0, 0x9E470, 0x35A60,
    0x7F7210, 0x35A60, 0x35A60, 0x35A60, 0x35A60, 0x35A60, 0x35A60, 0x35A60,
    0x35A60, 0x35A60, 0x35A60, 0x35A60, 0x803F40, 0x35A60, 0x75CBE0, 0x75CBF0,
    0x75CC10, 0x75CC40, 0x35A60, 0x35A60, 0x35A60, 0x35A60, 0x35A60, 0x35A60,
    0x35A60, 0x35A60, 0x35A60, 0x35A60, 0x35A60, 0x35A60, 0x35A60, 0x35A60,
    0x35A60, 0x35A60, 0x35A60, 0x35A60, 0x35A60, 0x75F0F0, 0x35A60, 0x35A60,
    0x35A60, 0x35A60, 0x35A60, 0x35A60, 0x35A60, 0x35A60, 0x75CC70, 0x35A60,
    0x35A60, 0x35A60, 0x35A60, 0x35A60, 0x2B5500, 0x2B5500, 0x35A60, 0x35A60,
    0x35A60, 0x35A60, 0x35A60, 0x35A60, 0x35A60, 0x35A60, 0x35A60, 0x35A60,
    0x35A60, 0x35A60, 0x35A60, 0x75CC10, 0x35A60, 0x35A60, 0x35A60, 0x50AF0,
    0x14C4E0, 0x803FA0, 0x35A60, 0x35A60
};

/* StatBounty -172 vtable slot RVAs */
const UINT_PTR g_statBountyVtableRVAs[172] = {
    0x57C8E0, 0x57C8D0, 0x57C800, 0x57C7F0, 0x50AF0, 0x723CF0, 0x35A60, 0x75C5F0,
    0x35A60, 0x35A60, 0x35A60, 0x35A60, 0x35A60, 0x35A60, 0x35A60, 0x35A60,
    0x35A60, 0x35A60, 0x35A60, 0x35A60, 0x35A60, 0x35A60, 0x35A60, 0x35A60,
    0x35A60, 0x75C5C0, 0x35A60, 0x35A60, 0x804220, 0x26BD0, 0x803960, 0x803860,
    0x803740, 0x35A60, 0x35A60, 0x35A60, 0x2B5500, 0x2B5500, 0x35A60, 0x35A60,
    0x35A60, 0x2B5500, 0x35A60, 0x35A60, 0x35A60, 0x35A60, 0x35A60, 0x35A60,
    0x35A60, 0x35A60, 0x35A60, 0x35A60, 0x35A60, 0x35A60, 0x35A60, 0x35A60,
    0x35A60, 0x35A60, 0x35A60, 0x35A60, 0x35A60, 0x35A60, 0x35A60, 0x35A60,
    0x35A60, 0x35A60, 0x35A60, 0x35A60, 0x35A60, 0x35A60, 0x35A60, 0x35A60,
    0x35A60, 0x35A60, 0x35A60, 0x35A60, 0x35A60, 0x35A60, 0x35A60, 0x35A60,
    0x35A60, 0x75CC60, 0x35A60, 0x35A60, 0x35A60, 0x35A60, 0x35A60, 0x35A60,
    0x35A60, 0x35A60, 0x35A60, 0x35A60, 0x50AF0, 0x50AF0, 0x227B40, 0x35A60,
    0x35A60, 0x35A60, 0x35A60, 0x35A60, 0x35A60, 0x35A60, 0x35A60, 0x35A60,
    0x35A60, 0x35A60, 0x35A60, 0x35A60, 0x803F40, 0x35A60, 0x75CBE0, 0x75CBF0,
    0x75CC10, 0x75CC40, 0x35A60, 0x35A60, 0x35A60, 0x35A60, 0x35A60, 0x35A60,
    0x35A60, 0x35A60, 0x35A60, 0x35A60, 0x35A60, 0x35A60, 0x35A60, 0x35A60,
    0x35A60, 0x35A60, 0x35A60, 0x35A60, 0x35A60, 0x75F0F0, 0x35A60, 0x35A60,
    0x35A60, 0x35A60, 0x35A60, 0x35A60, 0x35A60, 0x35A60, 0x75CC70, 0x35A60,
    0x35A60, 0x35A60, 0x35A60, 0x35A60, 0x2B5500, 0x2B5500, 0x35A60, 0x35A60,
    0x35A60, 0x35A60, 0x35A60, 0x35A60, 0x35A60, 0x35A60, 0x35A60, 0x35A60,
    0x35A60, 0x35A60, 0x35A60, 0x75CC10, 0x35A60, 0x35A60, 0x35A60, 0x50AF0,
    0x14C4E0, 0x803FA0, 0x35A60, 0x35A60
};

/* Status -172 vtable slot RVAs */
const UINT_PTR g_statusVtableRVAs[172] = {
    0x478D0, 0x478C0, 0x47840, 0x47830, 0x50AF0, 0x4C6D0, 0x35A60, 0x75C5F0,
    0x35A60, 0x35A60, 0x35A60, 0x35A60, 0x35A60, 0x35A60, 0x35A60, 0x35A60,
    0x35A60, 0x35A60, 0x35A60, 0x35A60, 0x35A60, 0x35A60, 0x35A60, 0x35A60,
    0x35A60, 0x75C5C0, 0x35A60, 0x35A60, 0x804220, 0x26BD0, 0x803960, 0x803860,
    0x803740, 0x35A60, 0x35A60, 0x35A60, 0x2B5500, 0x2B5500, 0x35A60, 0x35A60,
    0x35A60, 0x2B5500, 0x35A60, 0x35A60, 0x35A60, 0x35A60, 0x35A60, 0x35A60,
    0x35A60, 0x35A60, 0x35A60, 0x35A60, 0x35A60, 0x35A60, 0x35A60, 0x35A60,
    0x35A60, 0x35A60, 0x35A60, 0x35A60, 0x35A60, 0x35A60, 0x35A60, 0x35A60,
    0x35A60, 0x35A60, 0x35A60, 0x35A60, 0x35A60, 0x35A60, 0x35A60, 0x35A60,
    0x35A60, 0x35A60, 0x35A60, 0x35A60, 0x35A60, 0x35A60, 0x35A60, 0x35A60,
    0x35A60, 0x75CC60, 0x35A60, 0x35A60, 0x35A60, 0x35A60, 0x35A60, 0x35A60,
    0x35A60, 0x35A60, 0x35A60, 0x35A60, 0x50AF0, 0x50AF0, 0x35A60, 0x35A60,
    0x35A60, 0x35A60, 0x35A60, 0x35A60, 0x35A60, 0x35A60, 0x35A60, 0x35A60,
    0x35A60, 0x35A60, 0x35A60, 0x35A60, 0x803F40, 0x35A60, 0x75CBE0, 0x75CBF0,
    0x75CC10, 0x75CC40, 0x35A60, 0x35A60, 0x35A60, 0x35A60, 0x35A60, 0x35A60,
    0x35A60, 0x35A60, 0x35A60, 0x35A60, 0x35A60, 0x35A60, 0x35A60, 0x35A60,
    0x35A60, 0x35A60, 0x35A60, 0x35A60, 0x35A60, 0x75F0F0, 0x35A60, 0x35A60,
    0x35A60, 0x35A60, 0x35A60, 0x35A60, 0x35A60, 0x35A60, 0x75CC70, 0x35A60,
    0x35A60, 0x35A60, 0x35A60, 0x35A60, 0x2B5500, 0x2B5500, 0x35A60, 0x35A60,
    0x35A60, 0x35A60, 0x35A60, 0x35A60, 0x35A60, 0x35A60, 0x35A60, 0x35A60,
    0x35A60, 0x35A60, 0x35A60, 0x75CC10, 0x35A60, 0x35A60, 0x35A60, 0x50AF0,
    0x14C4E0, 0x803FA0, 0x35A60, 0x35A60
};

/* StatusAfterXStacks -172 vtable slot RVAs */
const UINT_PTR g_statusAfterXStacksVtableRVAs[172] = {
    0x579B00, 0x579AF0, 0x579A20, 0x579A10, 0x50AF0, 0x723D70, 0x35A60, 0x75C5F0,
    0x35A60, 0x35A60, 0x35A60, 0x35A60, 0x35A60, 0x35A60, 0x35A60, 0x35A60,
    0x35A60, 0x35A60, 0x35A60, 0x35A60, 0x35A60, 0x35A60, 0x35A60, 0x35A60,
    0x35A60, 0x75C5C0, 0x35A60, 0x35A60, 0x804220, 0x26BD0, 0x803960, 0x803860,
    0x803740, 0x35A60, 0x35A60, 0x24E570, 0x2B5500, 0x2B5500, 0x35A60, 0x35A60,
    0x35A60, 0x2B5500, 0x35A60, 0x35A60, 0x35A60, 0x35A60, 0x35A60, 0x35A60,
    0x35A60, 0x35A60, 0x35A60, 0x35A60, 0x35A60, 0x35A60, 0x35A60, 0x35A60,
    0x35A60, 0x35A60, 0x35A60, 0x35A60, 0x35A60, 0x35A60, 0x35A60, 0x35A60,
    0x35A60, 0x35A60, 0x35A60, 0x35A60, 0x35A60, 0x35A60, 0x35A60, 0x35A60,
    0x35A60, 0x35A60, 0x35A60, 0x35A60, 0x35A60, 0x35A60, 0x35A60, 0x35A60,
    0x35A60, 0x75CC60, 0x35A60, 0x35A60, 0x35A60, 0x35A60, 0x35A60, 0x35A60,
    0x35A60, 0x35A60, 0x35A60, 0x35A60, 0x50AF0, 0x50AF0, 0x35A60, 0x35A60,
    0x35A60, 0x35A60, 0x35A60, 0x35A60, 0x35A60, 0x35A60, 0x35A60, 0x35A60,
    0x35A60, 0x35A60, 0x35A60, 0x35A60, 0x803F40, 0x35A60, 0x75CBE0, 0x75CBF0,
    0x75CC10, 0x75CC40, 0x35A60, 0x35A60, 0x35A60, 0x35A60, 0x35A60, 0x35A60,
    0x35A60, 0x35A60, 0x35A60, 0x35A60, 0x35A60, 0x35A60, 0x35A60, 0x35A60,
    0x35A60, 0x35A60, 0x35A60, 0x35A60, 0x35A60, 0x75F0F0, 0x35A60, 0x35A60,
    0x35A60, 0x35A60, 0x35A60, 0x35A60, 0x35A60, 0x35A60, 0x75CC70, 0x35A60,
    0x35A60, 0x35A60, 0x35A60, 0x35A60, 0x2B5500, 0x2B5500, 0x35A60, 0x35A60,
    0x35A60, 0x35A60, 0x35A60, 0x35A60, 0x35A60, 0x35A60, 0x35A60, 0x35A60,
    0x35A60, 0x35A60, 0x35A60, 0x75CC10, 0x35A60, 0x35A60, 0x35A60, 0x50AF0,
    0x14C4E0, 0x803FA0, 0x24E260, 0x35A60
};

/* StatusAfterXTurns -172 vtable slot RVAs */
const UINT_PTR g_statusAfterXTurnsVtableRVAs[172] = {
    0x57A1C0, 0x57A1B0, 0x57A0E0, 0x57A0D0, 0x50AF0, 0x723DF0, 0x35A60, 0x75C5F0,
    0x35A60, 0x35A60, 0x35A60, 0x35A60, 0x35A60, 0x35A60, 0x35A60, 0x35A60,
    0x35A60, 0x35A60, 0x35A60, 0x35A60, 0x35A60, 0x35A60, 0x35A60, 0x35A60,
    0x35A60, 0x75C5C0, 0x35A60, 0x35A60, 0x804220, 0x26BD0, 0x803960, 0x803860,
    0x803740, 0x35A60, 0x35A60, 0x24CFF0, 0x2B5500, 0x2B5500, 0x35A60, 0x35A60,
    0x35A60, 0x2B5500, 0x35A60, 0x35A60, 0x35A60, 0x35A60, 0x35A60, 0x35A60,
    0x35A60, 0x35A60, 0x35A60, 0x35A60, 0x35A60, 0x35A60, 0x35A60, 0x35A60,
    0x35A60, 0x35A60, 0x35A60, 0x35A60, 0x35A60, 0x35A60, 0x35A60, 0x35A60,
    0x35A60, 0x35A60, 0x35A60, 0x35A60, 0x35A60, 0x35A60, 0x35A60, 0x35A60,
    0x35A60, 0x35A60, 0x35A60, 0x35A60, 0x35A60, 0x35A60, 0x35A60, 0x35A60,
    0x35A60, 0x75CC60, 0x35A60, 0x35A60, 0x35A60, 0x35A60, 0x35A60, 0x35A60,
    0x35A60, 0x35A60, 0x35A60, 0x35A60, 0x50AF0, 0x50AF0, 0x35A60, 0x35A60,
    0x35A60, 0x35A60, 0x35A60, 0x35A60, 0x35A60, 0x35A60, 0x35A60, 0x35A60,
    0x35A60, 0x35A60, 0x35A60, 0x35A60, 0x803F40, 0x35A60, 0x75CBE0, 0x75CBF0,
    0x75CC10, 0x75CC40, 0x35A60, 0x35A60, 0x35A60, 0x35A60, 0x35A60, 0x35A60,
    0x35A60, 0x35A60, 0x35A60, 0x35A60, 0x35A60, 0x35A60, 0x35A60, 0x35A60,
    0x35A60, 0x35A60, 0x35A60, 0x35A60, 0x35A60, 0x75F0F0, 0x35A60, 0x35A60,
    0x35A60, 0x35A60, 0x35A60, 0x35A60, 0x35A60, 0x35A60, 0x75CC70, 0x35A60,
    0x35A60, 0x35A60, 0x35A60, 0x35A60, 0x2B5500, 0x2B5500, 0x35A60, 0x35A60,
    0x35A60, 0x35A60, 0x35A60, 0x35A60, 0x35A60, 0x35A60, 0x35A60, 0x35A60,
    0x35A60, 0x35A60, 0x35A60, 0x75CC10, 0x35A60, 0x35A60, 0x35A60, 0x50AF0,
    0x14C4E0, 0x803FA0, 0x35A60, 0x35A60
};

/* Stealth -172 vtable slot RVAs */
const UINT_PTR g_stealthVtableRVAs[172] = {
    0x55F0A0, 0x55F090, 0x55EFC0, 0x55EFB0, 0x50AF0, 0x723EF0, 0x35A60, 0x75C5F0,
    0x35A60, 0x35A60, 0x35A60, 0x8ACAC0, 0x35A60, 0x35A60, 0x35A60, 0x35A60,
    0x35A60, 0x35A60, 0x35A60, 0x35A60, 0x35A60, 0x35A60, 0x35A60, 0x35A60,
    0x35A60, 0x75C5C0, 0x35A60, 0x35A60, 0x804220, 0x26BD0, 0x803960, 0x803860,
    0x803740, 0x8AC910, 0x35A60, 0x35A60, 0x2B5500, 0x2B5500, 0x35A60, 0x35A60,
    0x35A60, 0x2B5500, 0x35A60, 0x35A60, 0x35A60, 0x35A60, 0x35A60, 0x35A60,
    0x35A60, 0x35A60, 0x35A60, 0x35A60, 0x35A60, 0x35A60, 0x35A60, 0x35A60,
    0x35A60, 0x35A60, 0x35A60, 0x35A60, 0x35A60, 0x35A60, 0x35A60, 0x8AC950,
    0x8AC9F0, 0x35A60, 0x35A60, 0x35A60, 0x35A60, 0x35A60, 0x35A60, 0x35A60,
    0x35A60, 0x35A60, 0x35A60, 0x35A60, 0x35A60, 0x35A60, 0x35A60, 0x35A60,
    0x35A60, 0x75CC60, 0x35A60, 0x35A60, 0x35A60, 0x35A60, 0x35A60, 0x35A60,
    0x35A60, 0x35A60, 0x35A60, 0x35A60, 0x9A8F0, 0x50AF0, 0x35A60, 0x35A60,
    0x35A60, 0x35A60, 0x35A60, 0x35A60, 0x35A60, 0x35A60, 0x35A60, 0x35A60,
    0x35A60, 0x35A60, 0x35A60, 0x35A60, 0x803F40, 0x35A60, 0x75CBE0, 0x75CBF0,
    0x75CC10, 0x75CC40, 0x35A60, 0x35A60, 0x35A60, 0x35A60, 0x35A60, 0x35A60,
    0x35A60, 0x35A60, 0x35A60, 0x35A60, 0x35A60, 0x35A60, 0x35A60, 0x35A60,
    0x35A60, 0x35A60, 0x35A60, 0x35A60, 0x35A60, 0x75F0F0, 0x35A60, 0x35A60,
    0x35A60, 0x35A60, 0x35A60, 0x35A60, 0x35A60, 0x35A60, 0x75CC70, 0x35A60,
    0x35A60, 0x35A60, 0x35A60, 0x35A60, 0x2B5500, 0x2B5500, 0x35A60, 0x35A60,
    0x35A60, 0x35A60, 0x35A60, 0x35A60, 0x35A60, 0x35A60, 0x35A60, 0x35A60,
    0x35A60, 0x35A60, 0x35A60, 0x75CC10, 0x35A60, 0x35A60, 0x35A60, 0x50AF0,
    0x14C4E0, 0x803FA0, 0x35A60, 0x35A60
};

/* StealthCritChance -172 vtable slot RVAs */
const UINT_PTR g_stealthCritChanceVtableRVAs[172] = {
    0x560F70, 0x560F60, 0x560E90, 0x560E80, 0x50AF0, 0x723F70, 0x35A60, 0x75C5F0,
    0x35A60, 0x35A60, 0x8A86A0, 0x35A60, 0x35A60, 0x35A60, 0x35A60, 0x35A60,
    0x35A60, 0x35A60, 0x35A60, 0x35A60, 0x35A60, 0x35A60, 0x35A60, 0x35A60,
    0x35A60, 0x75C5C0, 0x35A60, 0x35A60, 0x804220, 0x26BD0, 0x803960, 0x803860,
    0x803740, 0x35A60, 0x35A60, 0x35A60, 0x2B5500, 0x2B5500, 0x35A60, 0x35A60,
    0x35A60, 0x2B5500, 0x35A60, 0x35A60, 0x35A60, 0x35A60, 0x35A60, 0x35A60,
    0x35A60, 0x35A60, 0x35A60, 0x35A60, 0x35A60, 0x35A60, 0x35A60, 0x35A60,
    0x35A60, 0x35A60, 0x8A8670, 0x35A60, 0x35A60, 0x35A60, 0x35A60, 0x35A60,
    0x35A60, 0x35A60, 0x35A60, 0x35A60, 0x35A60, 0x35A60, 0x35A60, 0x35A60,
    0x35A60, 0x35A60, 0x35A60, 0x35A60, 0x35A60, 0x35A60, 0x35A60, 0x35A60,
    0x35A60, 0x75CC60, 0x35A60, 0x35A60, 0x35A60, 0x35A60, 0x35A60, 0x35A60,
    0x35A60, 0x35A60, 0x35A60, 0x35A60, 0x50AF0, 0x50AF0, 0x35A60, 0x35A60,
    0x35A60, 0x35A60, 0x35A60, 0x35A60, 0x35A60, 0x35A60, 0x35A60, 0x35A60,
    0x35A60, 0x35A60, 0x35A60, 0x35A60, 0x803F40, 0x35A60, 0x75CBE0, 0x75CBF0,
    0x75CC10, 0x75CC40, 0x35A60, 0x35A60, 0x35A60, 0x35A60, 0x35A60, 0x35A60,
    0x35A60, 0x35A60, 0x35A60, 0x35A60, 0x35A60, 0x35A60, 0x35A60, 0x35A60,
    0x35A60, 0x35A60, 0x35A60, 0x35A60, 0x35A60, 0x75F0F0, 0x35A60, 0x35A60,
    0x35A60, 0x35A60, 0x35A60, 0x35A60, 0x35A60, 0x35A60, 0x75CC70, 0x35A60,
    0x35A60, 0x35A60, 0x35A60, 0x35A60, 0x2B5500, 0x2B5500, 0x35A60, 0x35A60,
    0x35A60, 0x35A60, 0x35A60, 0x35A60, 0x35A60, 0x35A60, 0x35A60, 0x35A60,
    0x35A60, 0x35A60, 0x35A60, 0x75CC10, 0x35A60, 0x35A60, 0x35A60, 0x50AF0,
    0x14C4E0, 0x803FA0, 0x35A60, 0x35A60
};

/* StealthUntilBasicAttack -172 vtable slot RVAs */
const UINT_PTR g_stealthUntilBasicAttackVtableRVAs[172] = {
    0x55EF40, 0x55EF30, 0x55EE00, 0x55EDF0, 0x50AF0, 0x723FF0, 0x35A60, 0x75C5F0,
    0x35A60, 0x35A60, 0x35A60, 0x8ACAC0, 0x35A60, 0x35A60, 0x35A60, 0x35A60,
    0x35A60, 0x35A60, 0x35A60, 0x35A60, 0x35A60, 0x35A60, 0x35A60, 0x35A60,
    0x35A60, 0x75C5C0, 0x35A60, 0x35A60, 0x804220, 0x26BD0, 0x803960, 0x803860,
    0x803740, 0x8AC910, 0x35A60, 0x35A60, 0x2B5500, 0x2B5500, 0x35A60, 0x35A60,
    0x35A60, 0x2B5500, 0x35A60, 0x35A60, 0x35A60, 0x35A60, 0x35A60, 0x35A60,
    0x35A60, 0x35A60, 0x35A60, 0x35A60, 0x35A60, 0x35A60, 0x35A60, 0x35A60,
    0x8ACAF0, 0x35A60, 0x35A60, 0x35A60, 0x35A60, 0x35A60, 0x35A60, 0x8AC950,
    0x8AC9F0, 0x35A60, 0x35A60, 0x35A60, 0x35A60, 0x35A60, 0x35A60, 0x35A60,
    0x35A60, 0x35A60, 0x35A60, 0x35A60, 0x35A60, 0x35A60, 0x35A60, 0x35A60,
    0x35A60, 0x75CC60, 0x35A60, 0x35A60, 0x35A60, 0x35A60, 0x35A60, 0x35A60,
    0x35A60, 0x35A60, 0x35A60, 0x35A60, 0x9A8F0, 0x50AF0, 0x35A60, 0x35A60,
    0x35A60, 0x35A60, 0x35A60, 0x35A60, 0x35A60, 0x35A60, 0x35A60, 0x35A60,
    0x35A60, 0x35A60, 0x35A60, 0x35A60, 0x803F40, 0x35A60, 0x75CBE0, 0x75CBF0,
    0x75CC10, 0x75CC40, 0x35A60, 0x35A60, 0x35A60, 0x35A60, 0x35A60, 0x35A60,
    0x35A60, 0x35A60, 0x35A60, 0x35A60, 0x35A60, 0x35A60, 0x35A60, 0x35A60,
    0x35A60, 0x35A60, 0x35A60, 0x35A60, 0x35A60, 0x75F0F0, 0x35A60, 0x35A60,
    0x35A60, 0x35A60, 0x35A60, 0x35A60, 0x35A60, 0x35A60, 0x75CC70, 0x35A60,
    0x35A60, 0x35A60, 0x35A60, 0x35A60, 0x2B5500, 0x2B5500, 0x35A60, 0x35A60,
    0x35A60, 0x35A60, 0x35A60, 0x35A60, 0x35A60, 0x35A60, 0x35A60, 0x35A60,
    0x35A60, 0x35A60, 0x35A60, 0x75CC10, 0x35A60, 0x35A60, 0x35A60, 0x50AF0,
    0x14C4E0, 0x803FA0, 0x35A60, 0x35A60
};

/* StealTurn -172 vtable slot RVAs */
const UINT_PTR g_stealTurnVtableRVAs[172] = {
    0x59AF20, 0x59AF10, 0x59AE40, 0x59AE30, 0x50AF0, 0x723E70, 0x35A60, 0x75C5F0,
    0x35A60, 0x35A60, 0x35A60, 0x35A60, 0x35A60, 0x35A60, 0x35A60, 0x35A60,
    0x35A60, 0x35A60, 0x35A60, 0x35A60, 0x35A60, 0x35A60, 0x35A60, 0x35A60,
    0x35A60, 0x75C5C0, 0x35A60, 0x35A60, 0x804220, 0x26BD0, 0x803960, 0x803860,
    0x803740, 0xB20C0, 0x35A60, 0x35A60, 0x2B5500, 0x2B5500, 0xB20C0, 0x35A60,
    0x35A60, 0x2B5500, 0x35A60, 0x35A60, 0x35A60, 0x35A60, 0x35A60, 0x35A60,
    0x35A60, 0x35A60, 0x35A60, 0x35A60, 0x35A60, 0x35A60, 0x35A60, 0x35A60,
    0x35A60, 0x35A60, 0x35A60, 0x35A60, 0x35A60, 0x35A60, 0x35A60, 0x35A60,
    0x35A60, 0x35A60, 0x35A60, 0x35A60, 0x35A60, 0x35A60, 0x35A60, 0x35A60,
    0x35A60, 0x35A60, 0x35A60, 0x35A60, 0x35A60, 0x35A60, 0x35A60, 0x35A60,
    0x35A60, 0x75CC60, 0x35A60, 0x35A60, 0x35A60, 0x35A60, 0x35A60, 0x35A60,
    0x35A60, 0x35A60, 0x35A60, 0xB20C0, 0x50AF0, 0x50AF0, 0x35A60, 0x35A60,
    0x35A60, 0x35A60, 0x35A60, 0x35A60, 0x35A60, 0x35A60, 0x35A60, 0x35A60,
    0x35A60, 0x35A60, 0x35A60, 0x35A60, 0x803F40, 0x35A60, 0x75CBE0, 0x75CBF0,
    0x75CC10, 0x75CC40, 0x35A60, 0x35A60, 0x35A60, 0x35A60, 0x35A60, 0x35A60,
    0x35A60, 0x35A60, 0x35A60, 0x35A60, 0x35A60, 0x35A60, 0x35A60, 0x35A60,
    0x35A60, 0x35A60, 0x35A60, 0x35A60, 0x35A60, 0x75F0F0, 0x35A60, 0x35A60,
    0x35A60, 0x35A60, 0x35A60, 0x35A60, 0x35A60, 0x35A60, 0x75CC70, 0x35A60,
    0x35A60, 0x35A60, 0x35A60, 0x35A60, 0x2B5500, 0x2B5500, 0x35A60, 0x35A60,
    0x35A60, 0x35A60, 0x35A60, 0x35A60, 0x35A60, 0x35A60, 0x35A60, 0x35A60,
    0x35A60, 0x35A60, 0x35A60, 0x75CC10, 0x35A60, 0x35A60, 0x35A60, 0x50AF0,
    0x14C4E0, 0x803FA0, 0x35A60, 0x35A60
};

/* StrengthUp -172 vtable slot RVAs */
const UINT_PTR g_strengthUpVtableRVAs[172] = {
    0x564860, 0x564850, 0x564780, 0x564770, 0x50AF0, 0x724070, 0x35A60, 0x75C5F0,
    0x35A60, 0x35A60, 0x35A60, 0x35A60, 0x35A60, 0x35A60, 0x35A60, 0x35A60,
    0x35A60, 0x35A60, 0x35A60, 0x35A60, 0x35A60, 0x35A60, 0x35A60, 0x35A60,
    0x35A60, 0x75C5C0, 0x35A60, 0x35A60, 0x804220, 0x26BD0, 0x803960, 0x803860,
    0x803740, 0x35A60, 0x35A60, 0x35A60, 0x2B5500, 0x2B5500, 0x35A60, 0x35A60,
    0x35A60, 0x2B5500, 0x35A60, 0x35A60, 0x35A60, 0x35A60, 0x35A60, 0x35A60,
    0x35A60, 0x35A60, 0x35A60, 0x35A60, 0x35A60, 0x35A60, 0x35A60, 0x35A60,
    0x35A60, 0x35A60, 0x35A60, 0x35A60, 0x35A60, 0x35A60, 0x35A60, 0x35A60,
    0x35A60, 0x35A60, 0x35A60, 0x35A60, 0x35A60, 0x35A60, 0x35A60, 0x35A60,
    0x35A60, 0x35A60, 0x35A60, 0x35A60, 0x35A60, 0x35A60, 0x35A60, 0x35A60,
    0x35A60, 0x75CC60, 0x89C8D0, 0x35A60, 0x35A60, 0x35A60, 0x35A60, 0x35A60,
    0x35A60, 0x35A60, 0x35A60, 0x35A60, 0x50AF0, 0x50AF0, 0x35A60, 0x35A60,
    0x35A60, 0x35A60, 0x35A60, 0x35A60, 0x35A60, 0x35A60, 0x35A60, 0x35A60,
    0x35A60, 0x35A60, 0x35A60, 0x35A60, 0x803F40, 0x35A60, 0x75CBE0, 0x75CBF0,
    0x75CC10, 0x75CC40, 0x35A60, 0x35A60, 0x35A60, 0x35A60, 0x35A60, 0x35A60,
    0x35A60, 0x35A60, 0x35A60, 0x35A60, 0x35A60, 0x35A60, 0x35A60, 0x35A60,
    0x35A60, 0x35A60, 0x35A60, 0x35A60, 0x35A60, 0x75F0F0, 0x35A60, 0x35A60,
    0x35A60, 0x35A60, 0x35A60, 0x35A60, 0x35A60, 0x35A60, 0x75CC70, 0x35A60,
    0x35A60, 0x35A60, 0x35A60, 0x35A60, 0x2B5500, 0x2B5500, 0x35A60, 0x35A60,
    0x35A60, 0x35A60, 0x35A60, 0x35A60, 0x35A60, 0x35A60, 0x35A60, 0x35A60,
    0x35A60, 0x35A60, 0x35A60, 0x75CC10, 0x35A60, 0x35A60, 0x35A60, 0x50AF0,
    0x14C4E0, 0x803FA0, 0x35A60, 0x35A60
};

/* Stun -172 vtable slot RVAs */
const UINT_PTR g_stunVtableRVAs[172] = {
    0x5A1DB0, 0x5A1DA0, 0x5A1CD0, 0x5A1CC0, 0x50AF0, 0x7240F0, 0x35A60, 0x75C5F0,
    0x35A60, 0x35A60, 0x35A60, 0x97780, 0x35A60, 0x35A60, 0x35A60, 0x35A60,
    0x35A60, 0x35A60, 0x35A60, 0x35A60, 0x35A60, 0x35A60, 0x35A60, 0x35A60,
    0x35A60, 0x75C5C0, 0x35A60, 0x35A60, 0x804220, 0x26BD0, 0x803960, 0x803860,
    0x803740, 0x975E0, 0x35A60, 0x976E0, 0x97640, 0x2B5500, 0x35A60, 0x35A60,
    0x35A60, 0x2B5500, 0x35A60, 0x35A60, 0x975F0, 0x35A60, 0x35A60, 0x35A60,
    0x35A60, 0x35A60, 0x35A60, 0x35A60, 0x35A60, 0x35A60, 0x35A60, 0x35A60,
    0x35A60, 0x35A60, 0x35A60, 0x35A60, 0x35A60, 0x35A60, 0x35A60, 0x35A60,
    0x35A60, 0x35A60, 0x35A60, 0x35A60, 0x35A60, 0x35A60, 0x35A60, 0x35A60,
    0x35A60, 0x35A60, 0x35A60, 0x35A60, 0x35A60, 0x35A60, 0x35A60, 0x35A60,
    0x35A60, 0x97770, 0x35A60, 0x35A60, 0x35A60, 0x35A60, 0x35A60, 0x35A60,
    0x35A60, 0x35A60, 0x35A60, 0x35A60, 0x50AF0, 0x50AF0, 0x35A60, 0x35A60,
    0x35A60, 0x35A60, 0x35A60, 0x35A60, 0x35A60, 0x35A60, 0x35A60, 0x35A60,
    0x35A60, 0x35A60, 0x35A60, 0x35A60, 0x803F40, 0x35A60, 0x75CBE0, 0x75CBF0,
    0x97730, 0x75CC40, 0x35A60, 0x35A60, 0x35A60, 0x35A60, 0x35A60, 0x35A60,
    0x35A60, 0x35A60, 0x35A60, 0x35A60, 0x35A60, 0x35A60, 0x35A60, 0x35A60,
    0x35A60, 0x35A60, 0x35A60, 0x35A60, 0x35A60, 0x75F0F0, 0x35A60, 0x35A60,
    0x35A60, 0x35A60, 0x35A60, 0x35A60, 0x35A60, 0x35A60, 0x75CC70, 0x35A60,
    0x35A60, 0x35A60, 0x35A60, 0x35A60, 0x2B5500, 0x2B5500, 0x35A60, 0x35A60,
    0x35A60, 0x35A60, 0x35A60, 0x35A60, 0x35A60, 0x35A60, 0x35A60, 0x35A60,
    0x35A60, 0x35A60, 0x35A60, 0x75CC10, 0x35A60, 0x35A60, 0x35A60, 0x50AF0,
    0x14C4E0, 0x803FA0, 0x35A60, 0x35A60
};

/* SwapBackAtTurnEnd -172 vtable slot RVAs */
const UINT_PTR g_swapBackAtTurnEndVtableRVAs[172] = {
    0x55E820, 0x55E810, 0x55E740, 0x55E730, 0x50AF0, 0x724170, 0x35A60, 0x75C5F0,
    0x35A60, 0x35A60, 0x8ACF80, 0x35A60, 0x35A60, 0x35A60, 0x35A60, 0x35A60,
    0x35A60, 0x35A60, 0x35A60, 0x35A60, 0x35A60, 0x35A60, 0x35A60, 0x35A60,
    0x35A60, 0x75C5C0, 0x35A60, 0x35A60, 0x804220, 0x26BD0, 0x803960, 0x803860,
    0x803740, 0x8ACD00, 0x35A60, 0x8ACD90, 0x2B5500, 0x2B5500, 0x35A60, 0x35A60,
    0x35A60, 0x2B5500, 0x35A60, 0x35A60, 0x35A60, 0x8ACD80, 0x35A60, 0x35A60,
    0x35A60, 0x35A60, 0x35A60, 0x35A60, 0x35A60, 0x35A60, 0x35A60, 0x35A60,
    0x35A60, 0x35A60, 0x35A60, 0x35A60, 0x35A60, 0x35A60, 0x35A60, 0x35A60,
    0x35A60, 0x35A60, 0x35A60, 0x35A60, 0x35A60, 0x35A60, 0x35A60, 0x35A60,
    0x35A60, 0x35A60, 0x35A60, 0x35A60, 0x35A60, 0x35A60, 0x35A60, 0x35A60,
    0x35A60, 0x75CC60, 0x35A60, 0x35A60, 0x35A60, 0x35A60, 0x35A60, 0x35A60,
    0x35A60, 0x35A60, 0x35A60, 0x35A60, 0x50AF0, 0x50AF0, 0x35A60, 0x35A60,
    0x35A60, 0x35A60, 0x35A60, 0x35A60, 0x35A60, 0x35A60, 0x35A60, 0x35A60,
    0x35A60, 0x35A60, 0x35A60, 0x35A60, 0x803F40, 0x35A60, 0x75CBE0, 0x75CBF0,
    0x75CC10, 0x75CC40, 0x35A60, 0x35A60, 0x35A60, 0x35A60, 0x35A60, 0x35A60,
    0x35A60, 0x35A60, 0x35A60, 0x35A60, 0x35A60, 0x35A60, 0x35A60, 0x35A60,
    0x35A60, 0x35A60, 0x35A60, 0x35A60, 0x35A60, 0x75F0F0, 0x35A60, 0x35A60,
    0x35A60, 0x35A60, 0x35A60, 0x35A60, 0x35A60, 0x35A60, 0x75CC70, 0x35A60,
    0x35A60, 0x35A60, 0x35A60, 0x35A60, 0x2B5500, 0x2B5500, 0x35A60, 0x35A60,
    0x35A60, 0x35A60, 0x35A60, 0x35A60, 0x35A60, 0x35A60, 0x35A60, 0x35A60,
    0x35A60, 0x35A60, 0x35A60, 0x75CC10, 0x35A60, 0x35A60, 0x35A60, 0x50AF0,
    0x14C4E0, 0x803FA0, 0x35A60, 0x35A60
};

/* Switcheroo -172 vtable slot RVAs */
const UINT_PTR g_switcherooVtableRVAs[172] = {
    0x55B9C0, 0x55B9B0, 0x55B8E0, 0x55B8D0, 0x50AF0, 0x7241F0, 0x35A60, 0x75C5F0,
    0x35A60, 0x35A60, 0x35A60, 0x35A60, 0x35A60, 0x35A60, 0x35A60, 0x35A60,
    0x35A60, 0x35A60, 0x35A60, 0x35A60, 0x35A60, 0x35A60, 0x35A60, 0x35A60,
    0x35A60, 0x75C5C0, 0x35A60, 0x35A60, 0x804220, 0x26BD0, 0x803960, 0x803860,
    0x803740, 0x35A60, 0x35A60, 0x35A60, 0x2B5500, 0x2B5500, 0x35A60, 0x35A60,
    0x35A60, 0x2B5500, 0x35A60, 0x35A60, 0x35A60, 0x35A60, 0x35A60, 0x35A60,
    0x35A60, 0x35A60, 0x35A60, 0x35A60, 0x35A60, 0x35A60, 0x35A60, 0x35A60,
    0x35A60, 0x8BD6E0, 0x35A60, 0x35A60, 0x35A60, 0x35A60, 0x35A60, 0x35A60,
    0x35A60, 0x35A60, 0x35A60, 0x35A60, 0x35A60, 0x35A60, 0x35A60, 0x35A60,
    0x35A60, 0x35A60, 0x35A60, 0x35A60, 0x35A60, 0x35A60, 0x35A60, 0x35A60,
    0x35A60, 0x75CC60, 0x35A60, 0x35A60, 0x35A60, 0x35A60, 0x35A60, 0x35A60,
    0x35A60, 0x35A60, 0x35A60, 0x35A60, 0x50AF0, 0x50AF0, 0x35A60, 0x35A60,
    0x35A60, 0x35A60, 0x35A60, 0x35A60, 0x35A60, 0x35A60, 0x35A60, 0x35A60,
    0x35A60, 0x35A60, 0x35A60, 0x35A60, 0x803F40, 0x35A60, 0x75CBE0, 0x75CBF0,
    0x75CC10, 0x75CC40, 0x35A60, 0x35A60, 0x35A60, 0x35A60, 0x35A60, 0x35A60,
    0x35A60, 0x35A60, 0x35A60, 0x35A60, 0x35A60, 0x35A60, 0x35A60, 0x35A60,
    0x35A60, 0x35A60, 0x35A60, 0x35A60, 0x35A60, 0x75F0F0, 0x35A60, 0x35A60,
    0x35A60, 0x35A60, 0x35A60, 0x35A60, 0x35A60, 0x35A60, 0x75CC70, 0x35A60,
    0x35A60, 0x35A60, 0x35A60, 0x35A60, 0x2B5500, 0x2B5500, 0x35A60, 0x35A60,
    0x35A60, 0x35A60, 0x35A60, 0x35A60, 0x35A60, 0x35A60, 0x35A60, 0x35A60,
    0x35A60, 0x35A60, 0x35A60, 0x75CC10, 0x35A60, 0x35A60, 0x35A60, 0x50AF0,
    0x14C4E0, 0x803FA0, 0x35A60, 0x35A60
};

/* T2CopyCatInternal -172 vtable slot RVAs */
const UINT_PTR g_t2CopyCatInternalVtableRVAs[172] = {
    0x5684A0, 0x568490, 0x5683C0, 0x5683B0, 0x50AF0, 0x71C380, 0x35A60, 0x75C5F0,
    0x35A60, 0x35A60, 0x35A60, 0x35A60, 0x35A60, 0x35A60, 0x35A60, 0x35A60,
    0x35A60, 0x35A60, 0x35A60, 0x35A60, 0x35A60, 0x35A60, 0x35A60, 0x35A60,
    0x35A60, 0x75C5C0, 0x35A60, 0x35A60, 0x804220, 0x26BD0, 0x803960, 0x803860,
    0x803740, 0x7FA7C0, 0x35A60, 0x35A60, 0x2B5500, 0x2B5500, 0x35A60, 0x35A60,
    0x35A60, 0x2B5500, 0x35A60, 0x35A60, 0x35A60, 0x7FB450, 0x35A60, 0x35A60,
    0x35A60, 0x35A60, 0x35A60, 0x35A60, 0x35A60, 0x35A60, 0x35A60, 0x35A60,
    0x35A60, 0x35A60, 0x35A60, 0x35A60, 0x35A60, 0x35A60, 0x35A60, 0x35A60,
    0x35A60, 0x35A60, 0x35A60, 0x35A60, 0x35A60, 0x35A60, 0x35A60, 0x35A60,
    0x35A60, 0x35A60, 0x35A60, 0x35A60, 0x35A60, 0x35A60, 0x35A60, 0x35A60,
    0x35A60, 0x75CC60, 0x35A60, 0x7FB660, 0x35A60, 0x35A60, 0x35A60, 0x35A60,
    0x35A60, 0x35A60, 0x35A60, 0x35A60, 0x50AF0, 0x50AF0, 0x35A60, 0x35A60,
    0x35A60, 0x35A60, 0x35A60, 0x35A60, 0x35A60, 0x35A60, 0x35A60, 0x35A60,
    0x35A60, 0x35A60, 0x35A60, 0x35A60, 0x803F40, 0x35A60, 0x75CBE0, 0x75CBF0,
    0x75CC10, 0x75CC40, 0x35A60, 0x35A60, 0x35A60, 0x35A60, 0x35A60, 0x35A60,
    0x35A60, 0x35A60, 0x35A60, 0x35A60, 0x35A60, 0x35A60, 0x35A60, 0x35A60,
    0x35A60, 0x35A60, 0x35A60, 0x35A60, 0x35A60, 0x75F0F0, 0x35A60, 0x35A60,
    0x35A60, 0x35A60, 0x35A60, 0x35A60, 0x35A60, 0x35A60, 0x75CC70, 0x35A60,
    0x35A60, 0x35A60, 0x35A60, 0x35A60, 0x2B5500, 0x2B5500, 0x35A60, 0x35A60,
    0x35A60, 0x35A60, 0x35A60, 0x35A60, 0x35A60, 0x35A60, 0x35A60, 0x35A60,
    0x35A60, 0x35A60, 0x35A60, 0x75CC10, 0x35A60, 0x35A60, 0x35A60, 0x50AF0,
    0x14C4E0, 0x803FA0, 0x35A60, 0x35A60
};

/* TakeBonusTurnWithAIControl -172 vtable slot RVAs */
const UINT_PTR g_takeBonusTurnWithAIControlVtableRVAs[172] = {
    0x57A8B0, 0x57A8A0, 0x57A7D0, 0x57A7C0, 0x50AF0, 0x724270, 0x35A60, 0x75C5F0,
    0x35A60, 0x35A60, 0x35A60, 0x35A60, 0x35A60, 0x35A60, 0x35A60, 0x35A60,
    0x35A60, 0x35A60, 0x35A60, 0x35A60, 0x35A60, 0x35A60, 0x35A60, 0x35A60,
    0x35A60, 0x75C5C0, 0x35A60, 0x35A60, 0x804220, 0x26BD0, 0x803960, 0x803860,
    0x803740, 0x24BAB0, 0x24BBD0, 0x24BC30, 0x2B5500, 0x2B5500, 0x35A60, 0x35A60,
    0x35A60, 0x2B5500, 0x35A60, 0x35A60, 0x35A60, 0x35A60, 0x35A60, 0x35A60,
    0x35A60, 0x35A60, 0x35A60, 0x35A60, 0x35A60, 0x35A60, 0x35A60, 0x35A60,
    0x35A60, 0x35A60, 0x35A60, 0x35A60, 0x35A60, 0x35A60, 0x35A60, 0x35A60,
    0x35A60, 0x35A60, 0x35A60, 0x35A60, 0x35A60, 0x35A60, 0x35A60, 0x35A60,
    0x35A60, 0x35A60, 0x35A60, 0x35A60, 0x35A60, 0x35A60, 0x35A60, 0x35A60,
    0x35A60, 0x75CC60, 0x35A60, 0x35A60, 0x35A60, 0x35A60, 0x35A60, 0x35A60,
    0x35A60, 0x35A60, 0x35A60, 0x35A60, 0x50AF0, 0x50AF0, 0x35A60, 0x35A60,
    0x35A60, 0x35A60, 0x35A60, 0x35A60, 0x35A60, 0x35A60, 0x35A60, 0x35A60,
    0x35A60, 0x35A60, 0x35A60, 0x35A60, 0x803F40, 0x35A60, 0x75CBE0, 0x75CBF0,
    0x24BC40, 0x75CC40, 0x35A60, 0x35A60, 0x35A60, 0x35A60, 0x35A60, 0x35A60,
    0x35A60, 0x35A60, 0x35A60, 0x35A60, 0x35A60, 0x35A60, 0x35A60, 0x35A60,
    0x35A60, 0x35A60, 0x35A60, 0x35A60, 0x35A60, 0x75F0F0, 0x35A60, 0x35A60,
    0x35A60, 0x35A60, 0x35A60, 0x35A60, 0x35A60, 0x35A60, 0x75CC70, 0x35A60,
    0x35A60, 0x35A60, 0x35A60, 0x35A60, 0x2B5500, 0x2B5500, 0x35A60, 0x35A60,
    0x35A60, 0x35A60, 0x35A60, 0x35A60, 0x35A60, 0x35A60, 0x35A60, 0x35A60,
    0x35A60, 0x35A60, 0x35A60, 0x75CC10, 0x35A60, 0x35A60, 0x35A60, 0x50AF0,
    0x14C4E0, 0x803FA0, 0x35A60, 0x35A60
};

/* TakeBonusTurnWithStatus -172 vtable slot RVAs */
const UINT_PTR g_takeBonusTurnWithStatusVtableRVAs[172] = {
    0x57A600, 0x57A5F0, 0x57A520, 0x57A510, 0x50AF0, 0x7242F0, 0x35A60, 0x75C5F0,
    0x35A60, 0x35A60, 0x35A60, 0x35A60, 0x35A60, 0x35A60, 0x35A60, 0x35A60,
    0x35A60, 0x35A60, 0x35A60, 0x35A60, 0x35A60, 0x35A60, 0x35A60, 0x35A60,
    0x35A60, 0x75C5C0, 0x35A60, 0x35A60, 0x804220, 0x26BD0, 0x803960, 0x803860,
    0x803740, 0x24BAB0, 0x24CC00, 0x24BC30, 0x2B5500, 0x2B5500, 0x35A60, 0x35A60,
    0x35A60, 0x2B5500, 0x35A60, 0x35A60, 0x35A60, 0x35A60, 0x35A60, 0x35A60,
    0x35A60, 0x35A60, 0x35A60, 0x35A60, 0x35A60, 0x35A60, 0x35A60, 0x35A60,
    0x35A60, 0x35A60, 0x35A60, 0x35A60, 0x35A60, 0x35A60, 0x35A60, 0x35A60,
    0x35A60, 0x35A60, 0x35A60, 0x35A60, 0x35A60, 0x35A60, 0x35A60, 0x35A60,
    0x35A60, 0x35A60, 0x35A60, 0x35A60, 0x35A60, 0x35A60, 0x35A60, 0x35A60,
    0x35A60, 0x75CC60, 0x35A60, 0x35A60, 0x35A60, 0x35A60, 0x35A60, 0x35A60,
    0x35A60, 0x35A60, 0x35A60, 0x35A60, 0x50AF0, 0x50AF0, 0x35A60, 0x35A60,
    0x35A60, 0x35A60, 0x35A60, 0x35A60, 0x35A60, 0x35A60, 0x35A60, 0x35A60,
    0x35A60, 0x35A60, 0x35A60, 0x35A60, 0x803F40, 0x35A60, 0x75CBE0, 0x75CBF0,
    0x75CC10, 0x75CC40, 0x35A60, 0x35A60, 0x35A60, 0x35A60, 0x35A60, 0x35A60,
    0x35A60, 0x35A60, 0x35A60, 0x35A60, 0x35A60, 0x35A60, 0x35A60, 0x35A60,
    0x35A60, 0x35A60, 0x35A60, 0x35A60, 0x35A60, 0x75F0F0, 0x35A60, 0x35A60,
    0x35A60, 0x35A60, 0x35A60, 0x35A60, 0x35A60, 0x35A60, 0x75CC70, 0x35A60,
    0x35A60, 0x35A60, 0x35A60, 0x35A60, 0x2B5500, 0x2B5500, 0x35A60, 0x35A60,
    0x35A60, 0x35A60, 0x35A60, 0x35A60, 0x35A60, 0x35A60, 0x35A60, 0x35A60,
    0x35A60, 0x35A60, 0x35A60, 0x75CC10, 0x35A60, 0x35A60, 0x35A60, 0x50AF0,
    0x14C4E0, 0x803FA0, 0x35A60, 0x35A60
};

/* Tangled -172 vtable slot RVAs */
const UINT_PTR g_tangledVtableRVAs[172] = {
    0x59DF90, 0x59DF80, 0x59DEB0, 0x59DEA0, 0x50AF0, 0x724370, 0x35A60, 0x75C5F0,
    0x35A60, 0x35A60, 0x35A60, 0x9DD30, 0x35A60, 0x35A60, 0x35A60, 0x35A60,
    0x35A60, 0x35A60, 0x35A60, 0x35A60, 0x35A60, 0x35A60, 0x35A60, 0x35A60,
    0x35A60, 0x75C5C0, 0x35A60, 0x35A60, 0x804220, 0x26BD0, 0x803960, 0x803860,
    0x803740, 0x9DEA0, 0x9DA10, 0x35A60, 0x2B5500, 0x2B5500, 0x35A60, 0x35A60,
    0x35A60, 0x2B5500, 0x35A60, 0x9DC10, 0x35A60, 0x9E250, 0x35A60, 0x35A60,
    0x35A60, 0x35A60, 0x35A60, 0x35A60, 0x35A60, 0x35A60, 0x35A60, 0x35A60,
    0x35A60, 0x35A60, 0x35A60, 0x35A60, 0x35A60, 0x35A60, 0x35A60, 0x9DC30,
    0x35A60, 0x35A60, 0x35A60, 0x35A60, 0x35A60, 0x35A60, 0x35A60, 0x35A60,
    0x35A60, 0x35A60, 0x35A60, 0x35A60, 0x35A60, 0x35A60, 0x35A60, 0x35A60,
    0x9DCF0, 0x7E0A0, 0x35A60, 0x35A60, 0x9DC90, 0x35A60, 0x35A60, 0x35A60,
    0x35A60, 0x35A60, 0x35A60, 0x35A60, 0x50AF0, 0x50AF0, 0x35A60, 0x35A60,
    0x35A60, 0x35A60, 0x35A60, 0x35A60, 0x35A60, 0x35A60, 0x35A60, 0x35A60,
    0x35A60, 0x35A60, 0x35A60, 0x35A60, 0x803F40, 0x35A60, 0x75CBE0, 0x75CBF0,
    0x75CC10, 0x75CC40, 0x35A60, 0x35A60, 0x35A60, 0x35A60, 0x35A60, 0x35A60,
    0x35A60, 0x35A60, 0x35A60, 0x35A60, 0x35A60, 0x35A60, 0x35A60, 0x35A60,
    0x35A60, 0x35A60, 0x35A60, 0x35A60, 0x35A60, 0x75F0F0, 0x35A60, 0x35A60,
    0x35A60, 0x35A60, 0x35A60, 0x35A60, 0x35A60, 0x35A60, 0x75CC70, 0x35A60,
    0x35A60, 0x35A60, 0x35A60, 0x35A60, 0x2B5500, 0x2B5500, 0x35A60, 0x35A60,
    0x35A60, 0x35A60, 0x35A60, 0x35A60, 0x35A60, 0x35A60, 0x35A60, 0x35A60,
    0x35A60, 0x35A60, 0x35A60, 0x75CC10, 0x35A60, 0x35A60, 0x35A60, 0x50AF0,
    0x14C4E0, 0x803FA0, 0x35A60, 0x35A60
};

/* Tarred -172 vtable slot RVAs */
const UINT_PTR g_tarredVtableRVAs[172] = {
    0x59CC80, 0x59CC70, 0x59CBA0, 0x59CB90, 0x50AF0, 0x7243F0, 0x35A60, 0x75C5F0,
    0x35A60, 0x35A60, 0x35A60, 0x35A60, 0x35A60, 0x35A60, 0x35A60, 0x35A60,
    0x35A60, 0x35A60, 0x35A60, 0x35A60, 0x35A60, 0x35A60, 0x35A60, 0x35A60,
    0x35A60, 0x75C5C0, 0x35A60, 0x35A60, 0x804220, 0x26BD0, 0x803960, 0x803860,
    0x803740, 0x9F490, 0x35A60, 0x35A60, 0x2B5500, 0x2B5500, 0x35A60, 0x35A60,
    0x35A60, 0x2B5500, 0x35A60, 0x35A60, 0x35A60, 0x35A60, 0x35A60, 0x35A60,
    0x35A60, 0x35A60, 0x35A60, 0x35A60, 0x35A60, 0x35A60, 0x35A60, 0x35A60,
    0x35A60, 0x35A60, 0x35A60, 0x35A60, 0x35A60, 0x35A60, 0x35A60, 0x35A60,
    0x35A60, 0x35A60, 0x35A60, 0x35A60, 0x35A60, 0x35A60, 0x35A60, 0x35A60,
    0x35A60, 0x35A60, 0x35A60, 0x35A60, 0x35A60, 0x35A60, 0x35A60, 0x35A60,
    0x9F4D0, 0x75CC60, 0x9F4C0, 0x35A60, 0x35A60, 0x35A60, 0x35A60, 0x35A60,
    0x35A60, 0x35A60, 0x35A60, 0x35A60, 0x50AF0, 0x50AF0, 0x35A60, 0x35A60,
    0x35A60, 0x35A60, 0x35A60, 0x35A60, 0x35A60, 0x35A60, 0x35A60, 0x35A60,
    0x35A60, 0x35A60, 0x35A60, 0x35A60, 0x803F40, 0x35A60, 0x75CBE0, 0x75CBF0,
    0x75CC10, 0x75CC40, 0x35A60, 0x35A60, 0x35A60, 0x35A60, 0x35A60, 0x35A60,
    0x35A60, 0x35A60, 0x35A60, 0x35A60, 0x35A60, 0x35A60, 0x35A60, 0x35A60,
    0x35A60, 0x35A60, 0x35A60, 0x35A60, 0x35A60, 0x75F0F0, 0x35A60, 0x35A60,
    0x35A60, 0x35A60, 0x35A60, 0x35A60, 0x35A60, 0x35A60, 0x75CC70, 0x35A60,
    0x35A60, 0x35A60, 0x35A60, 0x35A60, 0x2B5500, 0x2B5500, 0x35A60, 0x35A60,
    0x35A60, 0x35A60, 0x35A60, 0x35A60, 0x35A60, 0x35A60, 0x35A60, 0x35A60,
    0x35A60, 0x35A60, 0x35A60, 0x75CC10, 0x35A60, 0x35A60, 0x35A60, 0x50AF0,
    0x14C4E0, 0x803FA0, 0x35A60, 0x35A60
};

/* Taunted -172 vtable slot RVAs */
const UINT_PTR g_tauntedVtableRVAs[172] = {
    0x5A0410, 0x5A0400, 0x5A0330, 0x5A0320, 0x50AF0, 0x724470, 0x35A60, 0x75C5F0,
    0x35A60, 0x35A60, 0x35A60, 0x35A60, 0x35A60, 0x35A60, 0x35A60, 0x35A60,
    0x35A60, 0x35A60, 0x35A60, 0x35A60, 0x35A60, 0x35A60, 0x35A60, 0x35A60,
    0x35A60, 0x75C5C0, 0x35A60, 0x35A60, 0x804220, 0x26BD0, 0x803960, 0x803860,
    0x803740, 0x35A60, 0x35A60, 0x35A60, 0x2B5500, 0x99A80, 0x35A60, 0x35A60,
    0x35A60, 0x2B5500, 0x35A60, 0x35A60, 0x35A60, 0x35A60, 0x35A60, 0x35A60,
    0x35A60, 0x35A60, 0x35A60, 0x35A60, 0x35A60, 0x35A60, 0x35A60, 0x35A60,
    0x35A60, 0x35A60, 0x35A60, 0x35A60, 0x35A60, 0x35A60, 0x35A60, 0x35A60,
    0x35A60, 0x35A60, 0x35A60, 0x35A60, 0x35A60, 0x35A60, 0x35A60, 0x35A60,
    0x35A60, 0x35A60, 0x35A60, 0x35A60, 0x35A60, 0x35A60, 0x35A60, 0x35A60,
    0x35A60, 0x75CC60, 0x35A60, 0x35A60, 0x35A60, 0x35A60, 0x35A60, 0x35A60,
    0x35A60, 0x35A60, 0x35A60, 0x35A60, 0x50AF0, 0x9A4C0, 0x35A60, 0x35A60,
    0x35A60, 0x35A60, 0x35A60, 0x35A60, 0x35A60, 0x35A60, 0x35A60, 0x35A60,
    0x35A60, 0x35A60, 0x35A60, 0x35A60, 0x803F40, 0x35A60, 0x75CBE0, 0x75CBF0,
    0x75CC10, 0x75CC40, 0x35A60, 0x35A60, 0x35A60, 0x35A60, 0x35A60, 0x35A60,
    0x35A60, 0x35A60, 0x35A60, 0x35A60, 0x35A60, 0x35A60, 0x35A60, 0x35A60,
    0x35A60, 0x35A60, 0x35A60, 0x35A60, 0x35A60, 0x75F0F0, 0x35A60, 0x35A60,
    0x35A60, 0x35A60, 0x35A60, 0x35A60, 0x35A60, 0x35A60, 0x75CC70, 0x35A60,
    0x35A60, 0x35A60, 0x35A60, 0x35A60, 0x2B5500, 0x2B5500, 0x35A60, 0x35A60,
    0x35A60, 0x35A60, 0x35A60, 0x35A60, 0x35A60, 0x35A60, 0x35A60, 0x35A60,
    0x35A60, 0x35A60, 0x35A60, 0x75CC10, 0x35A60, 0x35A60, 0x35A60, 0x50AF0,
    0x14C4E0, 0x803FA0, 0x35A60, 0x35A60
};

/* Taunting -172 vtable slot RVAs */
const UINT_PTR g_tauntingVtableRVAs[172] = {
    0x5A0550, 0x5A0540, 0x5A0470, 0x5A0460, 0x50AF0, 0x7244F0, 0x35A60, 0x75C5F0,
    0x35A60, 0x35A60, 0x35A60, 0x35A60, 0x35A60, 0x35A60, 0x35A60, 0x35A60,
    0x35A60, 0x35A60, 0x35A60, 0x35A60, 0x35A60, 0x35A60, 0x35A60, 0x35A60,
    0x35A60, 0x75C5C0, 0x35A60, 0x35A60, 0x804220, 0x26BD0, 0x803960, 0x803860,
    0x803740, 0x35A60, 0x35A60, 0x35A60, 0x99A80, 0x2B5500, 0x35A60, 0x35A60,
    0x35A60, 0x2B5500, 0x35A60, 0x35A60, 0x35A60, 0x35A60, 0x35A60, 0x35A60,
    0x35A60, 0x35A60, 0x35A60, 0x35A60, 0x35A60, 0x35A60, 0x35A60, 0x35A60,
    0x35A60, 0x35A60, 0x35A60, 0x35A60, 0x35A60, 0x35A60, 0x35A60, 0x35A60,
    0x35A60, 0x35A60, 0x35A60, 0x35A60, 0x35A60, 0x35A60, 0x35A60, 0x35A60,
    0x35A60, 0x35A60, 0x35A60, 0x35A60, 0x35A60, 0x35A60, 0x35A60, 0x35A60,
    0x35A60, 0x75CC60, 0x35A60, 0x35A60, 0x35A60, 0x35A60, 0x35A60, 0x35A60,
    0x35A60, 0x35A60, 0x35A60, 0x35A60, 0x9A4B0, 0x50AF0, 0x35A60, 0x35A60,
    0x35A60, 0x35A60, 0x35A60, 0x35A60, 0x35A60, 0x35A60, 0x35A60, 0x35A60,
    0x35A60, 0x35A60, 0x35A60, 0x35A60, 0x803F40, 0x35A60, 0x75CBE0, 0x75CBF0,
    0x75CC10, 0x75CC40, 0x35A60, 0x35A60, 0x35A60, 0x35A60, 0x35A60, 0x35A60,
    0x35A60, 0x35A60, 0x35A60, 0x35A60, 0x35A60, 0x35A60, 0x35A60, 0x35A60,
    0x35A60, 0x35A60, 0x35A60, 0x35A60, 0x35A60, 0x75F0F0, 0x35A60, 0x35A60,
    0x35A60, 0x35A60, 0x35A60, 0x35A60, 0x35A60, 0x35A60, 0x75CC70, 0x35A60,
    0x35A60, 0x35A60, 0x35A60, 0x35A60, 0x2B5500, 0x2B5500, 0x35A60, 0x35A60,
    0x35A60, 0x35A60, 0x35A60, 0x35A60, 0x35A60, 0x35A60, 0x35A60, 0x35A60,
    0x35A60, 0x35A60, 0x35A60, 0x75CC10, 0x35A60, 0x35A60, 0x35A60, 0x50AF0,
    0x14C4E0, 0x803FA0, 0x35A60, 0x35A60
};

/* TeamBonusAbility -172 vtable slot RVAs */
const UINT_PTR g_teamBonusAbilityVtableRVAs[172] = {
    0x584CE0, 0x584CD0, 0x584C00, 0x584BF0, 0x50AF0, 0x724570, 0x35A60, 0x75C5F0,
    0x35A60, 0x35A60, 0x35A60, 0x35A60, 0x35A60, 0x35A60, 0x35A60, 0x35A60,
    0x35A60, 0x35A60, 0x35A60, 0x35A60, 0x35A60, 0x35A60, 0x35A60, 0x35A60,
    0x35A60, 0x75C5C0, 0x35A60, 0x35A60, 0x804220, 0x26BD0, 0x803960, 0x803860,
    0x803740, 0x208C90, 0x977D0, 0x35A60, 0x2B5500, 0x2B5500, 0x35A60, 0x35A60,
    0x35A60, 0x2B5500, 0x35A60, 0x35A60, 0x35A60, 0x35A60, 0x35A60, 0x35A60,
    0x35A60, 0x35A60, 0x35A60, 0x35A60, 0x35A60, 0x35A60, 0x35A60, 0x35A60,
    0x35A60, 0x35A60, 0x35A60, 0x35A60, 0x35A60, 0x35A60, 0x35A60, 0x35A60,
    0x35A60, 0x35A60, 0x35A60, 0x35A60, 0x35A60, 0x35A60, 0x35A60, 0x35A60,
    0x35A60, 0x35A60, 0x35A60, 0x35A60, 0x35A60, 0x35A60, 0x35A60, 0x35A60,
    0x35A60, 0x75CC60, 0x35A60, 0x35A60, 0x35A60, 0x35A60, 0x35A60, 0x35A60,
    0x35A60, 0x35A60, 0x35A60, 0x35A60, 0x50AF0, 0x50AF0, 0x35A60, 0x35A60,
    0x35A60, 0x35A60, 0x35A60, 0x35A60, 0x35A60, 0x35A60, 0x35A60, 0x35A60,
    0x35A60, 0x35A60, 0x35A60, 0x35A60, 0x803F40, 0x35A60, 0x75CBE0, 0x75CBF0,
    0x75CC10, 0x75CC40, 0x35A60, 0x35A60, 0x35A60, 0x35A60, 0x35A60, 0x35A60,
    0x35A60, 0x35A60, 0x35A60, 0x35A60, 0x35A60, 0x35A60, 0x35A60, 0x35A60,
    0x35A60, 0x35A60, 0x35A60, 0x35A60, 0x35A60, 0x75F0F0, 0x35A60, 0x35A60,
    0x35A60, 0x35A60, 0x35A60, 0x35A60, 0x35A60, 0x35A60, 0x75CC70, 0x35A60,
    0x35A60, 0x35A60, 0x35A60, 0x35A60, 0x2B5500, 0x2B5500, 0x35A60, 0x35A60,
    0x35A60, 0x35A60, 0x35A60, 0x35A60, 0x35A60, 0x35A60, 0x208CC0, 0x35A60,
    0x35A60, 0x35A60, 0x35A60, 0x75CC10, 0x35A60, 0x35A60, 0x35A60, 0x50AF0,
    0x14C4E0, 0x803FA0, 0x35A60, 0x35A60
};

/* Tech -172 vtable slot RVAs */
const UINT_PTR g_techVtableRVAs[172] = {
    0x55BC20, 0x55BC10, 0x55BB40, 0x55BB30, 0x50AF0, 0x7245F0, 0x35A60, 0x75C5F0,
    0x35A60, 0x35A60, 0x35A60, 0x35A60, 0x35A60, 0x35A60, 0x35A60, 0x35A60,
    0x35A60, 0x35A60, 0x35A60, 0x35A60, 0x35A60, 0x35A60, 0x35A60, 0x35A60,
    0x35A60, 0x75C5C0, 0x35A60, 0x35A60, 0x804220, 0x26BD0, 0x803960, 0x803860,
    0x803740, 0x35A60, 0x35A60, 0x35A60, 0x2B5500, 0x2B5500, 0x35A60, 0x35A60,
    0x35A60, 0x2B5500, 0x35A60, 0x35A60, 0x35A60, 0x35A60, 0x35A60, 0x35A60,
    0x35A60, 0x35A60, 0x35A60, 0x35A60, 0x35A60, 0x35A60, 0x35A60, 0x35A60,
    0x35A60, 0x8BB250, 0x35A60, 0x35A60, 0x35A60, 0x35A60, 0x35A60, 0x35A60,
    0x35A60, 0x35A60, 0x35A60, 0x35A60, 0x35A60, 0x35A60, 0x35A60, 0x35A60,
    0x35A60, 0x35A60, 0x35A60, 0x35A60, 0x35A60, 0x35A60, 0x35A60, 0x35A60,
    0x35A60, 0x75CC60, 0x35A60, 0x35A60, 0x35A60, 0x35A60, 0x35A60, 0x35A60,
    0x35A60, 0x35A60, 0x35A60, 0x35A60, 0x50AF0, 0x50AF0, 0x35A60, 0x35A60,
    0x35A60, 0x35A60, 0x35A60, 0x35A60, 0x35A60, 0x35A60, 0x35A60, 0x35A60,
    0x35A60, 0x35A60, 0x35A60, 0x8BB010, 0x803F40, 0x35A60, 0x75CBE0, 0x75CBF0,
    0x75CC10, 0x75CC40, 0x35A60, 0x35A60, 0x35A60, 0x35A60, 0x35A60, 0x35A60,
    0x35A60, 0x35A60, 0x35A60, 0x35A60, 0x35A60, 0x35A60, 0x35A60, 0x35A60,
    0x35A60, 0x35A60, 0x35A60, 0x35A60, 0x35A60, 0x75F0F0, 0x35A60, 0x35A60,
    0x35A60, 0x35A60, 0x35A60, 0x35A60, 0x35A60, 0x35A60, 0x75CC70, 0x35A60,
    0x35A60, 0x35A60, 0x35A60, 0x35A60, 0x2B5500, 0x2B5500, 0x35A60, 0x35A60,
    0x35A60, 0x35A60, 0x35A60, 0x35A60, 0x35A60, 0x35A60, 0x35A60, 0x35A60,
    0x35A60, 0x35A60, 0x35A60, 0x75CC10, 0x35A60, 0x35A60, 0x35A60, 0x50AF0,
    0x14C4E0, 0x803FA0, 0x35A60, 0x35A60
};

/* TeleportBackAtTurnEnd -172 vtable slot RVAs */
const UINT_PTR g_teleportBackAtTurnEndVtableRVAs[172] = {
    0x572810, 0x572800, 0x572730, 0x572720, 0x50AF0, 0x724670, 0x35A60, 0x75C5F0,
    0x35A60, 0x35A60, 0x77C350, 0x35A60, 0x35A60, 0x35A60, 0x35A60, 0x35A60,
    0x35A60, 0x35A60, 0x35A60, 0x35A60, 0x35A60, 0x35A60, 0x35A60, 0x35A60,
    0x35A60, 0x75C5C0, 0x35A60, 0x35A60, 0x804220, 0x26BD0, 0x803960, 0x803860,
    0x803740, 0x77BE60, 0x35A60, 0x77BF00, 0x2B5500, 0x2B5500, 0x35A60, 0x35A60,
    0x35A60, 0x2B5500, 0x35A60, 0x35A60, 0x35A60, 0x77BEF0, 0x35A60, 0x35A60,
    0x35A60, 0x35A60, 0x35A60, 0x35A60, 0x35A60, 0x35A60, 0x35A60, 0x35A60,
    0x35A60, 0x35A60, 0x35A60, 0x35A60, 0x35A60, 0x35A60, 0x35A60, 0x35A60,
    0x35A60, 0x35A60, 0x35A60, 0x35A60, 0x35A60, 0x35A60, 0x35A60, 0x35A60,
    0x35A60, 0x35A60, 0x35A60, 0x35A60, 0x35A60, 0x35A60, 0x35A60, 0x35A60,
    0x35A60, 0x75CC60, 0x35A60, 0x35A60, 0x35A60, 0x35A60, 0x35A60, 0x35A60,
    0x35A60, 0x35A60, 0x35A60, 0x35A60, 0x50AF0, 0x50AF0, 0x35A60, 0x35A60,
    0x35A60, 0x35A60, 0x35A60, 0x35A60, 0x35A60, 0x35A60, 0x35A60, 0x35A60,
    0x35A60, 0x35A60, 0x35A60, 0x35A60, 0x803F40, 0x35A60, 0x75CBE0, 0x75CBF0,
    0x75CC10, 0x75CC40, 0x35A60, 0x35A60, 0x35A60, 0x35A60, 0x35A60, 0x35A60,
    0x35A60, 0x35A60, 0x35A60, 0x35A60, 0x35A60, 0x35A60, 0x35A60, 0x35A60,
    0x35A60, 0x35A60, 0x35A60, 0x35A60, 0x35A60, 0x75F0F0, 0x35A60, 0x35A60,
    0x35A60, 0x35A60, 0x35A60, 0x35A60, 0x35A60, 0x35A60, 0x75CC70, 0x35A60,
    0x35A60, 0x35A60, 0x35A60, 0x35A60, 0x2B5500, 0x2B5500, 0x35A60, 0x35A60,
    0x35A60, 0x35A60, 0x35A60, 0x35A60, 0x35A60, 0x35A60, 0x35A60, 0x35A60,
    0x35A60, 0x35A60, 0x35A60, 0x75CC10, 0x35A60, 0x35A60, 0x35A60, 0x50AF0,
    0x14C4E0, 0x803FA0, 0x35A60, 0x35A60
};

/* TempBackstab -172 vtable slot RVAs */
const UINT_PTR g_tempBackstabVtableRVAs[172] = {
    0x564990, 0x564980, 0x5648B0, 0x5648A0, 0x50AF0, 0x7246F0, 0x35A60, 0x75C5F0,
    0x35A60, 0x35A60, 0x35A60, 0x35A60, 0x35A60, 0x35A60, 0x35A60, 0x35A60,
    0x35A60, 0x35A60, 0x35A60, 0x35A60, 0x35A60, 0x35A60, 0x35A60, 0x35A60,
    0x35A60, 0x75C5C0, 0x35A60, 0x35A60, 0x804220, 0x26BD0, 0x803960, 0x803860,
    0x803740, 0x35A60, 0x35A60, 0x977D0, 0x2B5500, 0x2B5500, 0x35A60, 0x35A60,
    0x35A60, 0x2B5500, 0x35A60, 0x35A60, 0x35A60, 0x35A60, 0x35A60, 0x35A60,
    0x35A60, 0x35A60, 0x35A60, 0x35A60, 0x35A60, 0x35A60, 0x35A60, 0x35A60,
    0x35A60, 0x35A60, 0x35A60, 0x35A60, 0x35A60, 0x35A60, 0x35A60, 0x35A60,
    0x35A60, 0x35A60, 0x35A60, 0x35A60, 0x35A60, 0x35A60, 0x35A60, 0x35A60,
    0x35A60, 0x35A60, 0x35A60, 0x35A60, 0x35A60, 0x35A60, 0x35A60, 0x35A60,
    0x35A60, 0x75CC60, 0x35A60, 0x8036B0, 0x35A60, 0x35A60, 0x35A60, 0x35A60,
    0x35A60, 0x35A60, 0x35A60, 0x35A60, 0x50AF0, 0x50AF0, 0x35A60, 0x35A60,
    0x35A60, 0x35A60, 0x35A60, 0x35A60, 0x35A60, 0x35A60, 0x35A60, 0x35A60,
    0x35A60, 0x35A60, 0x35A60, 0x35A60, 0x803F40, 0x35A60, 0x75CBE0, 0x75CBF0,
    0x75CC10, 0x75CC40, 0x35A60, 0x35A60, 0x35A60, 0x35A60, 0x35A60, 0x35A60,
    0x35A60, 0x35A60, 0x35A60, 0x35A60, 0x35A60, 0x35A60, 0x35A60, 0x35A60,
    0x35A60, 0x35A60, 0x35A60, 0x35A60, 0x35A60, 0x75F0F0, 0x35A60, 0x35A60,
    0x35A60, 0x35A60, 0x35A60, 0x35A60, 0x35A60, 0x35A60, 0x75CC70, 0x35A60,
    0x35A60, 0x35A60, 0x35A60, 0x35A60, 0x2B5500, 0x2B5500, 0x35A60, 0x35A60,
    0x35A60, 0x35A60, 0x35A60, 0x35A60, 0x35A60, 0x35A60, 0x35A60, 0x35A60,
    0x35A60, 0x35A60, 0x35A60, 0x75CC10, 0x35A60, 0x35A60, 0x35A60, 0x50AF0,
    0x14C4E0, 0x803FA0, 0x35A60, 0x35A60
};

/* TempBackstabBleed -172 vtable slot RVAs */
const UINT_PTR g_tempBackstabBleedVtableRVAs[172] = {
    0x55F810, 0x55F800, 0x55F730, 0x55F720, 0x50AF0, 0x724770, 0x35A60, 0x75C5F0,
    0x35A60, 0x35A60, 0x35A60, 0x35A60, 0x35A60, 0x35A60, 0x35A60, 0x35A60,
    0x35A60, 0x35A60, 0x35A60, 0x35A60, 0x35A60, 0x35A60, 0x35A60, 0x35A60,
    0x35A60, 0x75C5C0, 0x35A60, 0x35A60, 0x804220, 0x26BD0, 0x803960, 0x803860,
    0x803740, 0x35A60, 0x35A60, 0x977D0, 0x2B5500, 0x2B5500, 0x35A60, 0x35A60,
    0x35A60, 0x2B5500, 0x35A60, 0x35A60, 0x35A60, 0x35A60, 0x35A60, 0x35A60,
    0x35A60, 0x35A60, 0x35A60, 0x35A60, 0x35A60, 0x35A60, 0x35A60, 0x35A60,
    0x35A60, 0x35A60, 0x8AC150, 0x35A60, 0x35A60, 0x35A60, 0x35A60, 0x35A60,
    0x35A60, 0x35A60, 0x35A60, 0x35A60, 0x35A60, 0x35A60, 0x35A60, 0x35A60,
    0x35A60, 0x35A60, 0x35A60, 0x35A60, 0x35A60, 0x35A60, 0x35A60, 0x35A60,
    0x35A60, 0x75CC60, 0x35A60, 0x35A60, 0x35A60, 0x35A60, 0x35A60, 0x35A60,
    0x35A60, 0x35A60, 0x35A60, 0x35A60, 0x50AF0, 0x50AF0, 0x35A60, 0x35A60,
    0x35A60, 0x35A60, 0x35A60, 0x35A60, 0x35A60, 0x35A60, 0x35A60, 0x35A60,
    0x35A60, 0x35A60, 0x35A60, 0x35A60, 0x803F40, 0x35A60, 0x75CBE0, 0x75CBF0,
    0x75CC10, 0x75CC40, 0x35A60, 0x35A60, 0x35A60, 0x35A60, 0x35A60, 0x35A60,
    0x35A60, 0x35A60, 0x35A60, 0x35A60, 0x35A60, 0x35A60, 0x35A60, 0x35A60,
    0x35A60, 0x35A60, 0x35A60, 0x35A60, 0x35A60, 0x75F0F0, 0x35A60, 0x35A60,
    0x35A60, 0x35A60, 0x35A60, 0x35A60, 0x35A60, 0x35A60, 0x75CC70, 0x35A60,
    0x35A60, 0x35A60, 0x35A60, 0x35A60, 0x2B5500, 0x2B5500, 0x35A60, 0x35A60,
    0x35A60, 0x35A60, 0x35A60, 0x35A60, 0x35A60, 0x35A60, 0x35A60, 0x35A60,
    0x35A60, 0x35A60, 0x35A60, 0x75CC10, 0x35A60, 0x35A60, 0x35A60, 0x50AF0,
    0x14C4E0, 0x803FA0, 0x35A60, 0x35A60
};

/* TempBackstabPiercing -172 vtable slot RVAs */
const UINT_PTR g_tempBackstabPiercingVtableRVAs[172] = {
    0x55F960, 0x55F950, 0x55F880, 0x55F870, 0x50AF0, 0x7247F0, 0x35A60, 0x75C5F0,
    0x35A60, 0x35A60, 0x35A60, 0x35A60, 0x35A60, 0x35A60, 0x35A60, 0x35A60,
    0x35A60, 0x35A60, 0x35A60, 0x35A60, 0x35A60, 0x35A60, 0x35A60, 0x35A60,
    0x35A60, 0x75C5C0, 0x35A60, 0x35A60, 0x804220, 0x26BD0, 0x803960, 0x803860,
    0x803740, 0x35A60, 0x35A60, 0x977D0, 0x2B5500, 0x2B5500, 0x35A60, 0x35A60,
    0x35A60, 0x2B5500, 0x35A60, 0x35A60, 0x35A60, 0x35A60, 0x35A60, 0x35A60,
    0x35A60, 0x35A60, 0x35A60, 0x35A60, 0x35A60, 0x35A60, 0x35A60, 0x35A60,
    0x35A60, 0x35A60, 0x8AC090, 0x35A60, 0x35A60, 0x35A60, 0x35A60, 0x35A60,
    0x35A60, 0x35A60, 0x35A60, 0x35A60, 0x35A60, 0x35A60, 0x35A60, 0x35A60,
    0x35A60, 0x35A60, 0x35A60, 0x35A60, 0x35A60, 0x35A60, 0x35A60, 0x35A60,
    0x35A60, 0x75CC60, 0x35A60, 0x35A60, 0x35A60, 0x35A60, 0x35A60, 0x35A60,
    0x35A60, 0x35A60, 0x35A60, 0x35A60, 0x50AF0, 0x50AF0, 0x35A60, 0x35A60,
    0x35A60, 0x35A60, 0x35A60, 0x35A60, 0x35A60, 0x35A60, 0x35A60, 0x35A60,
    0x35A60, 0x35A60, 0x35A60, 0x35A60, 0x803F40, 0x35A60, 0x75CBE0, 0x75CBF0,
    0x75CC10, 0x75CC40, 0x35A60, 0x35A60, 0x35A60, 0x35A60, 0x35A60, 0x35A60,
    0x35A60, 0x35A60, 0x35A60, 0x35A60, 0x35A60, 0x35A60, 0x35A60, 0x35A60,
    0x35A60, 0x35A60, 0x35A60, 0x35A60, 0x35A60, 0x75F0F0, 0x35A60, 0x35A60,
    0x35A60, 0x35A60, 0x35A60, 0x35A60, 0x35A60, 0x35A60, 0x75CC70, 0x35A60,
    0x35A60, 0x35A60, 0x35A60, 0x35A60, 0x2B5500, 0x2B5500, 0x35A60, 0x35A60,
    0x35A60, 0x35A60, 0x35A60, 0x35A60, 0x35A60, 0x35A60, 0x35A60, 0x35A60,
    0x35A60, 0x35A60, 0x35A60, 0x75CC10, 0x35A60, 0x35A60, 0x35A60, 0x50AF0,
    0x14C4E0, 0x803FA0, 0x35A60, 0x35A60
};

/* TempBackstabPoison -172 vtable slot RVAs */
const UINT_PTR g_tempBackstabPoisonVtableRVAs[172] = {
    0x55F6C0, 0x55F6B0, 0x55F5E0, 0x55F5D0, 0x50AF0, 0x724870, 0x35A60, 0x75C5F0,
    0x35A60, 0x35A60, 0x35A60, 0x35A60, 0x35A60, 0x35A60, 0x35A60, 0x35A60,
    0x35A60, 0x35A60, 0x35A60, 0x35A60, 0x35A60, 0x35A60, 0x35A60, 0x35A60,
    0x35A60, 0x75C5C0, 0x35A60, 0x35A60, 0x804220, 0x26BD0, 0x803960, 0x803860,
    0x803740, 0x35A60, 0x35A60, 0x977D0, 0x2B5500, 0x2B5500, 0x35A60, 0x35A60,
    0x35A60, 0x2B5500, 0x35A60, 0x35A60, 0x35A60, 0x35A60, 0x35A60, 0x35A60,
    0x35A60, 0x35A60, 0x35A60, 0x35A60, 0x35A60, 0x35A60, 0x35A60, 0x35A60,
    0x35A60, 0x35A60, 0x8AC210, 0x35A60, 0x35A60, 0x35A60, 0x35A60, 0x35A60,
    0x35A60, 0x35A60, 0x35A60, 0x35A60, 0x35A60, 0x35A60, 0x35A60, 0x35A60,
    0x35A60, 0x35A60, 0x35A60, 0x35A60, 0x35A60, 0x35A60, 0x35A60, 0x35A60,
    0x35A60, 0x75CC60, 0x35A60, 0x35A60, 0x35A60, 0x35A60, 0x35A60, 0x35A60,
    0x35A60, 0x35A60, 0x35A60, 0x35A60, 0x50AF0, 0x50AF0, 0x35A60, 0x35A60,
    0x35A60, 0x35A60, 0x35A60, 0x35A60, 0x35A60, 0x35A60, 0x35A60, 0x35A60,
    0x35A60, 0x35A60, 0x35A60, 0x35A60, 0x803F40, 0x35A60, 0x75CBE0, 0x75CBF0,
    0x75CC10, 0x75CC40, 0x35A60, 0x35A60, 0x35A60, 0x35A60, 0x35A60, 0x35A60,
    0x35A60, 0x35A60, 0x35A60, 0x35A60, 0x35A60, 0x35A60, 0x35A60, 0x35A60,
    0x35A60, 0x35A60, 0x35A60, 0x35A60, 0x35A60, 0x75F0F0, 0x35A60, 0x35A60,
    0x35A60, 0x35A60, 0x35A60, 0x35A60, 0x35A60, 0x35A60, 0x75CC70, 0x35A60,
    0x35A60, 0x35A60, 0x35A60, 0x35A60, 0x2B5500, 0x2B5500, 0x35A60, 0x35A60,
    0x35A60, 0x35A60, 0x35A60, 0x35A60, 0x35A60, 0x35A60, 0x35A60, 0x35A60,
    0x35A60, 0x35A60, 0x35A60, 0x75CC10, 0x35A60, 0x35A60, 0x35A60, 0x50AF0,
    0x14C4E0, 0x803FA0, 0x35A60, 0x35A60
};

/* TempBasicAttackBonusAOE -172 vtable slot RVAs */
const UINT_PTR g_tempBasicAttackBonusAOEVtableRVAs[172] = {
    0x57E950, 0x57E940, 0x57E870, 0x57E860, 0x50AF0, 0x7248F0, 0x35A60, 0x75C5F0,
    0x35A60, 0x35A60, 0x35A60, 0x35A60, 0x35A60, 0x35A60, 0x35A60, 0x35A60,
    0x35A60, 0x35A60, 0x35A60, 0x35A60, 0x35A60, 0x35A60, 0x35A60, 0x35A60,
    0x35A60, 0x75C5C0, 0x35A60, 0x35A60, 0x804220, 0x26BD0, 0x803960, 0x803860,
    0x803740, 0x35A60, 0x35A60, 0x977D0, 0x2B5500, 0x2B5500, 0x35A60, 0x35A60,
    0x35A60, 0x2B5500, 0x35A60, 0x35A60, 0x35A60, 0x35A60, 0x35A60, 0x35A60,
    0x35A60, 0x35A60, 0x35A60, 0x35A60, 0x35A60, 0x35A60, 0x35A60, 0x35A60,
    0x35A60, 0x35A60, 0x35A60, 0x35A60, 0x35A60, 0x35A60, 0x35A60, 0x35A60,
    0x35A60, 0x35A60, 0x35A60, 0x35A60, 0x35A60, 0x35A60, 0x35A60, 0x35A60,
    0x35A60, 0x35A60, 0x35A60, 0x35A60, 0x35A60, 0x35A60, 0x35A60, 0x35A60,
    0x35A60, 0x75CC60, 0x35A60, 0x35A60, 0x35A60, 0x35A60, 0x35A60, 0x35A60,
    0x35A60, 0x7D930, 0x35A60, 0x35A60, 0x50AF0, 0x50AF0, 0x35A60, 0x35A60,
    0x35A60, 0x35A60, 0x35A60, 0x35A60, 0x35A60, 0x35A60, 0x35A60, 0x35A60,
    0x35A60, 0x35A60, 0x35A60, 0x35A60, 0x803F40, 0x35A60, 0x75CBE0, 0x75CBF0,
    0x75CC10, 0x75CC40, 0x35A60, 0x35A60, 0x35A60, 0x35A60, 0x35A60, 0x35A60,
    0x35A60, 0x35A60, 0x35A60, 0x35A60, 0x35A60, 0x35A60, 0x35A60, 0x35A60,
    0x35A60, 0x35A60, 0x35A60, 0x35A60, 0x35A60, 0x75F0F0, 0x35A60, 0x35A60,
    0x35A60, 0x35A60, 0x35A60, 0x35A60, 0x35A60, 0x35A60, 0x75CC70, 0x35A60,
    0x35A60, 0x35A60, 0x35A60, 0x35A60, 0x2B5500, 0x2B5500, 0x35A60, 0x35A60,
    0x35A60, 0x35A60, 0x35A60, 0x35A60, 0x35A60, 0x35A60, 0x35A60, 0x35A60,
    0x35A60, 0x35A60, 0x35A60, 0x75CC10, 0x35A60, 0x35A60, 0x35A60, 0x50AF0,
    0x14C4E0, 0x803FA0, 0x35A60, 0x35A60
};

/* TempBonusKnockback -172 vtable slot RVAs */
const UINT_PTR g_tempBonusKnockbackVtableRVAs[172] = {
    0x564E10, 0x564E00, 0x564D30, 0x564D20, 0x50AF0, 0x724970, 0x35A60, 0x75C5F0,
    0x35A60, 0x35A60, 0x35A60, 0x35A60, 0x35A60, 0x35A60, 0x35A60, 0x35A60,
    0x35A60, 0x35A60, 0x35A60, 0x35A60, 0x35A60, 0x35A60, 0x35A60, 0x35A60,
    0x35A60, 0x75C5C0, 0x35A60, 0x35A60, 0x804220, 0x26BD0, 0x803960, 0x803860,
    0x803740, 0xAFED0, 0x35A60, 0x977D0, 0x2B5500, 0x2B5500, 0x35A60, 0x35A60,
    0x35A60, 0x2B5500, 0x35A60, 0x35A60, 0x35A60, 0x35A60, 0x35A60, 0x35A60,
    0x35A60, 0x35A60, 0x35A60, 0x35A60, 0x35A60, 0x35A60, 0x35A60, 0x35A60,
    0x35A60, 0x35A60, 0x35A60, 0x8939C0, 0x35A60, 0x35A60, 0x35A60, 0x35A60,
    0x35A60, 0x35A60, 0x35A60, 0x35A60, 0x35A60, 0x35A60, 0x35A60, 0x35A60,
    0x35A60, 0x35A60, 0x35A60, 0x35A60, 0x35A60, 0x35A60, 0x35A60, 0x35A60,
    0x35A60, 0x75CC60, 0x35A60, 0x35A60, 0x35A60, 0x35A60, 0x35A60, 0x35A60,
    0x35A60, 0x35A60, 0x35A60, 0x35A60, 0x50AF0, 0x50AF0, 0x35A60, 0x35A60,
    0x35A60, 0x35A60, 0x35A60, 0x35A60, 0x35A60, 0x35A60, 0x35A60, 0x35A60,
    0x35A60, 0x35A60, 0x35A60, 0x35A60, 0x803F40, 0x35A60, 0x75CBE0, 0x75CBF0,
    0x75CC10, 0x75CC40, 0x35A60, 0x35A60, 0x35A60, 0x35A60, 0x35A60, 0x35A60,
    0x35A60, 0x35A60, 0x35A60, 0x35A60, 0x35A60, 0x35A60, 0x35A60, 0x35A60,
    0x35A60, 0x35A60, 0x35A60, 0x35A60, 0x35A60, 0x75F0F0, 0x35A60, 0x35A60,
    0x35A60, 0x35A60, 0x35A60, 0x35A60, 0x35A60, 0x35A60, 0x75CC70, 0x35A60,
    0x35A60, 0x35A60, 0x35A60, 0x35A60, 0x2B5500, 0x2B5500, 0x35A60, 0x35A60,
    0x35A60, 0x35A60, 0x35A60, 0x35A60, 0x35A60, 0x35A60, 0x35A60, 0x35A60,
    0x35A60, 0x35A60, 0x35A60, 0x75CC10, 0x35A60, 0x35A60, 0x35A60, 0x50AF0,
    0x14C4E0, 0x803FA0, 0x35A60, 0x35A60
};

/* TempBonusKnockbackDamage -172 vtable slot RVAs */
const UINT_PTR g_tempBonusKnockbackDamageVtableRVAs[172] = {
    0x564CC0, 0x564CB0, 0x564BE0, 0x564BD0, 0x50AF0, 0x7249F0, 0x35A60, 0x75C5F0,
    0x35A60, 0x35A60, 0x35A60, 0x35A60, 0x35A60, 0x35A60, 0x35A60, 0x35A60,
    0x35A60, 0x35A60, 0x35A60, 0x35A60, 0x35A60, 0x35A60, 0x35A60, 0x35A60,
    0x35A60, 0x75C5C0, 0x35A60, 0x35A60, 0x804220, 0x26BD0, 0x803960, 0x803860,
    0x803740, 0x35A60, 0x35A60, 0x977D0, 0x2B5500, 0x2B5500, 0x35A60, 0x35A60,
    0x35A60, 0x2B5500, 0x35A60, 0x35A60, 0x35A60, 0x35A60, 0x35A60, 0x35A60,
    0x35A60, 0x35A60, 0x35A60, 0x35A60, 0x35A60, 0x35A60, 0x35A60, 0x35A60,
    0x35A60, 0x35A60, 0x35A60, 0x892BF0, 0x35A60, 0x35A60, 0x35A60, 0x35A60,
    0x35A60, 0x35A60, 0x35A60, 0x35A60, 0x35A60, 0x35A60, 0x35A60, 0x35A60,
    0x35A60, 0x35A60, 0x35A60, 0x35A60, 0x35A60, 0x35A60, 0x35A60, 0x35A60,
    0x35A60, 0x75CC60, 0x35A60, 0x35A60, 0x35A60, 0x35A60, 0x35A60, 0x35A60,
    0x35A60, 0x35A60, 0x35A60, 0x35A60, 0x50AF0, 0x50AF0, 0x35A60, 0x35A60,
    0x35A60, 0x35A60, 0x35A60, 0x35A60, 0x35A60, 0x35A60, 0x35A60, 0x35A60,
    0x35A60, 0x35A60, 0x35A60, 0x35A60, 0x803F40, 0x35A60, 0x75CBE0, 0x75CBF0,
    0x75CC10, 0x75CC40, 0x35A60, 0x35A60, 0x35A60, 0x35A60, 0x35A60, 0x35A60,
    0x35A60, 0x35A60, 0x35A60, 0x35A60, 0x35A60, 0x35A60, 0x35A60, 0x35A60,
    0x35A60, 0x35A60, 0x35A60, 0x35A60, 0x35A60, 0x75F0F0, 0x35A60, 0x35A60,
    0x35A60, 0x35A60, 0x35A60, 0x35A60, 0x35A60, 0x35A60, 0x75CC70, 0x35A60,
    0x35A60, 0x35A60, 0x35A60, 0x35A60, 0x2B5500, 0x2B5500, 0x35A60, 0x35A60,
    0x35A60, 0x35A60, 0x35A60, 0x35A60, 0x35A60, 0x35A60, 0x35A60, 0x35A60,
    0x35A60, 0x35A60, 0x35A60, 0x75CC10, 0x35A60, 0x35A60, 0x35A60, 0x50AF0,
    0x14C4E0, 0x803FA0, 0x35A60, 0x35A60
};

/* TempCharmed -172 vtable slot RVAs */
const UINT_PTR g_tempCharmedVtableRVAs[172] = {
    0x59F720, 0x59F710, 0x59F640, 0x59F630, 0x50AF0, 0x724A70, 0x35A60, 0x75C5F0,
    0x35A60, 0x35A60, 0x35A60, 0x35A60, 0x35A60, 0x35A60, 0x35A60, 0x35A60,
    0x35A60, 0x35A60, 0x35A60, 0x35A60, 0x35A60, 0x35A60, 0x35A60, 0x35A60,
    0x35A60, 0x75C5C0, 0x35A60, 0x35A60, 0x804220, 0x26BD0, 0x803960, 0x803860,
    0x803740, 0x9B9A0, 0x35A60, 0x35A60, 0x2B5500, 0x2B5500, 0x35A60, 0x35A60,
    0x35A60, 0x2B5500, 0x35A60, 0x35A60, 0x35A60, 0x35A60, 0x35A60, 0x35A60,
    0x35A60, 0x35A60, 0x35A60, 0x35A60, 0x35A60, 0x35A60, 0x35A60, 0x35A60,
    0x35A60, 0x9BC90, 0x35A60, 0x35A60, 0x35A60, 0x35A60, 0x35A60, 0x35A60,
    0x35A60, 0x35A60, 0x35A60, 0x35A60, 0x35A60, 0x35A60, 0x35A60, 0x35A60,
    0x35A60, 0x35A60, 0x35A60, 0x35A60, 0x35A60, 0x35A60, 0x35A60, 0x35A60,
    0x35A60, 0x75CC60, 0x35A60, 0x9B9B0, 0x35A60, 0x35A60, 0x35A60, 0x35A60,
    0x35A60, 0x35A60, 0x35A60, 0x977D0, 0x50AF0, 0x50AF0, 0x35A60, 0x35A60,
    0x35A60, 0x35A60, 0x35A60, 0x35A60, 0x35A60, 0x35A60, 0x35A60, 0x35A60,
    0x35A60, 0x35A60, 0x35A60, 0x35A60, 0x803F40, 0x35A60, 0x75CBE0, 0x75CBF0,
    0x9BB80, 0x75CC40, 0x35A60, 0x35A60, 0x35A60, 0x35A60, 0x35A60, 0x35A60,
    0x35A60, 0x35A60, 0x35A60, 0x35A60, 0x35A60, 0x35A60, 0x35A60, 0x35A60,
    0x35A60, 0x35A60, 0x35A60, 0x35A60, 0x35A60, 0x75F0F0, 0x35A60, 0x35A60,
    0x35A60, 0x35A60, 0x35A60, 0x35A60, 0x35A60, 0x35A60, 0x75CC70, 0x35A60,
    0x35A60, 0x35A60, 0x35A60, 0x35A60, 0x2B5500, 0x2B5500, 0x35A60, 0x35A60,
    0x35A60, 0x35A60, 0x35A60, 0x35A60, 0x35A60, 0x35A60, 0x35A60, 0x35A60,
    0x35A60, 0x35A60, 0x35A60, 0x75CC10, 0x35A60, 0x35A60, 0x35A60, 0x50AF0,
    0x14C4E0, 0x803FA0, 0x9B9E0, 0x35A60
};

/* TempCounterAttack -172 vtable slot RVAs */
const UINT_PTR g_tempCounterAttackVtableRVAs[172] = {
    0x589320, 0x589310, 0x589240, 0x589230, 0x50AF0, 0x724AF0, 0x35A60, 0x75C5F0,
    0x35A60, 0x35A60, 0x35A60, 0x35A60, 0x35A60, 0x35A60, 0x35A60, 0x35A60,
    0x35A60, 0x35A60, 0x35A60, 0x35A60, 0x35A60, 0x35A60, 0x35A60, 0x35A60,
    0x35A60, 0x75C5C0, 0x35A60, 0x35A60, 0x804220, 0x26BD0, 0x803960, 0x803860,
    0x803740, 0x35A60, 0x99A80, 0x35A60, 0x2B5500, 0x2B5500, 0x35A60, 0x35A60,
    0x35A60, 0x2B5500, 0x35A60, 0x35A60, 0x35A60, 0x35A60, 0x35A60, 0x35A60,
    0x35A60, 0x35A60, 0x35A60, 0x35A60, 0x35A60, 0x35A60, 0x35A60, 0x35A60,
    0x35A60, 0x35A60, 0x35A60, 0x35A60, 0x35A60, 0x35A60, 0x35A60, 0x35A60,
    0x18BA50, 0x35A60, 0x35A60, 0x35A60, 0x35A60, 0x35A60, 0x35A60, 0x35A60,
    0x35A60, 0x35A60, 0x35A60, 0x35A60, 0x35A60, 0x35A60, 0x35A60, 0x35A60,
    0x35A60, 0x75CC60, 0x35A60, 0x35A60, 0x35A60, 0x35A60, 0x35A60, 0x35A60,
    0x35A60, 0x35A60, 0x35A60, 0x35A60, 0x50AF0, 0x50AF0, 0x35A60, 0x35A60,
    0x35A60, 0x35A60, 0x35A60, 0x35A60, 0x35A60, 0x35A60, 0x35A60, 0x35A60,
    0x35A60, 0x35A60, 0x35A60, 0x35A60, 0x803F40, 0x35A60, 0x75CBE0, 0x75CBF0,
    0x75CC10, 0x75CC40, 0x35A60, 0x35A60, 0x35A60, 0x35A60, 0x35A60, 0x35A60,
    0x35A60, 0x35A60, 0x35A60, 0x35A60, 0x35A60, 0x35A60, 0x35A60, 0x35A60,
    0x35A60, 0x35A60, 0x35A60, 0x35A60, 0x35A60, 0x75F0F0, 0x35A60, 0x35A60,
    0x35A60, 0x35A60, 0x35A60, 0x35A60, 0x35A60, 0x35A60, 0x75CC70, 0x35A60,
    0x35A60, 0x35A60, 0x35A60, 0x35A60, 0x2B5500, 0x2B5500, 0x35A60, 0x35A60,
    0x35A60, 0x35A60, 0x35A60, 0x35A60, 0x35A60, 0x35A60, 0x35A60, 0x35A60,
    0x35A60, 0x35A60, 0x35A60, 0x75CC10, 0x35A60, 0x35A60, 0x35A60, 0x50AF0,
    0x14C4E0, 0x803FA0, 0x35A60, 0x35A60
};

/* TempCritChanceUp -172 vtable slot RVAs */
const UINT_PTR g_tempCritChanceUpVtableRVAs[172] = {
    0x562FF0, 0x562FE0, 0x562F10, 0x562F00, 0x50AF0, 0x724B70, 0x35A60, 0x75C5F0,
    0x35A60, 0x35A60, 0x35A60, 0x35A60, 0x35A60, 0x35A60, 0x35A60, 0x35A60,
    0x35A60, 0x35A60, 0x35A60, 0x35A60, 0x35A60, 0x35A60, 0x35A60, 0x35A60,
    0x35A60, 0x75C5C0, 0x35A60, 0x35A60, 0x804220, 0x26BD0, 0x803960, 0x803860,
    0x803740, 0x35A60, 0x35A60, 0x35A60, 0x2B5500, 0x2B5500, 0x35A60, 0x35A60,
    0x35A60, 0x2B5500, 0x35A60, 0x35A60, 0x35A60, 0x35A60, 0x35A60, 0x35A60,
    0x35A60, 0x35A60, 0x35A60, 0x35A60, 0x35A60, 0x35A60, 0x35A60, 0x35A60,
    0x89CC50, 0x89CC70, 0x35A60, 0x35A60, 0x35A60, 0x35A60, 0x35A60, 0x35A60,
    0x35A60, 0x35A60, 0x35A60, 0x35A60, 0x35A60, 0x35A60, 0x35A60, 0x35A60,
    0x35A60, 0x35A60, 0x35A60, 0x35A60, 0x35A60, 0x35A60, 0x35A60, 0x35A60,
    0x35A60, 0x75CC60, 0x35A60, 0x89CC30, 0x35A60, 0x35A60, 0x35A60, 0x35A60,
    0x35A60, 0x35A60, 0x35A60, 0x35A60, 0x50AF0, 0x50AF0, 0x35A60, 0x35A60,
    0x35A60, 0x35A60, 0x35A60, 0x35A60, 0x35A60, 0x35A60, 0x35A60, 0x35A60,
    0x35A60, 0x35A60, 0x35A60, 0x35A60, 0x803F40, 0x35A60, 0x75CBE0, 0x75CBF0,
    0x75CC10, 0x75CC40, 0x35A60, 0x35A60, 0x35A60, 0x35A60, 0x35A60, 0x35A60,
    0x35A60, 0x35A60, 0x35A60, 0x35A60, 0x35A60, 0x35A60, 0x35A60, 0x35A60,
    0x35A60, 0x35A60, 0x35A60, 0x35A60, 0x35A60, 0x75F0F0, 0x35A60, 0x35A60,
    0x35A60, 0x35A60, 0x35A60, 0x35A60, 0x35A60, 0x35A60, 0x75CC70, 0x35A60,
    0x35A60, 0x35A60, 0x35A60, 0x35A60, 0x2B5500, 0x2B5500, 0x35A60, 0x35A60,
    0x35A60, 0x35A60, 0x35A60, 0x35A60, 0x35A60, 0x35A60, 0x35A60, 0x35A60,
    0x35A60, 0x35A60, 0x35A60, 0x75CC10, 0x35A60, 0x35A60, 0x35A60, 0x50AF0,
    0x14C4E0, 0x803FA0, 0x35A60, 0x35A60
};

/* TempDamageUp -172 vtable slot RVAs */
const UINT_PTR g_tempDamageUpVtableRVAs[172] = {
    0x562890, 0x562880, 0x5627B0, 0x5627A0, 0x50AF0, 0x724BF0, 0x35A60, 0x75C5F0,
    0x35A60, 0x35A60, 0x35A60, 0x35A60, 0x35A60, 0x35A60, 0x35A60, 0x35A60,
    0x35A60, 0x35A60, 0x35A60, 0x35A60, 0x35A60, 0x35A60, 0x35A60, 0x35A60,
    0x35A60, 0x75C5C0, 0x35A60, 0x35A60, 0x804220, 0x26BD0, 0x803960, 0x803860,
    0x803740, 0x35A60, 0x35A60, 0x977D0, 0x2B5500, 0x2B5500, 0x35A60, 0x35A60,
    0x35A60, 0x2B5500, 0x35A60, 0x35A60, 0x35A60, 0x35A60, 0x35A60, 0x35A60,
    0x35A60, 0x35A60, 0x35A60, 0x35A60, 0x35A60, 0x35A60, 0x35A60, 0x35A60,
    0x35A60, 0x35A60, 0x35A60, 0x35A60, 0x35A60, 0x35A60, 0x35A60, 0x35A60,
    0x35A60, 0x35A60, 0x35A60, 0x35A60, 0x35A60, 0x35A60, 0x35A60, 0x35A60,
    0x35A60, 0x35A60, 0x35A60, 0x35A60, 0x35A60, 0x35A60, 0x35A60, 0x35A60,
    0x35A60, 0x75CC60, 0x35A60, 0x35A60, 0x35A60, 0x35A60, 0x35A60, 0x35A60,
    0x35A60, 0x77BA0, 0x35A60, 0x35A60, 0x50AF0, 0x50AF0, 0x35A60, 0x35A60,
    0x35A60, 0x35A60, 0x35A60, 0x35A60, 0x35A60, 0x35A60, 0x35A60, 0x35A60,
    0x35A60, 0x35A60, 0x35A60, 0x35A60, 0x803F40, 0x35A60, 0x75CBE0, 0x75CBF0,
    0x75CC10, 0x75CC40, 0x35A60, 0x35A60, 0x35A60, 0x35A60, 0x35A60, 0x35A60,
    0x35A60, 0x35A60, 0x35A60, 0x35A60, 0x35A60, 0x35A60, 0x35A60, 0x35A60,
    0x35A60, 0x35A60, 0x35A60, 0x35A60, 0x35A60, 0x75F0F0, 0x35A60, 0x35A60,
    0x35A60, 0x35A60, 0x35A60, 0x35A60, 0x35A60, 0x35A60, 0x75CC70, 0x35A60,
    0x35A60, 0x35A60, 0x35A60, 0x35A60, 0x2B5500, 0x2B5500, 0x35A60, 0x35A60,
    0x35A60, 0x35A60, 0x35A60, 0x35A60, 0x35A60, 0x35A60, 0x35A60, 0x35A60,
    0x35A60, 0x35A60, 0x35A60, 0x75CC10, 0x35A60, 0x35A60, 0x35A60, 0x50AF0,
    0x14C4E0, 0x803FA0, 0x35A60, 0x35A60
};

/* TempDexterityUp -172 vtable slot RVAs */
const UINT_PTR g_tempDexterityUpVtableRVAs[172] = {
    0x562D70, 0x562D60, 0x562C90, 0x562C80, 0x50AF0, 0x724C70, 0x35A60, 0x75C5F0,
    0x35A60, 0x35A60, 0x35A60, 0x35A60, 0x35A60, 0x35A60, 0x35A60, 0x35A60,
    0x35A60, 0x35A60, 0x35A60, 0x35A60, 0x35A60, 0x35A60, 0x35A60, 0x35A60,
    0x35A60, 0x75C5C0, 0x35A60, 0x35A60, 0x804220, 0x26BD0, 0x803960, 0x803860,
    0x803740, 0x35A60, 0x35A60, 0x977D0, 0x2B5500, 0x2B5500, 0x35A60, 0x35A60,
    0x35A60, 0x2B5500, 0x35A60, 0x35A60, 0x35A60, 0x35A60, 0x35A60, 0x35A60,
    0x35A60, 0x35A60, 0x35A60, 0x35A60, 0x35A60, 0x35A60, 0x35A60, 0x35A60,
    0x35A60, 0x35A60, 0x35A60, 0x35A60, 0x35A60, 0x35A60, 0x35A60, 0x35A60,
    0x35A60, 0x35A60, 0x35A60, 0x35A60, 0x35A60, 0x35A60, 0x35A60, 0x35A60,
    0x35A60, 0x35A60, 0x35A60, 0x35A60, 0x35A60, 0x35A60, 0x35A60, 0x35A60,
    0x35A60, 0x75CC60, 0x803580, 0x35A60, 0x35A60, 0x35A60, 0x35A60, 0x35A60,
    0x35A60, 0x35A60, 0x35A60, 0x35A60, 0x50AF0, 0x50AF0, 0x35A60, 0x35A60,
    0x35A60, 0x35A60, 0x35A60, 0x35A60, 0x35A60, 0x35A60, 0x35A60, 0x35A60,
    0x35A60, 0x35A60, 0x35A60, 0x35A60, 0x803F40, 0x35A60, 0x75CBE0, 0x75CBF0,
    0x75CC10, 0x75CC40, 0x35A60, 0x35A60, 0x35A60, 0x35A60, 0x35A60, 0x35A60,
    0x35A60, 0x35A60, 0x35A60, 0x35A60, 0x35A60, 0x35A60, 0x35A60, 0x35A60,
    0x35A60, 0x35A60, 0x35A60, 0x35A60, 0x35A60, 0x75F0F0, 0x35A60, 0x35A60,
    0x35A60, 0x35A60, 0x35A60, 0x35A60, 0x35A60, 0x35A60, 0x75CC70, 0x35A60,
    0x35A60, 0x35A60, 0x35A60, 0x35A60, 0x2B5500, 0x2B5500, 0x35A60, 0x35A60,
    0x35A60, 0x35A60, 0x35A60, 0x35A60, 0x35A60, 0x35A60, 0x35A60, 0x35A60,
    0x35A60, 0x35A60, 0x35A60, 0x75CC10, 0x35A60, 0x35A60, 0x35A60, 0x50AF0,
    0x14C4E0, 0x803FA0, 0x35A60, 0x35A60
};

/* TempInitiativeChange -172 vtable slot RVAs */
const UINT_PTR g_tempInitiativeChangeVtableRVAs[172] = {
    0x563870, 0x563860, 0x563790, 0x563780, 0x50AF0, 0x724CF0, 0x35A60, 0x75C5F0,
    0x35A60, 0x35A60, 0x35A60, 0x35A60, 0x35A60, 0x35A60, 0x35A60, 0x35A60,
    0x35A60, 0x35A60, 0x35A60, 0x35A60, 0x35A60, 0x35A60, 0x35A60, 0x35A60,
    0x35A60, 0x75C5C0, 0x35A60, 0x35A60, 0x804220, 0x26BD0, 0x803960, 0x803860,
    0x803740, 0x35A60, 0x977D0, 0x35A60, 0x2B5500, 0x2B5500, 0x35A60, 0x35A60,
    0x35A60, 0x2B5500, 0x35A60, 0x35A60, 0x35A60, 0x35A60, 0x35A60, 0x35A60,
    0x35A60, 0x35A60, 0x35A60, 0x35A60, 0x35A60, 0x35A60, 0x35A60, 0x35A60,
    0x35A60, 0x35A60, 0x35A60, 0x35A60, 0x35A60, 0x35A60, 0x35A60, 0x35A60,
    0x35A60, 0x35A60, 0x35A60, 0x35A60, 0x35A60, 0x35A60, 0x35A60, 0x35A60,
    0x35A60, 0x35A60, 0x35A60, 0x35A60, 0x35A60, 0x35A60, 0x35A60, 0x35A60,
    0x35A60, 0x75CC60, 0x35A60, 0x8035D0, 0x35A60, 0x35A60, 0x35A60, 0x35A60,
    0x35A60, 0x35A60, 0x35A60, 0x35A60, 0x50AF0, 0x50AF0, 0x35A60, 0x35A60,
    0x35A60, 0x35A60, 0x35A60, 0x35A60, 0x35A60, 0x35A60, 0x35A60, 0x35A60,
    0x35A60, 0x35A60, 0x35A60, 0x35A60, 0x803F40, 0x35A60, 0x75CBE0, 0x75CBF0,
    0x75CC10, 0x75CC40, 0x35A60, 0x35A60, 0x35A60, 0x35A60, 0x35A60, 0x35A60,
    0x35A60, 0x35A60, 0x35A60, 0x35A60, 0x35A60, 0x35A60, 0x35A60, 0x35A60,
    0x35A60, 0x35A60, 0x35A60, 0x35A60, 0x35A60, 0x75F0F0, 0x35A60, 0x35A60,
    0x35A60, 0x35A60, 0x35A60, 0x35A60, 0x35A60, 0x35A60, 0x75CC70, 0x35A60,
    0x35A60, 0x35A60, 0x35A60, 0x35A60, 0x2B5500, 0x2B5500, 0x35A60, 0x35A60,
    0x35A60, 0x35A60, 0x35A60, 0x35A60, 0x35A60, 0x35A60, 0x35A60, 0x35A60,
    0x35A60, 0x35A60, 0x35A60, 0x75CC10, 0x35A60, 0x35A60, 0x35A60, 0x50AF0,
    0x14C4E0, 0x803FA0, 0x35A60, 0x35A60
};

/* TempInjuryImmunity -172 vtable slot RVAs */
const UINT_PTR g_tempInjuryImmunityVtableRVAs[172] = {
    0x576A90, 0x576A80, 0x5769B0, 0x5769A0, 0x50AF0, 0x724D70, 0x35A60, 0x75C5F0,
    0x35A60, 0x35A60, 0x35A60, 0x35A60, 0x35A60, 0x35A60, 0x35A60, 0x35A60,
    0x35A60, 0x35A60, 0x35A60, 0x35A60, 0x35A60, 0x35A60, 0x35A60, 0x35A60,
    0x35A60, 0x75C5C0, 0x35A60, 0x35A60, 0x804220, 0x26BD0, 0x803960, 0x803860,
    0x803740, 0x9E460, 0x99A80, 0x35A60, 0x2B5500, 0x2B5500, 0x35A60, 0x35A60,
    0x35A60, 0x2B5500, 0x35A60, 0x35A60, 0x35A60, 0x35A60, 0x35A60, 0x35A60,
    0x35A60, 0x35A60, 0x35A60, 0x35A60, 0x35A60, 0x35A60, 0x35A60, 0x35A60,
    0x35A60, 0x35A60, 0x35A60, 0x35A60, 0x35A60, 0x35A60, 0x35A60, 0x35A60,
    0x35A60, 0x35A60, 0x35A60, 0x35A60, 0x35A60, 0x35A60, 0x35A60, 0x35A60,
    0x35A60, 0x35A60, 0x35A60, 0x35A60, 0x35A60, 0x35A60, 0x35A60, 0x35A60,
    0x35A60, 0x75CC60, 0x35A60, 0x35A60, 0x35A60, 0x35A60, 0x35A60, 0x35A60,
    0x35A60, 0x35A60, 0x35A60, 0x35A60, 0x50AF0, 0x50AF0, 0x26BE10, 0x35A60,
    0x35A60, 0x35A60, 0x35A60, 0x35A60, 0x35A60, 0x35A60, 0x35A60, 0x35A60,
    0x35A60, 0x35A60, 0x35A60, 0x35A60, 0x803F40, 0x35A60, 0x75CBE0, 0x75CBF0,
    0x75CC10, 0x75CC40, 0x35A60, 0x35A60, 0x35A60, 0x35A60, 0x35A60, 0x35A60,
    0x35A60, 0x35A60, 0x35A60, 0x35A60, 0x35A60, 0x35A60, 0x35A60, 0x35A60,
    0x35A60, 0x35A60, 0x35A60, 0x35A60, 0x35A60, 0x75F0F0, 0x35A60, 0x35A60,
    0x35A60, 0x35A60, 0x35A60, 0x35A60, 0x35A60, 0x35A60, 0x75CC70, 0x35A60,
    0x35A60, 0x35A60, 0x35A60, 0x35A60, 0x2B5500, 0x2B5500, 0x35A60, 0x35A60,
    0x35A60, 0x35A60, 0x35A60, 0x35A60, 0x35A60, 0x35A60, 0x35A60, 0x35A60,
    0x35A60, 0x35A60, 0x35A60, 0x75CC10, 0x35A60, 0x35A60, 0x35A60, 0x50AF0,
    0x14C4E0, 0x803FA0, 0x35A60, 0x35A60
};

/* TempLuckUp -172 vtable slot RVAs */
const UINT_PTR g_tempLuckUpVtableRVAs[172] = {
    0x562B00, 0x562AF0, 0x562A20, 0x562A10, 0x50AF0, 0x724DF0, 0x35A60, 0x75C5F0,
    0x35A60, 0x35A60, 0x35A60, 0x35A60, 0x35A60, 0x35A60, 0x35A60, 0x35A60,
    0x35A60, 0x35A60, 0x35A60, 0x35A60, 0x35A60, 0x35A60, 0x35A60, 0x35A60,
    0x35A60, 0x75C5C0, 0x35A60, 0x35A60, 0x804220, 0x26BD0, 0x803960, 0x803860,
    0x803740, 0x35A60, 0x35A60, 0x977D0, 0x2B5500, 0x2B5500, 0x35A60, 0x35A60,
    0x35A60, 0x2B5500, 0x35A60, 0x35A60, 0x35A60, 0x35A60, 0x35A60, 0x35A60,
    0x35A60, 0x35A60, 0x35A60, 0x35A60, 0x35A60, 0x35A60, 0x35A60, 0x35A60,
    0x35A60, 0x35A60, 0x35A60, 0x35A60, 0x35A60, 0x35A60, 0x35A60, 0x35A60,
    0x35A60, 0x35A60, 0x35A60, 0x35A60, 0x35A60, 0x35A60, 0x35A60, 0x35A60,
    0x35A60, 0x35A60, 0x35A60, 0x35A60, 0x35A60, 0x35A60, 0x35A60, 0x35A60,
    0x35A60, 0x75CC60, 0x803660, 0x35A60, 0x35A60, 0x35A60, 0x35A60, 0x35A60,
    0x35A60, 0x35A60, 0x35A60, 0x35A60, 0x50AF0, 0x50AF0, 0x35A60, 0x35A60,
    0x35A60, 0x35A60, 0x35A60, 0x35A60, 0x35A60, 0x35A60, 0x35A60, 0x35A60,
    0x35A60, 0x35A60, 0x35A60, 0x35A60, 0x803F40, 0x35A60, 0x75CBE0, 0x75CBF0,
    0x75CC10, 0x75CC40, 0x35A60, 0x35A60, 0x35A60, 0x35A60, 0x35A60, 0x35A60,
    0x35A60, 0x35A60, 0x35A60, 0x35A60, 0x35A60, 0x35A60, 0x35A60, 0x35A60,
    0x35A60, 0x35A60, 0x35A60, 0x35A60, 0x35A60, 0x75F0F0, 0x35A60, 0x35A60,
    0x35A60, 0x35A60, 0x35A60, 0x35A60, 0x35A60, 0x35A60, 0x75CC70, 0x35A60,
    0x35A60, 0x35A60, 0x35A60, 0x35A60, 0x2B5500, 0x2B5500, 0x35A60, 0x35A60,
    0x35A60, 0x35A60, 0x35A60, 0x35A60, 0x35A60, 0x35A60, 0x35A60, 0x35A60,
    0x35A60, 0x35A60, 0x35A60, 0x75CC10, 0x35A60, 0x35A60, 0x35A60, 0x50AF0,
    0x14C4E0, 0x803FA0, 0x35A60, 0x35A60
};

/* TempMadness -172 vtable slot RVAs */
const UINT_PTR g_tempMadnessVtableRVAs[172] = {
    0x59F5E0, 0x59F5D0, 0x59F500, 0x59F4F0, 0x50AF0, 0x724E70, 0x35A60, 0x75C5F0,
    0x35A60, 0x35A60, 0x35A60, 0x35A60, 0x35A60, 0x35A60, 0x35A60, 0x35A60,
    0x35A60, 0x35A60, 0x35A60, 0x35A60, 0x35A60, 0x35A60, 0x35A60, 0x35A60,
    0x35A60, 0x75C5C0, 0x35A60, 0x35A60, 0x804220, 0x26BD0, 0x803960, 0x803860,
    0x803740, 0x9BD80, 0x35A60, 0x35A60, 0x2B5500, 0x2B5500, 0x35A60, 0x35A60,
    0x35A60, 0x2B5500, 0x35A60, 0x35A60, 0x35A60, 0x35A60, 0x35A60, 0x35A60,
    0x35A60, 0x35A60, 0x35A60, 0x35A60, 0x35A60, 0x35A60, 0x35A60, 0x35A60,
    0x35A60, 0x9BC90, 0x35A60, 0x9BE20, 0x35A60, 0x35A60, 0x35A60, 0x35A60,
    0x35A60, 0x35A60, 0x35A60, 0x35A60, 0x35A60, 0x35A60, 0x35A60, 0x35A60,
    0x35A60, 0x35A60, 0x35A60, 0x35A60, 0x35A60, 0x35A60, 0x35A60, 0x35A60,
    0x35A60, 0x75CC60, 0x35A60, 0x9BDF0, 0x35A60, 0x35A60, 0x35A60, 0x35A60,
    0x35A60, 0x35A60, 0x35A60, 0x977D0, 0x50AF0, 0x50AF0, 0x35A60, 0x35A60,
    0x35A60, 0x35A60, 0x35A60, 0x35A60, 0x35A60, 0x35A60, 0x35A60, 0x35A60,
    0x35A60, 0x35A60, 0x35A60, 0x35A60, 0x803F40, 0x35A60, 0x75CBE0, 0x75CBF0,
    0x9BB80, 0x75CC40, 0x35A60, 0x35A60, 0x35A60, 0x35A60, 0x35A60, 0x35A60,
    0x35A60, 0x35A60, 0x35A60, 0x35A60, 0x35A60, 0x35A60, 0x35A60, 0x35A60,
    0x35A60, 0x35A60, 0x35A60, 0x35A60, 0x35A60, 0x75F0F0, 0x35A60, 0x35A60,
    0x35A60, 0x35A60, 0x35A60, 0x35A60, 0x35A60, 0x35A60, 0x75CC70, 0x35A60,
    0x35A60, 0x35A60, 0x35A60, 0x35A60, 0x2B5500, 0x2B5500, 0x35A60, 0x35A60,
    0x35A60, 0x35A60, 0x35A60, 0x35A60, 0x35A60, 0x35A60, 0x35A60, 0x35A60,
    0x35A60, 0x35A60, 0x35A60, 0x75CC10, 0x35A60, 0x35A60, 0x35A60, 0x50AF0,
    0x14C4E0, 0x803FA0, 0x35A60, 0x35A60
};

/* TempManaCostReduction -172 vtable slot RVAs */
const UINT_PTR g_tempManaCostReductionVtableRVAs[172] = {
    0x598010, 0x598000, 0x597F30, 0x597F20, 0x50AF0, 0x724EF0, 0x35A60, 0x75C5F0,
    0x35A60, 0x35A60, 0x35A60, 0x35A60, 0x35A60, 0x35A60, 0x35A60, 0x35A60,
    0x35A60, 0x35A60, 0x35A60, 0x35A60, 0x35A60, 0x35A60, 0x35A60, 0x35A60,
    0x35A60, 0x75C5C0, 0x35A60, 0x35A60, 0x804220, 0x26BD0, 0x803960, 0x803860,
    0x803740, 0x35A60, 0x35A60, 0x977D0, 0x2B5500, 0x2B5500, 0x35A60, 0x35A60,
    0x35A60, 0x2B5500, 0x35A60, 0x35A60, 0x35A60, 0x35A60, 0x35A60, 0x35A60,
    0x35A60, 0x35A60, 0x35A60, 0x35A60, 0x35A60, 0x35A60, 0x35A60, 0x35A60,
    0x35A60, 0x35A60, 0x35A60, 0x35A60, 0x35A60, 0x35A60, 0x35A60, 0x35A60,
    0x35A60, 0x35A60, 0x35A60, 0x35A60, 0x35A60, 0x35A60, 0x35A60, 0x35A60,
    0x35A60, 0x35A60, 0x35A60, 0x35A60, 0x35A60, 0x35A60, 0x35A60, 0x35A60,
    0x35A60, 0x75CC60, 0x35A60, 0x35A60, 0x35A60, 0x35A60, 0x35A60, 0x35A60,
    0x35A60, 0x143BD0, 0x35A60, 0x35A60, 0x50AF0, 0x50AF0, 0x35A60, 0x35A60,
    0x35A60, 0x35A60, 0x35A60, 0x35A60, 0x35A60, 0x35A60, 0x35A60, 0x35A60,
    0x35A60, 0x35A60, 0x35A60, 0x35A60, 0x803F40, 0x35A60, 0x75CBE0, 0x75CBF0,
    0x75CC10, 0x75CC40, 0x35A60, 0x35A60, 0x35A60, 0x35A60, 0x35A60, 0x35A60,
    0x35A60, 0x35A60, 0x35A60, 0x35A60, 0x35A60, 0x35A60, 0x35A60, 0x35A60,
    0x35A60, 0x35A60, 0x35A60, 0x35A60, 0x35A60, 0x75F0F0, 0x35A60, 0x35A60,
    0x35A60, 0x35A60, 0x35A60, 0x35A60, 0x35A60, 0x35A60, 0x75CC70, 0x35A60,
    0x35A60, 0x35A60, 0x35A60, 0x35A60, 0x2B5500, 0x2B5500, 0x35A60, 0x35A60,
    0x35A60, 0x35A60, 0x35A60, 0x35A60, 0x35A60, 0x35A60, 0x35A60, 0x35A60,
    0x35A60, 0x35A60, 0x35A60, 0x75CC10, 0x35A60, 0x35A60, 0x35A60, 0x50AF0,
    0x14C4E0, 0x803FA0, 0x35A60, 0x35A60
};

/* TempMeleeRangeUp -172 vtable slot RVAs */
const UINT_PTR g_tempMeleeRangeUpVtableRVAs[172] = {
    0x563130, 0x563120, 0x563050, 0x563040, 0x50AF0, 0x724F70, 0x35A60, 0x75C5F0,
    0x35A60, 0x35A60, 0x35A60, 0x35A60, 0x35A60, 0x35A60, 0x35A60, 0x35A60,
    0x35A60, 0x35A60, 0x35A60, 0x35A60, 0x35A60, 0x35A60, 0x35A60, 0x35A60,
    0x35A60, 0x75C5C0, 0x35A60, 0x35A60, 0x804220, 0x26BD0, 0x803960, 0x803860,
    0x803740, 0x35A60, 0x35A60, 0x977D0, 0x2B5500, 0x2B5500, 0x35A60, 0x35A60,
    0x35A60, 0x2B5500, 0x35A60, 0x35A60, 0x35A60, 0x35A60, 0x35A60, 0x35A60,
    0x35A60, 0x35A60, 0x35A60, 0x35A60, 0x35A60, 0x35A60, 0x35A60, 0x35A60,
    0x35A60, 0x35A60, 0x35A60, 0x35A60, 0x35A60, 0x35A60, 0x35A60, 0x35A60,
    0x35A60, 0x35A60, 0x35A60, 0x35A60, 0x35A60, 0x35A60, 0x35A60, 0x35A60,
    0x35A60, 0x35A60, 0x35A60, 0x35A60, 0x35A60, 0x35A60, 0x35A60, 0x35A60,
    0x35A60, 0x75CC60, 0x35A60, 0x8036A0, 0x35A60, 0x35A60, 0x35A60, 0x35A60,
    0x35A60, 0x35A60, 0x35A60, 0x35A60, 0x50AF0, 0x50AF0, 0x35A60, 0x35A60,
    0x35A60, 0x35A60, 0x35A60, 0x35A60, 0x35A60, 0x35A60, 0x35A60, 0x35A60,
    0x35A60, 0x35A60, 0x35A60, 0x35A60, 0x803F40, 0x35A60, 0x75CBE0, 0x75CBF0,
    0x75CC10, 0x75CC40, 0x35A60, 0x35A60, 0x35A60, 0x35A60, 0x35A60, 0x35A60,
    0x35A60, 0x35A60, 0x35A60, 0x35A60, 0x35A60, 0x35A60, 0x35A60, 0x35A60,
    0x35A60, 0x35A60, 0x35A60, 0x35A60, 0x35A60, 0x75F0F0, 0x35A60, 0x35A60,
    0x35A60, 0x35A60, 0x35A60, 0x35A60, 0x35A60, 0x35A60, 0x75CC70, 0x35A60,
    0x35A60, 0x35A60, 0x35A60, 0x35A60, 0x2B5500, 0x2B5500, 0x35A60, 0x35A60,
    0x35A60, 0x35A60, 0x35A60, 0x35A60, 0x35A60, 0x35A60, 0x35A60, 0x35A60,
    0x35A60, 0x35A60, 0x35A60, 0x75CC10, 0x35A60, 0x35A60, 0x35A60, 0x50AF0,
    0x14C4E0, 0x803FA0, 0x35A60, 0x35A60
};

/* TempMovement -172 vtable slot RVAs */
const UINT_PTR g_tempMovementVtableRVAs[172] = {
    0x563740, 0x563730, 0x563660, 0x563650, 0x50AF0, 0x724FF0, 0x35A60, 0x75C5F0,
    0x35A60, 0x35A60, 0x35A60, 0x35A60, 0x35A60, 0x35A60, 0x35A60, 0x35A60,
    0x35A60, 0x35A60, 0x35A60, 0x35A60, 0x35A60, 0x35A60, 0x35A60, 0x35A60,
    0x35A60, 0x75C5C0, 0x35A60, 0x35A60, 0x804220, 0x26BD0, 0x803960, 0x803860,
    0x803740, 0x35A60, 0x35A60, 0x977D0, 0x2B5500, 0x2B5500, 0x35A60, 0x35A60,
    0x35A60, 0x2B5500, 0x35A60, 0x35A60, 0x35A60, 0x35A60, 0x35A60, 0x35A60,
    0x35A60, 0x35A60, 0x35A60, 0x35A60, 0x35A60, 0x35A60, 0x35A60, 0x35A60,
    0x35A60, 0x35A60, 0x35A60, 0x35A60, 0x35A60, 0x35A60, 0x35A60, 0x35A60,
    0x35A60, 0x35A60, 0x35A60, 0x35A60, 0x35A60, 0x35A60, 0x35A60, 0x35A60,
    0x35A60, 0x35A60, 0x35A60, 0x35A60, 0x35A60, 0x35A60, 0x35A60, 0x35A60,
    0x35A60, 0x75CC60, 0x35A60, 0x8035E0, 0x35A60, 0x35A60, 0x35A60, 0x35A60,
    0x35A60, 0x35A60, 0x35A60, 0x35A60, 0x50AF0, 0x50AF0, 0x35A60, 0x35A60,
    0x35A60, 0x35A60, 0x35A60, 0x35A60, 0x35A60, 0x35A60, 0x35A60, 0x35A60,
    0x35A60, 0x35A60, 0x35A60, 0x35A60, 0x803F40, 0x35A60, 0x75CBE0, 0x75CBF0,
    0x75CC10, 0x75CC40, 0x35A60, 0x35A60, 0x35A60, 0x35A60, 0x35A60, 0x35A60,
    0x35A60, 0x35A60, 0x35A60, 0x35A60, 0x35A60, 0x35A60, 0x35A60, 0x35A60,
    0x35A60, 0x35A60, 0x35A60, 0x35A60, 0x35A60, 0x75F0F0, 0x35A60, 0x35A60,
    0x35A60, 0x35A60, 0x35A60, 0x35A60, 0x35A60, 0x35A60, 0x75CC70, 0x35A60,
    0x35A60, 0x35A60, 0x35A60, 0x35A60, 0x2B5500, 0x2B5500, 0x35A60, 0x35A60,
    0x35A60, 0x35A60, 0x35A60, 0x35A60, 0x35A60, 0x35A60, 0x35A60, 0x35A60,
    0x35A60, 0x35A60, 0x35A60, 0x75CC10, 0x35A60, 0x35A60, 0x35A60, 0x50AF0,
    0x14C4E0, 0x803FA0, 0x35A60, 0x35A60
};

/* TempNoManaRegen -172 vtable slot RVAs */
const UINT_PTR g_tempNoManaRegenVtableRVAs[172] = {
    0x5624D0, 0x5624C0, 0x5623F0, 0x5623E0, 0x50AF0, 0x725070, 0x35A60, 0x75C5F0,
    0x35A60, 0x35A60, 0x35A60, 0x2085B0, 0x35A60, 0x35A60, 0x35A60, 0x35A60,
    0x35A60, 0x35A60, 0x35A60, 0x35A60, 0x35A60, 0x35A60, 0x35A60, 0x35A60,
    0x35A60, 0x75C5C0, 0x35A60, 0x35A60, 0x804220, 0x26BD0, 0x803960, 0x803860,
    0x803740, 0x6FEB0, 0x35A60, 0x9F150, 0x2B5500, 0x2B5500, 0x35A60, 0x35A60,
    0x35A60, 0x2B5500, 0x35A60, 0x35A60, 0x35A60, 0x35A60, 0x35A60, 0x35A60,
    0x35A60, 0x35A60, 0x35A60, 0x35A60, 0x35A60, 0x35A60, 0x35A60, 0x35A60,
    0x35A60, 0x35A60, 0x35A60, 0x35A60, 0x35A60, 0x35A60, 0x35A60, 0x35A60,
    0x35A60, 0x35A60, 0x35A60, 0x35A60, 0x35A60, 0x35A60, 0x35A60, 0x35A60,
    0x35A60, 0x35A60, 0x35A60, 0x35A60, 0x35A60, 0x35A60, 0x35A60, 0x35A60,
    0x35A60, 0x75CC60, 0x35A60, 0x1714D0, 0x35A60, 0x35A60, 0x35A60, 0x35A60,
    0x35A60, 0x35A60, 0x35A60, 0x35A60, 0x50AF0, 0x50AF0, 0x35A60, 0x35A60,
    0x35A60, 0x35A60, 0x35A60, 0x35A60, 0x35A60, 0x35A60, 0x35A60, 0x35A60,
    0x35A60, 0x35A60, 0x35A60, 0x35A60, 0x803F40, 0x35A60, 0x75CBE0, 0x75CBF0,
    0x75CC10, 0x75CC40, 0x35A60, 0x35A60, 0x35A60, 0x35A60, 0x35A60, 0x35A60,
    0x35A60, 0x35A60, 0x35A60, 0x35A60, 0x35A60, 0x35A60, 0x35A60, 0x35A60,
    0x35A60, 0x35A60, 0x35A60, 0x35A60, 0x35A60, 0x75F0F0, 0x35A60, 0x35A60,
    0x35A60, 0x35A60, 0x35A60, 0x35A60, 0x35A60, 0x35A60, 0x75CC70, 0x35A60,
    0x35A60, 0x35A60, 0x35A60, 0x35A60, 0x2B5500, 0x2B5500, 0x35A60, 0x35A60,
    0x35A60, 0x35A60, 0x35A60, 0x35A60, 0x35A60, 0x35A60, 0x35A60, 0x35A60,
    0x35A60, 0x35A60, 0x35A60, 0x75CC10, 0x35A60, 0x35A60, 0x35A60, 0x50AF0,
    0x14C4E0, 0x803FA0, 0x35A60, 0x35A60
};

/* Temporary -172 vtable slot RVAs */
const UINT_PTR g_temporaryVtableRVAs[172] = {
    0x57AA10, 0x57AA00, 0x57A930, 0x57A920, 0x50AF0, 0x725610, 0x35A60, 0x75C5F0,
    0x35A60, 0x35A60, 0x35A60, 0x35A60, 0x35A60, 0x35A60, 0x35A60, 0x35A60,
    0x35A60, 0x35A60, 0x35A60, 0x35A60, 0x35A60, 0x35A60, 0x35A60, 0x35A60,
    0x35A60, 0x75C5C0, 0x35A60, 0x35A60, 0x804220, 0x26BD0, 0x803960, 0x803860,
    0x803740, 0x24B020, 0x24B8E0, 0x24B890, 0x2B5500, 0x2B5500, 0x35A60, 0x35A60,
    0x35A60, 0x2B5500, 0x24B930, 0x35A60, 0x35A60, 0x24BA80, 0x35A60, 0x35A60,
    0x35A60, 0x35A60, 0x35A60, 0x35A60, 0x35A60, 0x24B980, 0x35A60, 0x35A60,
    0x35A60, 0x35A60, 0x35A60, 0x35A60, 0x35A60, 0x35A60, 0x35A60, 0x35A60,
    0x35A60, 0x35A60, 0x35A60, 0x24BA20, 0x35A60, 0x35A60, 0x35A60, 0x35A60,
    0x35A60, 0x35A60, 0x35A60, 0x35A60, 0x35A60, 0x35A60, 0x35A60, 0x35A60,
    0x35A60, 0x75CC60, 0x35A60, 0x35A60, 0x35A60, 0x35A60, 0x35A60, 0x35A60,
    0x35A60, 0x35A60, 0x35A60, 0x35A60, 0x50AF0, 0x50AF0, 0x35A60, 0x35A60,
    0x35A60, 0x35A60, 0x35A60, 0x35A60, 0x35A60, 0x35A60, 0x35A60, 0x35A60,
    0x35A60, 0x35A60, 0x35A60, 0x35A60, 0x803F40, 0x35A60, 0x75CBE0, 0x75CBF0,
    0x75CC10, 0x75CC40, 0x35A60, 0x35A60, 0x35A60, 0x35A60, 0x35A60, 0x35A60,
    0x35A60, 0x35A60, 0x35A60, 0x35A60, 0x35A60, 0x35A60, 0x35A60, 0x35A60,
    0x35A60, 0x35A60, 0x35A60, 0x35A60, 0x35A60, 0x75F0F0, 0x35A60, 0x35A60,
    0x35A60, 0x35A60, 0x35A60, 0x35A60, 0x35A60, 0x35A60, 0x75CC70, 0x35A60,
    0x35A60, 0x35A60, 0x35A60, 0x35A60, 0x2B5500, 0x2B5500, 0x35A60, 0x35A60,
    0x35A60, 0x35A60, 0x35A60, 0x35A60, 0x35A60, 0x35A60, 0x35A60, 0x35A60,
    0x35A60, 0x35A60, 0x35A60, 0x75CC10, 0x35A60, 0x35A60, 0x35A60, 0x50AF0,
    0x14C4E0, 0x803FA0, 0x24B7E0, 0x35A60
};

/* TempPassiveUntilSettled -172 vtable slot RVAs */
const UINT_PTR g_tempPassiveUntilSettledVtableRVAs[172] = {
    0x579C50, 0x579C40, 0x579B70, 0x579B60, 0x50AF0, 0x7250F0, 0x35A60, 0x75C5F0,
    0x35A60, 0x35A60, 0x35A60, 0x24D860, 0x35A60, 0x35A60, 0x35A60, 0x35A60,
    0x35A60, 0x35A60, 0x35A60, 0x35A60, 0x35A60, 0x35A60, 0x35A60, 0x35A60,
    0x35A60, 0x75C5C0, 0x35A60, 0x35A60, 0x804220, 0x26BD0, 0x803960, 0x803860,
    0x803740, 0x24D3B0, 0x35A60, 0x35A60, 0x2B5500, 0x2B5500, 0x35A60, 0x35A60,
    0x35A60, 0x2B5500, 0x35A60, 0x35A60, 0x35A60, 0x24D5F0, 0x35A60, 0x35A60,
    0x35A60, 0x35A60, 0x35A60, 0x35A60, 0x35A60, 0x35A60, 0x35A60, 0x35A60,
    0x35A60, 0x35A60, 0x35A60, 0x35A60, 0x35A60, 0x35A60, 0x35A60, 0x35A60,
    0x35A60, 0x35A60, 0x35A60, 0x35A60, 0x35A60, 0x35A60, 0x35A60, 0x35A60,
    0x35A60, 0x35A60, 0x35A60, 0x35A60, 0x35A60, 0x35A60, 0x35A60, 0x35A60,
    0x35A60, 0x75CC60, 0x35A60, 0x35A60, 0x35A60, 0x35A60, 0x35A60, 0x35A60,
    0x35A60, 0x35A60, 0x35A60, 0x35A60, 0x50AF0, 0x50AF0, 0x35A60, 0x35A60,
    0x35A60, 0x35A60, 0x35A60, 0x35A60, 0x35A60, 0x35A60, 0x35A60, 0x35A60,
    0x35A60, 0x35A60, 0x35A60, 0x35A60, 0x803F40, 0x35A60, 0x75CBE0, 0x75CBF0,
    0x75CC10, 0x75CC40, 0x35A60, 0x35A60, 0x35A60, 0x35A60, 0x35A60, 0x35A60,
    0x35A60, 0x35A60, 0x35A60, 0x35A60, 0x35A60, 0x35A60, 0x35A60, 0x35A60,
    0x35A60, 0x35A60, 0x35A60, 0x35A60, 0x35A60, 0x75F0F0, 0x35A60, 0x35A60,
    0x35A60, 0x35A60, 0x35A60, 0x35A60, 0x35A60, 0x35A60, 0x75CC70, 0x35A60,
    0x35A60, 0x35A60, 0x35A60, 0x35A60, 0x2B5500, 0x2B5500, 0x35A60, 0x35A60,
    0x35A60, 0x35A60, 0x35A60, 0x35A60, 0x35A60, 0x35A60, 0x35A60, 0x35A60,
    0x35A60, 0x35A60, 0x35A60, 0x75CC10, 0x35A60, 0x35A60, 0x35A60, 0x50AF0,
    0x14C4E0, 0x803FA0, 0x35A60, 0x35A60
};

/* TempPassiveWhileHasStatus -172 vtable slot RVAs */
const UINT_PTR g_tempPassiveWhileHasStatusVtableRVAs[172] = {
    0x579DB0, 0x579DA0, 0x579CD0, 0x579CC0, 0x50AF0, 0x725180, 0x35A60, 0x75C5F0,
    0x35A60, 0x35A60, 0x35A60, 0x24D690, 0x35A60, 0x35A60, 0x35A60, 0x35A60,
    0x35A60, 0x35A60, 0x35A60, 0x35A60, 0x35A60, 0x35A60, 0x35A60, 0x35A60,
    0x35A60, 0x75C5C0, 0x35A60, 0x35A60, 0x804220, 0x26BD0, 0x803960, 0x803860,
    0x803740, 0x24D3B0, 0x35A60, 0x35A60, 0x2B5500, 0x2B5500, 0x35A60, 0x35A60,
    0x35A60, 0x2B5500, 0x35A60, 0x35A60, 0x35A60, 0x24D5F0, 0x35A60, 0x35A60,
    0x35A60, 0x35A60, 0x35A60, 0x35A60, 0x35A60, 0x35A60, 0x35A60, 0x35A60,
    0x35A60, 0x35A60, 0x35A60, 0x35A60, 0x35A60, 0x35A60, 0x35A60, 0x35A60,
    0x35A60, 0x35A60, 0x35A60, 0x35A60, 0x35A60, 0x35A60, 0x35A60, 0x35A60,
    0x35A60, 0x35A60, 0x35A60, 0x35A60, 0x35A60, 0x35A60, 0x35A60, 0x35A60,
    0x35A60, 0x75CC60, 0x35A60, 0x35A60, 0x35A60, 0x35A60, 0x35A60, 0x35A60,
    0x35A60, 0x35A60, 0x35A60, 0x35A60, 0x50AF0, 0x50AF0, 0x35A60, 0x35A60,
    0x35A60, 0x35A60, 0x35A60, 0x35A60, 0x35A60, 0x35A60, 0x35A60, 0x35A60,
    0x35A60, 0x35A60, 0x35A60, 0x35A60, 0x803F40, 0x35A60, 0x75CBE0, 0x75CBF0,
    0x75CC10, 0x75CC40, 0x35A60, 0x35A60, 0x35A60, 0x35A60, 0x35A60, 0x35A60,
    0x35A60, 0x35A60, 0x35A60, 0x35A60, 0x35A60, 0x35A60, 0x35A60, 0x35A60,
    0x35A60, 0x35A60, 0x35A60, 0x35A60, 0x35A60, 0x75F0F0, 0x35A60, 0x35A60,
    0x35A60, 0x35A60, 0x35A60, 0x35A60, 0x35A60, 0x35A60, 0x75CC70, 0x35A60,
    0x35A60, 0x35A60, 0x35A60, 0x35A60, 0x2B5500, 0x2B5500, 0x35A60, 0x35A60,
    0x35A60, 0x35A60, 0x35A60, 0x35A60, 0x35A60, 0x35A60, 0x35A60, 0x35A60,
    0x35A60, 0x35A60, 0x35A60, 0x75CC10, 0x35A60, 0x35A60, 0x35A60, 0x50AF0,
    0x14C4E0, 0x803FA0, 0x35A60, 0x35A60
};

/* TempPenetrate -172 vtable slot RVAs */
const UINT_PTR g_tempPenetrateVtableRVAs[172] = {
    0x55E6E0, 0x55E6D0, 0x55E600, 0x55E5F0, 0x50AF0, 0x725210, 0x35A60, 0x75C5F0,
    0x35A60, 0x35A60, 0x35A60, 0x35A60, 0x35A60, 0x35A60, 0x35A60, 0x35A60,
    0x35A60, 0x35A60, 0x35A60, 0x35A60, 0x35A60, 0x35A60, 0x35A60, 0x35A60,
    0x35A60, 0x75C5C0, 0x35A60, 0x35A60, 0x804220, 0x26BD0, 0x803960, 0x803860,
    0x803740, 0x35A60, 0x35A60, 0x977D0, 0x2B5500, 0x2B5500, 0x35A60, 0x35A60,
    0x35A60, 0x2B5500, 0x35A60, 0x35A60, 0x35A60, 0x35A60, 0x35A60, 0x35A60,
    0x35A60, 0x35A60, 0x35A60, 0x35A60, 0x35A60, 0x35A60, 0x35A60, 0x35A60,
    0x35A60, 0x35A60, 0x35A60, 0x35A60, 0x35A60, 0x35A60, 0x35A60, 0x35A60,
    0x35A60, 0x35A60, 0x35A60, 0x35A60, 0x35A60, 0x35A60, 0x35A60, 0x35A60,
    0x35A60, 0x35A60, 0x35A60, 0x35A60, 0x35A60, 0x35A60, 0x35A60, 0x35A60,
    0x35A60, 0x75CC60, 0x35A60, 0x35A60, 0x35A60, 0x35A60, 0x35A60, 0x35A60,
    0x35A60, 0x8ACFD0, 0x35A60, 0x35A60, 0x50AF0, 0x50AF0, 0x35A60, 0x35A60,
    0x35A60, 0x35A60, 0x35A60, 0x35A60, 0x35A60, 0x35A60, 0x35A60, 0x35A60,
    0x35A60, 0x35A60, 0x35A60, 0x35A60, 0x803F40, 0x35A60, 0x75CBE0, 0x75CBF0,
    0x75CC10, 0x75CC40, 0x35A60, 0x35A60, 0x35A60, 0x35A60, 0x35A60, 0x35A60,
    0x35A60, 0x35A60, 0x35A60, 0x35A60, 0x35A60, 0x35A60, 0x35A60, 0x35A60,
    0x35A60, 0x35A60, 0x35A60, 0x35A60, 0x35A60, 0x75F0F0, 0x35A60, 0x35A60,
    0x35A60, 0x35A60, 0x35A60, 0x35A60, 0x35A60, 0x35A60, 0x75CC70, 0x35A60,
    0x35A60, 0x35A60, 0x35A60, 0x35A60, 0x2B5500, 0x2B5500, 0x35A60, 0x35A60,
    0x35A60, 0x35A60, 0x35A60, 0x35A60, 0x35A60, 0x35A60, 0x35A60, 0x35A60,
    0x35A60, 0x35A60, 0x35A60, 0x75CC10, 0x35A60, 0x35A60, 0x35A60, 0x50AF0,
    0x14C4E0, 0x803FA0, 0x35A60, 0x35A60
};

/* TempPreEmptiveCounterAttack -172 vtable slot RVAs */
const UINT_PTR g_tempPreEmptiveCounterAttackVtableRVAs[172] = {
    0x589060, 0x589050, 0x588F80, 0x588F70, 0x50AF0, 0x725290, 0x35A60, 0x75C5F0,
    0x35A60, 0x35A60, 0x35A60, 0x35A60, 0x35A60, 0x35A60, 0x35A60, 0x35A60,
    0x35A60, 0x35A60, 0x35A60, 0x35A60, 0x35A60, 0x35A60, 0x35A60, 0x35A60,
    0x35A60, 0x75C5C0, 0x35A60, 0x35A60, 0x804220, 0x26BD0, 0x803960, 0x803860,
    0x803740, 0x35A60, 0x99A80, 0x35A60, 0x2B5500, 0x2B5500, 0x35A60, 0x35A60,
    0x35A60, 0x2B5500, 0x35A60, 0x35A60, 0x35A60, 0x35A60, 0x35A60, 0x35A60,
    0x35A60, 0x35A60, 0x35A60, 0x35A60, 0x18BF60, 0x35A60, 0x35A60, 0x35A60,
    0x35A60, 0x35A60, 0x35A60, 0x35A60, 0x35A60, 0x35A60, 0x35A60, 0x35A60,
    0x35A60, 0x35A60, 0x35A60, 0x35A60, 0x35A60, 0x35A60, 0x35A60, 0x35A60,
    0x35A60, 0x35A60, 0x35A60, 0x35A60, 0x35A60, 0x35A60, 0x35A60, 0x35A60,
    0x35A60, 0x75CC60, 0x35A60, 0x35A60, 0x35A60, 0x35A60, 0x35A60, 0x35A60,
    0x35A60, 0x35A60, 0x35A60, 0x35A60, 0x50AF0, 0x50AF0, 0x35A60, 0x35A60,
    0x35A60, 0x35A60, 0x35A60, 0x35A60, 0x35A60, 0x35A60, 0x35A60, 0x35A60,
    0x35A60, 0x35A60, 0x35A60, 0x35A60, 0x803F40, 0x35A60, 0x75CBE0, 0x75CBF0,
    0x75CC10, 0x75CC40, 0x35A60, 0x35A60, 0x35A60, 0x35A60, 0x35A60, 0x35A60,
    0x35A60, 0x35A60, 0x35A60, 0x35A60, 0x35A60, 0x35A60, 0x35A60, 0x35A60,
    0x35A60, 0x35A60, 0x35A60, 0x35A60, 0x35A60, 0x75F0F0, 0x35A60, 0x35A60,
    0x35A60, 0x35A60, 0x35A60, 0x35A60, 0x35A60, 0x35A60, 0x75CC70, 0x35A60,
    0x35A60, 0x35A60, 0x35A60, 0x35A60, 0x2B5500, 0x2B5500, 0x35A60, 0x35A60,
    0x35A60, 0x35A60, 0x35A60, 0x35A60, 0x35A60, 0x35A60, 0x35A60, 0x35A60,
    0x35A60, 0x35A60, 0x35A60, 0x75CC10, 0x35A60, 0x35A60, 0x35A60, 0x50AF0,
    0x14C4E0, 0x803FA0, 0x35A60, 0x35A60
};

/* TempRangeUp -172 vtable slot RVAs */
const UINT_PTR g_tempRangeUpVtableRVAs[172] = {
    0x5633A0, 0x563390, 0x5632C0, 0x5632B0, 0x50AF0, 0x725310, 0x35A60, 0x75C5F0,
    0x35A60, 0x35A60, 0x35A60, 0x35A60, 0x35A60, 0x35A60, 0x35A60, 0x35A60,
    0x35A60, 0x35A60, 0x35A60, 0x35A60, 0x35A60, 0x35A60, 0x35A60, 0x35A60,
    0x35A60, 0x75C5C0, 0x35A60, 0x35A60, 0x804220, 0x26BD0, 0x803960, 0x803860,
    0x803740, 0x35A60, 0x35A60, 0x977D0, 0x2B5500, 0x2B5500, 0x35A60, 0x35A60,
    0x35A60, 0x2B5500, 0x35A60, 0x35A60, 0x35A60, 0x35A60, 0x35A60, 0x35A60,
    0x35A60, 0x35A60, 0x35A60, 0x35A60, 0x35A60, 0x35A60, 0x35A60, 0x35A60,
    0x35A60, 0x35A60, 0x35A60, 0x35A60, 0x35A60, 0x35A60, 0x35A60, 0x35A60,
    0x35A60, 0x35A60, 0x35A60, 0x35A60, 0x35A60, 0x35A60, 0x35A60, 0x35A60,
    0x35A60, 0x35A60, 0x35A60, 0x35A60, 0x35A60, 0x35A60, 0x35A60, 0x35A60,
    0x35A60, 0x75CC60, 0x35A60, 0x803690, 0x35A60, 0x35A60, 0x35A60, 0x35A60,
    0x35A60, 0x35A60, 0x35A60, 0x35A60, 0x50AF0, 0x50AF0, 0x35A60, 0x35A60,
    0x35A60, 0x35A60, 0x35A60, 0x35A60, 0x35A60, 0x35A60, 0x35A60, 0x35A60,
    0x35A60, 0x35A60, 0x35A60, 0x35A60, 0x803F40, 0x35A60, 0x75CBE0, 0x75CBF0,
    0x75CC10, 0x75CC40, 0x35A60, 0x35A60, 0x35A60, 0x35A60, 0x35A60, 0x35A60,
    0x35A60, 0x35A60, 0x35A60, 0x35A60, 0x35A60, 0x35A60, 0x35A60, 0x35A60,
    0x35A60, 0x35A60, 0x35A60, 0x35A60, 0x35A60, 0x75F0F0, 0x35A60, 0x35A60,
    0x35A60, 0x35A60, 0x35A60, 0x35A60, 0x35A60, 0x35A60, 0x75CC70, 0x35A60,
    0x35A60, 0x35A60, 0x35A60, 0x35A60, 0x2B5500, 0x2B5500, 0x35A60, 0x35A60,
    0x35A60, 0x35A60, 0x35A60, 0x35A60, 0x35A60, 0x35A60, 0x35A60, 0x35A60,
    0x35A60, 0x35A60, 0x35A60, 0x75CC10, 0x35A60, 0x35A60, 0x35A60, 0x50AF0,
    0x14C4E0, 0x803FA0, 0x35A60, 0x35A60
};

/* TempSpeedUp -172 vtable slot RVAs */
const UINT_PTR g_tempSpeedUpVtableRVAs[172] = {
    0x562C30, 0x562C20, 0x562B50, 0x562B40, 0x50AF0, 0x725390, 0x35A60, 0x75C5F0,
    0x35A60, 0x35A60, 0x35A60, 0x35A60, 0x35A60, 0x35A60, 0x35A60, 0x35A60,
    0x35A60, 0x35A60, 0x35A60, 0x35A60, 0x35A60, 0x35A60, 0x35A60, 0x35A60,
    0x35A60, 0x75C5C0, 0x35A60, 0x35A60, 0x804220, 0x26BD0, 0x803960, 0x803860,
    0x803740, 0x35A60, 0x35A60, 0x977D0, 0x2B5500, 0x2B5500, 0x35A60, 0x35A60,
    0x35A60, 0x2B5500, 0x35A60, 0x35A60, 0x35A60, 0x35A60, 0x35A60, 0x35A60,
    0x35A60, 0x35A60, 0x35A60, 0x35A60, 0x35A60, 0x35A60, 0x35A60, 0x35A60,
    0x35A60, 0x35A60, 0x35A60, 0x35A60, 0x35A60, 0x35A60, 0x35A60, 0x35A60,
    0x35A60, 0x35A60, 0x35A60, 0x35A60, 0x35A60, 0x35A60, 0x35A60, 0x35A60,
    0x35A60, 0x35A60, 0x35A60, 0x35A60, 0x35A60, 0x35A60, 0x35A60, 0x35A60,
    0x35A60, 0x75CC60, 0x8035B0, 0x35A60, 0x35A60, 0x35A60, 0x35A60, 0x35A60,
    0x35A60, 0x35A60, 0x35A60, 0x35A60, 0x50AF0, 0x50AF0, 0x35A60, 0x35A60,
    0x35A60, 0x35A60, 0x35A60, 0x35A60, 0x35A60, 0x35A60, 0x35A60, 0x35A60,
    0x35A60, 0x35A60, 0x35A60, 0x35A60, 0x803F40, 0x35A60, 0x75CBE0, 0x75CBF0,
    0x75CC10, 0x75CC40, 0x35A60, 0x35A60, 0x35A60, 0x35A60, 0x35A60, 0x35A60,
    0x35A60, 0x35A60, 0x35A60, 0x35A60, 0x35A60, 0x35A60, 0x35A60, 0x35A60,
    0x35A60, 0x35A60, 0x35A60, 0x35A60, 0x35A60, 0x75F0F0, 0x35A60, 0x35A60,
    0x35A60, 0x35A60, 0x35A60, 0x35A60, 0x35A60, 0x35A60, 0x75CC70, 0x35A60,
    0x35A60, 0x35A60, 0x35A60, 0x35A60, 0x2B5500, 0x2B5500, 0x35A60, 0x35A60,
    0x35A60, 0x35A60, 0x35A60, 0x35A60, 0x35A60, 0x35A60, 0x35A60, 0x35A60,
    0x35A60, 0x35A60, 0x35A60, 0x75CC10, 0x35A60, 0x35A60, 0x35A60, 0x50AF0,
    0x14C4E0, 0x803FA0, 0x35A60, 0x35A60
};

/* TempSpellDamageUp -172 vtable slot RVAs */
const UINT_PTR g_tempSpellDamageUpVtableRVAs[172] = {
    0x57EE20, 0x57EE10, 0x57ED90, 0x57ED80, 0x50AF0, 0x725410, 0x35A60, 0x75C5F0,
    0x35A60, 0x35A60, 0x35A60, 0x35A60, 0x35A60, 0x35A60, 0x35A60, 0x35A60,
    0x35A60, 0x35A60, 0x35A60, 0x35A60, 0x35A60, 0x35A60, 0x35A60, 0x35A60,
    0x35A60, 0x75C5C0, 0x35A60, 0x35A60, 0x804220, 0x26BD0, 0x803960, 0x803860,
    0x803740, 0x35A60, 0x35A60, 0x977D0, 0x2B5500, 0x2B5500, 0x35A60, 0x35A60,
    0x35A60, 0x2B5500, 0x35A60, 0x35A60, 0x35A60, 0x35A60, 0x35A60, 0x35A60,
    0x35A60, 0x35A60, 0x35A60, 0x35A60, 0x35A60, 0x35A60, 0x35A60, 0x35A60,
    0x35A60, 0x35A60, 0x35A60, 0x218900, 0x35A60, 0x35A60, 0x35A60, 0x35A60,
    0x35A60, 0x35A60, 0x35A60, 0x35A60, 0x35A60, 0x35A60, 0x35A60, 0x35A60,
    0x35A60, 0x35A60, 0x35A60, 0x35A60, 0x35A60, 0x35A60, 0x35A60, 0x35A60,
    0x35A60, 0x75CC60, 0x35A60, 0x2188F0, 0x35A60, 0x35A60, 0x35A60, 0x35A60,
    0x35A60, 0x218950, 0x35A60, 0x35A60, 0x50AF0, 0x50AF0, 0x35A60, 0x35A60,
    0x35A60, 0x35A60, 0x35A60, 0x35A60, 0x35A60, 0x35A60, 0x35A60, 0x35A60,
    0x35A60, 0x35A60, 0x35A60, 0x35A60, 0x803F40, 0x35A60, 0x75CBE0, 0x75CBF0,
    0x75CC10, 0x75CC40, 0x35A60, 0x35A60, 0x35A60, 0x35A60, 0x35A60, 0x35A60,
    0x35A60, 0x35A60, 0x35A60, 0x35A60, 0x35A60, 0x35A60, 0x35A60, 0x35A60,
    0x35A60, 0x35A60, 0x35A60, 0x35A60, 0x35A60, 0x75F0F0, 0x35A60, 0x35A60,
    0x35A60, 0x35A60, 0x35A60, 0x35A60, 0x35A60, 0x35A60, 0x75CC70, 0x35A60,
    0x35A60, 0x35A60, 0x35A60, 0x35A60, 0x2B5500, 0x2B5500, 0x35A60, 0x35A60,
    0x35A60, 0x35A60, 0x35A60, 0x35A60, 0x35A60, 0x35A60, 0x35A60, 0x35A60,
    0x35A60, 0x35A60, 0x35A60, 0x75CC10, 0x35A60, 0x35A60, 0x35A60, 0x50AF0,
    0x14C4E0, 0x803FA0, 0x35A60, 0x35A60
};

/* TempStrengthUp -172 vtable slot RVAs */
const UINT_PTR g_tempStrengthUpVtableRVAs[172] = {
    0x562EB0, 0x562EA0, 0x562DD0, 0x562DC0, 0x50AF0, 0x725490, 0x35A60, 0x75C5F0,
    0x35A60, 0x35A60, 0x35A60, 0x35A60, 0x35A60, 0x35A60, 0x35A60, 0x35A60,
    0x35A60, 0x35A60, 0x35A60, 0x35A60, 0x35A60, 0x35A60, 0x35A60, 0x35A60,
    0x35A60, 0x75C5C0, 0x35A60, 0x35A60, 0x804220, 0x26BD0, 0x803960, 0x803860,
    0x803740, 0x35A60, 0x35A60, 0x977D0, 0x2B5500, 0x2B5500, 0x35A60, 0x35A60,
    0x35A60, 0x2B5500, 0x35A60, 0x35A60, 0x35A60, 0x35A60, 0x35A60, 0x35A60,
    0x35A60, 0x35A60, 0x35A60, 0x35A60, 0x35A60, 0x35A60, 0x35A60, 0x35A60,
    0x35A60, 0x35A60, 0x35A60, 0x35A60, 0x35A60, 0x35A60, 0x35A60, 0x35A60,
    0x35A60, 0x35A60, 0x35A60, 0x35A60, 0x35A60, 0x35A60, 0x35A60, 0x35A60,
    0x35A60, 0x35A60, 0x35A60, 0x35A60, 0x35A60, 0x35A60, 0x35A60, 0x35A60,
    0x35A60, 0x75CC60, 0x803570, 0x35A60, 0x35A60, 0x35A60, 0x35A60, 0x35A60,
    0x35A60, 0x35A60, 0x35A60, 0x35A60, 0x50AF0, 0x50AF0, 0x35A60, 0x35A60,
    0x35A60, 0x35A60, 0x35A60, 0x35A60, 0x35A60, 0x35A60, 0x35A60, 0x35A60,
    0x35A60, 0x35A60, 0x35A60, 0x35A60, 0x803F40, 0x35A60, 0x75CBE0, 0x75CBF0,
    0x75CC10, 0x75CC40, 0x35A60, 0x35A60, 0x35A60, 0x35A60, 0x35A60, 0x35A60,
    0x35A60, 0x35A60, 0x35A60, 0x35A60, 0x35A60, 0x35A60, 0x35A60, 0x35A60,
    0x35A60, 0x35A60, 0x35A60, 0x35A60, 0x35A60, 0x75F0F0, 0x35A60, 0x35A60,
    0x35A60, 0x35A60, 0x35A60, 0x35A60, 0x35A60, 0x35A60, 0x75CC70, 0x35A60,
    0x35A60, 0x35A60, 0x35A60, 0x35A60, 0x2B5500, 0x2B5500, 0x35A60, 0x35A60,
    0x35A60, 0x35A60, 0x35A60, 0x35A60, 0x35A60, 0x35A60, 0x35A60, 0x35A60,
    0x35A60, 0x35A60, 0x35A60, 0x75CC10, 0x35A60, 0x35A60, 0x35A60, 0x50AF0,
    0x14C4E0, 0x803FA0, 0x35A60, 0x35A60
};

/* TempTrampleUntilSettled -172 vtable slot RVAs */
const UINT_PTR g_tempTrampleUntilSettledVtableRVAs[172] = {
    0x55B300, 0x55B2F0, 0x55B1C0, 0x55B1B0, 0x50AF0, 0x725510, 0x35A60, 0x75C5F0,
    0x35A60, 0x35A60, 0x8C6440, 0x8ACBB0, 0x35A60, 0x35A60, 0x35A60, 0x35A60,
    0x35A60, 0x35A60, 0x35A60, 0x35A60, 0x35A60, 0x35A60, 0x35A60, 0x35A60,
    0x35A60, 0x75C5C0, 0x35A60, 0x35A60, 0x804220, 0x26BD0, 0x803960, 0x803860,
    0x803740, 0x9E460, 0x35A60, 0x35A60, 0x2B5500, 0x2B5500, 0x35A60, 0x35A60,
    0x35A60, 0x2B5500, 0x35A60, 0x8C6430, 0x35A60, 0x35A60, 0x35A60, 0x35A60,
    0x35A60, 0x35A60, 0x35A60, 0x35A60, 0x35A60, 0x35A60, 0x35A60, 0x35A60,
    0x35A60, 0x35A60, 0x35A60, 0x35A60, 0x35A60, 0x35A60, 0x35A60, 0x35A60,
    0x35A60, 0x35A60, 0x35A60, 0x35A60, 0x35A60, 0x35A60, 0x35A60, 0x35A60,
    0x35A60, 0x35A60, 0x35A60, 0x35A60, 0x35A60, 0x35A60, 0x35A60, 0x35A60,
    0x35A60, 0x75CC60, 0x35A60, 0x35A60, 0x35A60, 0x35A60, 0x35A60, 0x35A60,
    0x35A60, 0x35A60, 0x35A60, 0x8C64A0, 0x50AF0, 0x50AF0, 0x35A60, 0x35A60,
    0x35A60, 0x35A60, 0x35A60, 0x35A60, 0x35A60, 0x35A60, 0x35A60, 0x35A60,
    0x35A60, 0x35A60, 0x35A60, 0x35A60, 0x803F40, 0x35A60, 0x75CBE0, 0x75CBF0,
    0x75CC10, 0x75CC40, 0x35A60, 0x35A60, 0x35A60, 0x35A60, 0x35A60, 0x35A60,
    0x35A60, 0x35A60, 0x35A60, 0x35A60, 0x35A60, 0x35A60, 0x35A60, 0x35A60,
    0x35A60, 0x35A60, 0x35A60, 0x35A60, 0x35A60, 0x75F0F0, 0x35A60, 0x35A60,
    0x35A60, 0x35A60, 0x35A60, 0x35A60, 0x35A60, 0x35A60, 0x75CC70, 0x35A60,
    0x35A60, 0x35A60, 0x35A60, 0x35A60, 0x2B5500, 0x2B5500, 0x35A60, 0x35A60,
    0x35A60, 0x35A60, 0x35A60, 0x35A60, 0x35A60, 0x35A60, 0x35A60, 0x35A60,
    0x35A60, 0x35A60, 0x35A60, 0x75CC10, 0x35A60, 0x35A60, 0x35A60, 0x50AF0,
    0x14C4E0, 0x803FA0, 0x35A60, 0x35A60
};

/* Thorns -172 vtable slot RVAs */
const UINT_PTR g_thornsVtableRVAs[172] = {
    0x59ED40, 0x59ED30, 0x59EC60, 0x59EC50, 0x50AF0, 0x7256A0, 0x35A60, 0x75C5F0,
    0x35A60, 0x35A60, 0x35A60, 0x35A60, 0x35A60, 0x35A60, 0x35A60, 0x35A60,
    0x35A60, 0x35A60, 0x35A60, 0x35A60, 0x35A60, 0x35A60, 0x35A60, 0x35A60,
    0x35A60, 0x75C5C0, 0x35A60, 0x35A60, 0x804220, 0x26BD0, 0x803960, 0x803860,
    0x803740, 0x9BF90, 0x35A60, 0x35A60, 0x2B5500, 0x2B5500, 0x35A60, 0x35A60,
    0x35A60, 0x2B5500, 0x35A60, 0x35A60, 0x35A60, 0x35A60, 0x35A60, 0x35A60,
    0x35A60, 0x35A60, 0x35A60, 0x35A60, 0x35A60, 0x35A60, 0x35A60, 0x35A60,
    0x35A60, 0x35A60, 0x35A60, 0x35A60, 0x35A60, 0x35A60, 0x35A60, 0x35A60,
    0x35A60, 0x35A60, 0x35A60, 0x35A60, 0x35A60, 0x35A60, 0x35A60, 0x35A60,
    0x35A60, 0x35A60, 0x35A60, 0x35A60, 0x35A60, 0x35A60, 0x35A60, 0x35A60,
    0x35A60, 0x75CC60, 0x35A60, 0x9BFA0, 0x35A60, 0x35A60, 0x35A60, 0x35A60,
    0x35A60, 0x35A60, 0x35A60, 0x35A60, 0x50AF0, 0x50AF0, 0x35A60, 0x35A60,
    0x35A60, 0x35A60, 0x35A60, 0x35A60, 0x35A60, 0x35A60, 0x35A60, 0x35A60,
    0x35A60, 0x35A60, 0x35A60, 0x35A60, 0x803F40, 0x35A60, 0x75CBE0, 0x75CBF0,
    0x75CC10, 0x75CC40, 0x35A60, 0x35A60, 0x35A60, 0x35A60, 0x35A60, 0x35A60,
    0x35A60, 0x35A60, 0x35A60, 0x35A60, 0x35A60, 0x35A60, 0x35A60, 0x35A60,
    0x35A60, 0x35A60, 0x35A60, 0x35A60, 0x35A60, 0x75F0F0, 0x35A60, 0x35A60,
    0x35A60, 0x35A60, 0x35A60, 0x35A60, 0x35A60, 0x35A60, 0x75CC70, 0x35A60,
    0x35A60, 0x35A60, 0x35A60, 0x35A60, 0x2B5500, 0x2B5500, 0x35A60, 0x35A60,
    0x35A60, 0x35A60, 0x35A60, 0x35A60, 0x35A60, 0x35A60, 0x35A60, 0x35A60,
    0x35A60, 0x35A60, 0x35A60, 0x75CC10, 0x35A60, 0x35A60, 0x35A60, 0x50AF0,
    0x14C4E0, 0x803FA0, 0x35A60, 0x35A60
};

/* ThornsDamageImmuneUntilSettled -172 vtable slot RVAs */
const UINT_PTR g_thornsDamageImmuneUntilSettledVtableRVAs[172] = {
    0x55EAD0, 0x55EAC0, 0x55E9F0, 0x55E9E0, 0x50AF0, 0x725720, 0x35A60, 0x75C5F0,
    0x35A60, 0x35A60, 0x35A60, 0x8ACBB0, 0x35A60, 0x35A60, 0x35A60, 0x35A60,
    0x35A60, 0x35A60, 0x35A60, 0x35A60, 0x35A60, 0x35A60, 0x35A60, 0x35A60,
    0x35A60, 0x75C5C0, 0x35A60, 0x35A60, 0x804220, 0x26BD0, 0x803960, 0x803860,
    0x803740, 0x7F930, 0x35A60, 0x35A60, 0x2B5500, 0x2B5500, 0x35A60, 0x35A60,
    0x35A60, 0x2B5500, 0x35A60, 0x35A60, 0x35A60, 0x35A60, 0x35A60, 0x35A60,
    0x35A60, 0x35A60, 0x35A60, 0x35A60, 0x35A60, 0x35A60, 0x35A60, 0x35A60,
    0x35A60, 0x35A60, 0x35A60, 0x35A60, 0x35A60, 0x8ACC40, 0x35A60, 0x35A60,
    0x35A60, 0x35A60, 0x35A60, 0x35A60, 0x35A60, 0x35A60, 0x35A60, 0x35A60,
    0x35A60, 0x35A60, 0x35A60, 0x35A60, 0x35A60, 0x35A60, 0x35A60, 0x35A60,
    0x35A60, 0x75CC60, 0x35A60, 0x35A60, 0x35A60, 0x35A60, 0x35A60, 0x35A60,
    0x35A60, 0x35A60, 0x35A60, 0x35A60, 0x50AF0, 0x50AF0, 0x35A60, 0x35A60,
    0x35A60, 0x35A60, 0x35A60, 0x35A60, 0x35A60, 0x35A60, 0x35A60, 0x35A60,
    0x35A60, 0x35A60, 0x35A60, 0x35A60, 0x803F40, 0x35A60, 0x75CBE0, 0x75CBF0,
    0x75CC10, 0x75CC40, 0x35A60, 0x35A60, 0x35A60, 0x35A60, 0x35A60, 0x35A60,
    0x35A60, 0x35A60, 0x35A60, 0x35A60, 0x35A60, 0x35A60, 0x35A60, 0x35A60,
    0x35A60, 0x35A60, 0x35A60, 0x35A60, 0x35A60, 0x75F0F0, 0x35A60, 0x35A60,
    0x35A60, 0x35A60, 0x35A60, 0x35A60, 0x35A60, 0x35A60, 0x75CC70, 0x35A60,
    0x35A60, 0x35A60, 0x35A60, 0x35A60, 0x2B5500, 0x2B5500, 0x35A60, 0x35A60,
    0x35A60, 0x35A60, 0x35A60, 0x35A60, 0x35A60, 0x35A60, 0x35A60, 0x35A60,
    0x35A60, 0x35A60, 0x35A60, 0x75CC10, 0x35A60, 0x35A60, 0x35A60, 0x50AF0,
    0x14C4E0, 0x803FA0, 0x35A60, 0x35A60
};

/* TileDamageImmuneUntilSettled -172 vtable slot RVAs */
const UINT_PTR g_tileDamageImmuneUntilSettledVtableRVAs[172] = {
    0x55E970, 0x55E960, 0x55E890, 0x55E880, 0x50AF0, 0x7257A0, 0x35A60, 0x75C5F0,
    0x35A60, 0x35A60, 0x35A60, 0x8ACBB0, 0x35A60, 0x35A60, 0x35A60, 0x35A60,
    0x35A60, 0x35A60, 0x35A60, 0x35A60, 0x35A60, 0x35A60, 0x35A60, 0x35A60,
    0x35A60, 0x75C5C0, 0x35A60, 0x35A60, 0x804220, 0x26BD0, 0x803960, 0x803860,
    0x803740, 0x7F930, 0x35A60, 0x35A60, 0x2B5500, 0x2B5500, 0x35A60, 0x35A60,
    0x35A60, 0x2B5500, 0x35A60, 0x35A60, 0x35A60, 0x35A60, 0x35A60, 0x35A60,
    0x35A60, 0x35A60, 0x35A60, 0x35A60, 0x35A60, 0x35A60, 0x35A60, 0x35A60,
    0x35A60, 0x35A60, 0x35A60, 0x35A60, 0x35A60, 0x8ACCA0, 0x35A60, 0x35A60,
    0x35A60, 0x35A60, 0x35A60, 0x35A60, 0x35A60, 0x35A60, 0x35A60, 0x35A60,
    0x35A60, 0x35A60, 0x35A60, 0x35A60, 0x35A60, 0x35A60, 0x35A60, 0x35A60,
    0x35A60, 0x75CC60, 0x35A60, 0x35A60, 0x35A60, 0x35A60, 0x35A60, 0x35A60,
    0x35A60, 0x35A60, 0x35A60, 0x35A60, 0x50AF0, 0x50AF0, 0x35A60, 0x35A60,
    0x35A60, 0x35A60, 0x35A60, 0x35A60, 0x35A60, 0x35A60, 0x35A60, 0x35A60,
    0x35A60, 0x35A60, 0x35A60, 0x35A60, 0x803F40, 0x35A60, 0x75CBE0, 0x75CBF0,
    0x75CC10, 0x75CC40, 0x35A60, 0x35A60, 0x35A60, 0x35A60, 0x35A60, 0x35A60,
    0x35A60, 0x35A60, 0x35A60, 0x35A60, 0x35A60, 0x35A60, 0x35A60, 0x35A60,
    0x35A60, 0x35A60, 0x35A60, 0x35A60, 0x35A60, 0x75F0F0, 0x35A60, 0x35A60,
    0x35A60, 0x35A60, 0x35A60, 0x35A60, 0x35A60, 0x35A60, 0x75CC70, 0x35A60,
    0x35A60, 0x35A60, 0x35A60, 0x35A60, 0x2B5500, 0x2B5500, 0x35A60, 0x35A60,
    0x35A60, 0x35A60, 0x35A60, 0x35A60, 0x35A60, 0x35A60, 0x35A60, 0x35A60,
    0x35A60, 0x35A60, 0x35A60, 0x75CC10, 0x35A60, 0x35A60, 0x35A60, 0x50AF0,
    0x14C4E0, 0x803FA0, 0x35A60, 0x35A60
};

/* TilesMovedToCritChance -172 vtable slot RVAs */
const UINT_PTR g_tilesMovedToCritChanceVtableRVAs[172] = {
    0x597EB0, 0x597EA0, 0x597DD0, 0x597DC0, 0x50AF0, 0x725820, 0x35A60, 0x75C5F0,
    0x35A60, 0x35A60, 0x35A60, 0x35A60, 0x35A60, 0x35A60, 0x35A60, 0x35A60,
    0x35A60, 0x35A60, 0x35A60, 0x35A60, 0x35A60, 0x35A60, 0x35A60, 0x35A60,
    0x35A60, 0x75C5C0, 0x35A60, 0x35A60, 0x3D1900, 0x26BD0, 0x803960, 0x803860,
    0x803740, 0x35A60, 0x35A60, 0x977D0, 0x2B5500, 0x2B5500, 0x35A60, 0x35A60,
    0x35A60, 0x2B5500, 0x35A60, 0x143D90, 0x35A60, 0x35A60, 0x35A60, 0x35A60,
    0x35A60, 0x35A60, 0x35A60, 0x35A60, 0x35A60, 0x35A60, 0x35A60, 0x35A60,
    0x35A60, 0x35A60, 0x35A60, 0x35A60, 0x35A60, 0x35A60, 0x35A60, 0x35A60,
    0x35A60, 0x35A60, 0x35A60, 0x35A60, 0x35A60, 0x35A60, 0x35A60, 0x35A60,
    0x35A60, 0x35A60, 0x35A60, 0x35A60, 0x35A60, 0x35A60, 0x35A60, 0x35A60,
    0x35A60, 0x75CC60, 0x35A60, 0x143DA0, 0x35A60, 0x35A60, 0x35A60, 0x35A60,
    0x35A60, 0x35A60, 0x35A60, 0x35A60, 0x50AF0, 0x50AF0, 0x35A60, 0x35A60,
    0x35A60, 0x35A60, 0x35A60, 0x35A60, 0x35A60, 0x35A60, 0x35A60, 0x35A60,
    0x35A60, 0x35A60, 0x35A60, 0x35A60, 0x803F40, 0x35A60, 0x75CBE0, 0x75CBF0,
    0x75CC10, 0x75CC40, 0x35A60, 0x35A60, 0x35A60, 0x35A60, 0x35A60, 0x35A60,
    0x35A60, 0x35A60, 0x35A60, 0x35A60, 0x35A60, 0x35A60, 0x35A60, 0x35A60,
    0x35A60, 0x35A60, 0x35A60, 0x35A60, 0x35A60, 0x75F0F0, 0x35A60, 0x35A60,
    0x35A60, 0x35A60, 0x35A60, 0x35A60, 0x35A60, 0x35A60, 0x75CC70, 0x35A60,
    0x35A60, 0x35A60, 0x35A60, 0x35A60, 0x2B5500, 0x2B5500, 0x35A60, 0x35A60,
    0x35A60, 0x35A60, 0x35A60, 0x35A60, 0x35A60, 0x35A60, 0x35A60, 0x35A60,
    0x35A60, 0x35A60, 0x35A60, 0x75CC10, 0x35A60, 0x35A60, 0x35A60, 0x50AF0,
    0x14C4E0, 0x803FA0, 0x35A60, 0x35A60
};

/* TilesMovedToHealth -172 vtable slot RVAs */
const UINT_PTR g_tilesMovedToHealthVtableRVAs[172] = {
    0x597980, 0x597970, 0x5978A0, 0x597890, 0x50AF0, 0x7258A0, 0x35A60, 0x75C5F0,
    0x35A60, 0x35A60, 0x35A60, 0x35A60, 0x35A60, 0x35A60, 0x35A60, 0x35A60,
    0x35A60, 0x35A60, 0x35A60, 0x35A60, 0x35A60, 0x35A60, 0x35A60, 0x35A60,
    0x35A60, 0x75C5C0, 0x35A60, 0x35A60, 0x804220, 0x26BD0, 0x803960, 0x803860,
    0x803740, 0x35A60, 0x35A60, 0x977D0, 0x2B5500, 0x2B5500, 0x35A60, 0x35A60,
    0x35A60, 0x2B5500, 0x35A60, 0x144020, 0x35A60, 0x35A60, 0x35A60, 0x35A60,
    0x35A60, 0x35A60, 0x35A60, 0x35A60, 0x35A60, 0x35A60, 0x35A60, 0x35A60,
    0x35A60, 0x35A60, 0x35A60, 0x35A60, 0x35A60, 0x35A60, 0x35A60, 0x35A60,
    0x35A60, 0x35A60, 0x35A60, 0x35A60, 0x35A60, 0x35A60, 0x35A60, 0x35A60,
    0x35A60, 0x35A60, 0x35A60, 0x35A60, 0x35A60, 0x35A60, 0x35A60, 0x35A60,
    0x35A60, 0x75CC60, 0x35A60, 0x35A60, 0x35A60, 0x35A60, 0x35A60, 0x35A60,
    0x35A60, 0x35A60, 0x35A60, 0x35A60, 0x50AF0, 0x50AF0, 0x35A60, 0x35A60,
    0x35A60, 0x35A60, 0x35A60, 0x35A60, 0x35A60, 0x35A60, 0x35A60, 0x35A60,
    0x35A60, 0x35A60, 0x35A60, 0x35A60, 0x803F40, 0x35A60, 0x75CBE0, 0x75CBF0,
    0x75CC10, 0x75CC40, 0x35A60, 0x35A60, 0x35A60, 0x35A60, 0x35A60, 0x35A60,
    0x35A60, 0x35A60, 0x35A60, 0x35A60, 0x35A60, 0x35A60, 0x35A60, 0x35A60,
    0x35A60, 0x35A60, 0x35A60, 0x35A60, 0x35A60, 0x75F0F0, 0x35A60, 0x35A60,
    0x35A60, 0x35A60, 0x35A60, 0x35A60, 0x35A60, 0x35A60, 0x75CC70, 0x35A60,
    0x35A60, 0x35A60, 0x35A60, 0x35A60, 0x2B5500, 0x2B5500, 0x35A60, 0x35A60,
    0x35A60, 0x35A60, 0x35A60, 0x35A60, 0x35A60, 0x35A60, 0x35A60, 0x35A60,
    0x35A60, 0x35A60, 0x35A60, 0x75CC10, 0x35A60, 0x35A60, 0x35A60, 0x50AF0,
    0x14C4E0, 0x803FA0, 0x35A60, 0x35A60
};

/* TilesMovedToMana -172 vtable slot RVAs */
const UINT_PTR g_tilesMovedToManaVtableRVAs[172] = {
    0x597C20, 0x597C10, 0x597B40, 0x597B30, 0x50AF0, 0x725920, 0x35A60, 0x75C5F0,
    0x35A60, 0x35A60, 0x35A60, 0x35A60, 0x35A60, 0x35A60, 0x35A60, 0x35A60,
    0x35A60, 0x35A60, 0x35A60, 0x35A60, 0x35A60, 0x35A60, 0x35A60, 0x35A60,
    0x35A60, 0x75C5C0, 0x35A60, 0x35A60, 0x3D1960, 0x26BD0, 0x803960, 0x803860,
    0x803740, 0x35A60, 0x35A60, 0x143DE0, 0x2B5500, 0x2B5500, 0x35A60, 0x35A60,
    0x35A60, 0x2B5500, 0x35A60, 0x143D90, 0x35A60, 0x35A60, 0x35A60, 0x35A60,
    0x35A60, 0x35A60, 0x35A60, 0x35A60, 0x35A60, 0x35A60, 0x35A60, 0x35A60,
    0x35A60, 0x35A60, 0x35A60, 0x35A60, 0x35A60, 0x35A60, 0x35A60, 0x35A60,
    0x35A60, 0x35A60, 0x35A60, 0x35A60, 0x35A60, 0x35A60, 0x35A60, 0x35A60,
    0x35A60, 0x35A60, 0x35A60, 0x35A60, 0x35A60, 0x35A60, 0x35A60, 0x35A60,
    0x35A60, 0x75CC60, 0x35A60, 0x35A60, 0x35A60, 0x35A60, 0x35A60, 0x35A60,
    0x35A60, 0x35A60, 0x35A60, 0x35A60, 0x50AF0, 0x50AF0, 0x35A60, 0x35A60,
    0x35A60, 0x35A60, 0x35A60, 0x35A60, 0x35A60, 0x35A60, 0x35A60, 0x35A60,
    0x35A60, 0x35A60, 0x35A60, 0x35A60, 0x803F40, 0x35A60, 0x75CBE0, 0x75CBF0,
    0x75CC10, 0x75CC40, 0x35A60, 0x35A60, 0x35A60, 0x35A60, 0x35A60, 0x35A60,
    0x35A60, 0x35A60, 0x35A60, 0x35A60, 0x35A60, 0x35A60, 0x35A60, 0x35A60,
    0x35A60, 0x35A60, 0x35A60, 0x35A60, 0x35A60, 0x75F0F0, 0x35A60, 0x35A60,
    0x35A60, 0x35A60, 0x35A60, 0x35A60, 0x35A60, 0x35A60, 0x75CC70, 0x35A60,
    0x35A60, 0x35A60, 0x35A60, 0x35A60, 0x2B5500, 0x2B5500, 0x35A60, 0x35A60,
    0x35A60, 0x35A60, 0x35A60, 0x35A60, 0x35A60, 0x35A60, 0x35A60, 0x35A60,
    0x35A60, 0x35A60, 0x35A60, 0x75CC10, 0x35A60, 0x35A60, 0x35A60, 0x50AF0,
    0x14C4E0, 0x803FA0, 0x35A60, 0x35A60
};

/* TilesMovedToNeighborHeal -172 vtable slot RVAs */
const UINT_PTR g_tilesMovedToNeighborHealVtableRVAs[172] = {
    0x597AD0, 0x597AC0, 0x5979F0, 0x5979E0, 0x50AF0, 0x7259A0, 0x35A60, 0x75C5F0,
    0x35A60, 0x35A60, 0x35A60, 0x35A60, 0x35A60, 0x35A60, 0x35A60, 0x35A60,
    0x35A60, 0x35A60, 0x35A60, 0x35A60, 0x35A60, 0x35A60, 0x35A60, 0x35A60,
    0x35A60, 0x75C5C0, 0x35A60, 0x35A60, 0x3D1990, 0x26BD0, 0x803960, 0x803860,
    0x803740, 0x35A60, 0x35A60, 0x143E10, 0x2B5500, 0x2B5500, 0x35A60, 0x35A60,
    0x35A60, 0x2B5500, 0x35A60, 0x143D90, 0x35A60, 0x35A60, 0x35A60, 0x35A60,
    0x35A60, 0x35A60, 0x35A60, 0x35A60, 0x35A60, 0x35A60, 0x35A60, 0x35A60,
    0x35A60, 0x35A60, 0x35A60, 0x35A60, 0x35A60, 0x35A60, 0x35A60, 0x35A60,
    0x35A60, 0x35A60, 0x35A60, 0x35A60, 0x35A60, 0x35A60, 0x35A60, 0x35A60,
    0x35A60, 0x35A60, 0x35A60, 0x35A60, 0x35A60, 0x35A60, 0x35A60, 0x35A60,
    0x35A60, 0x75CC60, 0x35A60, 0x35A60, 0x35A60, 0x35A60, 0x35A60, 0x35A60,
    0x35A60, 0x35A60, 0x35A60, 0x35A60, 0x50AF0, 0x50AF0, 0x35A60, 0x35A60,
    0x35A60, 0x35A60, 0x35A60, 0x35A60, 0x35A60, 0x35A60, 0x35A60, 0x35A60,
    0x35A60, 0x35A60, 0x35A60, 0x35A60, 0x803F40, 0x35A60, 0x75CBE0, 0x75CBF0,
    0x75CC10, 0x75CC40, 0x35A60, 0x35A60, 0x35A60, 0x35A60, 0x35A60, 0x35A60,
    0x35A60, 0x35A60, 0x35A60, 0x35A60, 0x35A60, 0x35A60, 0x35A60, 0x35A60,
    0x35A60, 0x35A60, 0x35A60, 0x35A60, 0x35A60, 0x75F0F0, 0x35A60, 0x35A60,
    0x35A60, 0x35A60, 0x35A60, 0x35A60, 0x35A60, 0x35A60, 0x75CC70, 0x35A60,
    0x35A60, 0x35A60, 0x35A60, 0x35A60, 0x2B5500, 0x2B5500, 0x35A60, 0x35A60,
    0x35A60, 0x35A60, 0x35A60, 0x35A60, 0x35A60, 0x35A60, 0x35A60, 0x35A60,
    0x35A60, 0x35A60, 0x35A60, 0x75CC10, 0x35A60, 0x35A60, 0x35A60, 0x50AF0,
    0x14C4E0, 0x803FA0, 0x35A60, 0x35A60
};

/* TilesMovedToStrength -172 vtable slot RVAs */
const UINT_PTR g_tilesMovedToStrengthVtableRVAs[172] = {
    0x597D60, 0x597D50, 0x597C80, 0x597C70, 0x50AF0, 0x725A20, 0x35A60, 0x75C5F0,
    0x35A60, 0x35A60, 0x35A60, 0x35A60, 0x35A60, 0x35A60, 0x35A60, 0x35A60,
    0x35A60, 0x35A60, 0x35A60, 0x35A60, 0x35A60, 0x35A60, 0x35A60, 0x35A60,
    0x35A60, 0x75C5C0, 0x35A60, 0x35A60, 0x3D1930, 0x26BD0, 0x803960, 0x803860,
    0x803740, 0x35A60, 0x35A60, 0x977D0, 0x2B5500, 0x2B5500, 0x35A60, 0x35A60,
    0x35A60, 0x2B5500, 0x35A60, 0x143D90, 0x35A60, 0x35A60, 0x35A60, 0x35A60,
    0x35A60, 0x35A60, 0x35A60, 0x35A60, 0x35A60, 0x35A60, 0x35A60, 0x35A60,
    0x35A60, 0x35A60, 0x35A60, 0x35A60, 0x35A60, 0x35A60, 0x35A60, 0x35A60,
    0x35A60, 0x35A60, 0x35A60, 0x35A60, 0x35A60, 0x35A60, 0x35A60, 0x35A60,
    0x35A60, 0x35A60, 0x35A60, 0x35A60, 0x35A60, 0x35A60, 0x35A60, 0x35A60,
    0x35A60, 0x75CC60, 0x143DC0, 0x35A60, 0x35A60, 0x35A60, 0x35A60, 0x35A60,
    0x35A60, 0x35A60, 0x35A60, 0x35A60, 0x50AF0, 0x50AF0, 0x35A60, 0x35A60,
    0x35A60, 0x35A60, 0x35A60, 0x35A60, 0x35A60, 0x35A60, 0x35A60, 0x35A60,
    0x35A60, 0x35A60, 0x35A60, 0x35A60, 0x803F40, 0x35A60, 0x75CBE0, 0x75CBF0,
    0x75CC10, 0x75CC40, 0x35A60, 0x35A60, 0x35A60, 0x35A60, 0x35A60, 0x35A60,
    0x35A60, 0x35A60, 0x35A60, 0x35A60, 0x35A60, 0x35A60, 0x35A60, 0x35A60,
    0x35A60, 0x35A60, 0x35A60, 0x35A60, 0x35A60, 0x75F0F0, 0x35A60, 0x35A60,
    0x35A60, 0x35A60, 0x35A60, 0x35A60, 0x35A60, 0x35A60, 0x75CC70, 0x35A60,
    0x35A60, 0x35A60, 0x35A60, 0x35A60, 0x2B5500, 0x2B5500, 0x35A60, 0x35A60,
    0x35A60, 0x35A60, 0x35A60, 0x35A60, 0x35A60, 0x35A60, 0x35A60, 0x35A60,
    0x35A60, 0x35A60, 0x35A60, 0x75CC10, 0x35A60, 0x35A60, 0x35A60, 0x50AF0,
    0x14C4E0, 0x803FA0, 0x35A60, 0x35A60
};

/* TimeDelayStatusApplication -172 vtable slot RVAs */
const UINT_PTR g_timeDelayStatusApplicationVtableRVAs[172] = {
    0x579700, 0x5796F0, 0x579620, 0x579610, 0x50AF0, 0x725AA0, 0x35A60, 0x75C5F0,
    0x35A60, 0x35A60, 0x35A60, 0x24DA30, 0x35A60, 0x35A60, 0x35A60, 0x35A60,
    0x35A60, 0x35A60, 0x35A60, 0x35A60, 0x35A60, 0x35A60, 0x35A60, 0x35A60,
    0x35A60, 0x75C5C0, 0x35A60, 0x35A60, 0x804220, 0x26BD0, 0x803960, 0x803860,
    0x803740, 0x24D910, 0x35A60, 0x35A60, 0x2B5500, 0x2B5500, 0x35A60, 0x35A60,
    0x35A60, 0x2B5500, 0x35A60, 0x35A60, 0x35A60, 0x24D9E0, 0x35A60, 0x35A60,
    0x35A60, 0x35A60, 0x35A60, 0x35A60, 0x35A60, 0x35A60, 0x35A60, 0x35A60,
    0x35A60, 0x35A60, 0x35A60, 0x35A60, 0x35A60, 0x35A60, 0x35A60, 0x35A60,
    0x35A60, 0x35A60, 0x35A60, 0x35A60, 0x35A60, 0x35A60, 0x35A60, 0x35A60,
    0x35A60, 0x35A60, 0x35A60, 0x35A60, 0x35A60, 0x35A60, 0x35A60, 0x35A60,
    0x35A60, 0x75CC60, 0x35A60, 0x35A60, 0x35A60, 0x35A60, 0x35A60, 0x35A60,
    0x35A60, 0x35A60, 0x35A60, 0x35A60, 0x50AF0, 0x50AF0, 0x35A60, 0x35A60,
    0x35A60, 0x35A60, 0x35A60, 0x35A60, 0x35A60, 0x35A60, 0x35A60, 0x35A60,
    0x35A60, 0x35A60, 0x35A60, 0x35A60, 0x803F40, 0x35A60, 0x75CBE0, 0x75CBF0,
    0x75CC10, 0x75CC40, 0x35A60, 0x35A60, 0x35A60, 0x35A60, 0x35A60, 0x35A60,
    0x35A60, 0x35A60, 0x35A60, 0x35A60, 0x35A60, 0x35A60, 0x35A60, 0x35A60,
    0x35A60, 0x35A60, 0x35A60, 0x35A60, 0x35A60, 0x75F0F0, 0x35A60, 0x35A60,
    0x35A60, 0x35A60, 0x35A60, 0x35A60, 0x35A60, 0x35A60, 0x75CC70, 0x35A60,
    0x35A60, 0x35A60, 0x35A60, 0x35A60, 0x2B5500, 0x2B5500, 0x35A60, 0x35A60,
    0x35A60, 0x35A60, 0x35A60, 0x35A60, 0x35A60, 0x35A60, 0x35A60, 0x35A60,
    0x35A60, 0x35A60, 0x35A60, 0x75CC10, 0x35A60, 0x35A60, 0x35A60, 0x50AF0,
    0x14C4E0, 0x803FA0, 0x35A60, 0x35A60
};

/* TowerDefenseStatus -172 vtable slot RVAs */
const UINT_PTR g_towerDefenseStatusVtableRVAs[172] = {
    0x5851D0, 0x5851C0, 0x5850F0, 0x5850E0, 0x50AF0, 0x725B20, 0x35A60, 0x75C5F0,
    0x35A60, 0x35A60, 0x35A60, 0x35A60, 0x35A60, 0x35A60, 0x35A60, 0x35A60,
    0x35A60, 0x35A60, 0x35A60, 0x35A60, 0x35A60, 0x35A60, 0x35A60, 0x35A60,
    0x35A60, 0x75C5C0, 0x35A60, 0x35A60, 0x804220, 0x26BD0, 0x803960, 0x803860,
    0x803740, 0xAF4A0, 0x35A60, 0x35A60, 0x2B5500, 0x2B5500, 0x35A60, 0x35A60,
    0x35A60, 0x2B5500, 0x35A60, 0x35A60, 0x35A60, 0x35A60, 0x35A60, 0x35A60,
    0x35A60, 0x35A60, 0x35A60, 0x35A60, 0x35A60, 0x35A60, 0x35A60, 0x35A60,
    0x35A60, 0x35A60, 0x35A60, 0x35A60, 0x35A60, 0x35A60, 0x35A60, 0x35A60,
    0x35A60, 0x35A60, 0x35A60, 0x35A60, 0x35A60, 0x35A60, 0x35A60, 0x35A60,
    0x35A60, 0x35A60, 0x35A60, 0x35A60, 0x35A60, 0x35A60, 0x35A60, 0x35A60,
    0x35A60, 0x75CC60, 0x35A60, 0x35A60, 0x35A60, 0x35A60, 0x35A60, 0x35A60,
    0x35A60, 0x35A60, 0x35A60, 0x2087F0, 0x50AF0, 0x50AF0, 0x35A60, 0x35A60,
    0x35A60, 0x35A60, 0x35A60, 0x35A60, 0x35A60, 0x35A60, 0x35A60, 0x35A60,
    0x35A60, 0x35A60, 0x35A60, 0x35A60, 0x803F40, 0x35A60, 0x75CBE0, 0x75CBF0,
    0x75CC10, 0x75CC40, 0x35A60, 0x35A60, 0x35A60, 0x35A60, 0x35A60, 0x35A60,
    0x35A60, 0x35A60, 0x35A60, 0x35A60, 0x35A60, 0x35A60, 0x35A60, 0x35A60,
    0x35A60, 0x35A60, 0x35A60, 0x35A60, 0x35A60, 0x75F0F0, 0x35A60, 0x35A60,
    0x35A60, 0x35A60, 0x35A60, 0x35A60, 0x35A60, 0x35A60, 0x75CC70, 0x35A60,
    0x35A60, 0x35A60, 0x35A60, 0x35A60, 0x2B5500, 0x2B5500, 0x208670, 0x35A60,
    0x35A60, 0x35A60, 0x35A60, 0x35A60, 0x35A60, 0x35A60, 0x35A60, 0x35A60,
    0x35A60, 0x35A60, 0x35A60, 0x75CC10, 0x35A60, 0x35A60, 0x35A60, 0x50AF0,
    0x14C4E0, 0x803FA0, 0x35A60, 0x35A60
};

/* TowerDefenseStatus2 -172 vtable slot RVAs */
const UINT_PTR g_towerDefenseStatus2VtableRVAs[172] = {
    0x585070, 0x585060, 0x584F90, 0x584F80, 0x50AF0, 0x725BB0, 0x35A60, 0x75C5F0,
    0x35A60, 0x35A60, 0x35A60, 0x35A60, 0x35A60, 0x35A60, 0x35A60, 0x35A60,
    0x35A60, 0x35A60, 0x35A60, 0x35A60, 0x35A60, 0x35A60, 0x35A60, 0x35A60,
    0x35A60, 0x75C5C0, 0x35A60, 0x35A60, 0x804220, 0x26BD0, 0x803960, 0x803860,
    0x803740, 0xAF4A0, 0x99A80, 0x35A60, 0x2B5500, 0x2B5500, 0x35A60, 0x35A60,
    0x35A60, 0x2B5500, 0x35A60, 0x35A60, 0x35A60, 0x35A60, 0x35A60, 0x35A60,
    0x35A60, 0x35A60, 0x35A60, 0x35A60, 0x35A60, 0x35A60, 0x35A60, 0x35A60,
    0x35A60, 0x35A60, 0x35A60, 0x35A60, 0x35A60, 0x35A60, 0x35A60, 0x35A60,
    0x35A60, 0x35A60, 0x35A60, 0x35A60, 0x35A60, 0x35A60, 0x35A60, 0x35A60,
    0x35A60, 0x35A60, 0x35A60, 0x35A60, 0x35A60, 0x35A60, 0x35A60, 0x35A60,
    0x35A60, 0x75CC60, 0x35A60, 0x35A60, 0x35A60, 0x35A60, 0x35A60, 0x35A60,
    0x35A60, 0x35A60, 0x35A60, 0x2087F0, 0x50AF0, 0x50AF0, 0x35A60, 0x35A60,
    0x35A60, 0x35A60, 0x35A60, 0x35A60, 0x35A60, 0x35A60, 0x35A60, 0x35A60,
    0x35A60, 0x35A60, 0x35A60, 0x35A60, 0x803F40, 0x35A60, 0x75CBE0, 0x75CBF0,
    0x75CC10, 0x75CC40, 0x35A60, 0x35A60, 0x35A60, 0x35A60, 0x35A60, 0x35A60,
    0x35A60, 0x35A60, 0x35A60, 0x35A60, 0x35A60, 0x35A60, 0x35A60, 0x35A60,
    0x35A60, 0x35A60, 0x35A60, 0x35A60, 0x35A60, 0x75F0F0, 0x35A60, 0x35A60,
    0x35A60, 0x35A60, 0x35A60, 0x35A60, 0x35A60, 0x35A60, 0x75CC70, 0x35A60,
    0x35A60, 0x35A60, 0x35A60, 0x35A60, 0x2B5500, 0x2B5500, 0x208800, 0x35A60,
    0x35A60, 0x35A60, 0x35A60, 0x35A60, 0x35A60, 0x35A60, 0x35A60, 0x35A60,
    0x35A60, 0x35A60, 0x35A60, 0x75CC10, 0x35A60, 0x35A60, 0x35A60, 0x50AF0,
    0x14C4E0, 0x803FA0, 0x35A60, 0x35A60
};

/* TrailBlazer -172 vtable slot RVAs */
const UINT_PTR g_trailBlazerVtableRVAs[172] = {
    0x585480, 0x585470, 0x5853A0, 0x585390, 0x50AF0, 0x725C40, 0x35A60, 0x75C5F0,
    0x35A60, 0x35A60, 0x35A60, 0x35A60, 0x35A60, 0x35A60, 0x35A60, 0x35A60,
    0x35A60, 0x35A60, 0x35A60, 0x35A60, 0x35A60, 0x35A60, 0x35A60, 0x35A60,
    0x35A60, 0x75C5C0, 0x35A60, 0x35A60, 0x804220, 0x26BD0, 0x803960, 0x803860,
    0x803740, 0x35A60, 0x35A60, 0x977D0, 0x2B5500, 0x2B5500, 0x35A60, 0x35A60,
    0x35A60, 0x2B5500, 0x35A60, 0x35A60, 0x35A60, 0x35A60, 0x35A60, 0x35A60,
    0x35A60, 0x35A60, 0x35A60, 0x35A60, 0x35A60, 0x35A60, 0x35A60, 0x35A60,
    0x35A60, 0x35A60, 0x35A60, 0x35A60, 0x35A60, 0x35A60, 0x35A60, 0x35A60,
    0x35A60, 0x35A60, 0x35A60, 0x35A60, 0x35A60, 0x35A60, 0x35A60, 0x35A60,
    0x35A60, 0x35A60, 0x35A60, 0x35A60, 0x35A60, 0x35A60, 0x35A60, 0x35A60,
    0x35A60, 0x75CC60, 0x35A60, 0x208420, 0x35A60, 0x35A60, 0x35A60, 0x35A60,
    0x35A60, 0x35A60, 0x35A60, 0x35A60, 0x50AF0, 0x50AF0, 0x35A60, 0x35A60,
    0x35A60, 0x35A60, 0x35A60, 0x35A60, 0x35A60, 0x35A60, 0x35A60, 0x35A60,
    0x35A60, 0x35A60, 0x35A60, 0x35A60, 0x803F40, 0x35A60, 0x75CBE0, 0x75CBF0,
    0x75CC10, 0x75CC40, 0x35A60, 0x35A60, 0x35A60, 0x35A60, 0x35A60, 0x35A60,
    0x35A60, 0x35A60, 0x35A60, 0x35A60, 0x35A60, 0x35A60, 0x35A60, 0x35A60,
    0x35A60, 0x35A60, 0x35A60, 0x35A60, 0x35A60, 0x75F0F0, 0x35A60, 0x35A60,
    0x35A60, 0x35A60, 0x35A60, 0x35A60, 0x35A60, 0x35A60, 0x75CC70, 0x35A60,
    0x35A60, 0x35A60, 0x35A60, 0x35A60, 0x2B5500, 0x2B5500, 0x35A60, 0x35A60,
    0x35A60, 0x35A60, 0x35A60, 0x35A60, 0x35A60, 0x35A60, 0x35A60, 0x35A60,
    0x35A60, 0x35A60, 0x35A60, 0x75CC10, 0x35A60, 0x35A60, 0x35A60, 0x50AF0,
    0x14C4E0, 0x803FA0, 0x35A60, 0x35A60
};

/* Trample -172 vtable slot RVAs */
const UINT_PTR g_trampleVtableRVAs[172] = {
    0x55B460, 0x55B450, 0x55B380, 0x55B370, 0x50AF0, 0x725590, 0x35A60, 0x75C5F0,
    0x35A60, 0x35A60, 0x8C6440, 0x35A60, 0x35A60, 0x35A60, 0x35A60, 0x35A60,
    0x35A60, 0x35A60, 0x35A60, 0x35A60, 0x35A60, 0x35A60, 0x35A60, 0x35A60,
    0x35A60, 0x75C5C0, 0x35A60, 0x35A60, 0x804220, 0x26BD0, 0x803960, 0x803860,
    0x803740, 0x9E460, 0x35A60, 0x35A60, 0x2B5500, 0x2B5500, 0x35A60, 0x35A60,
    0x35A60, 0x2B5500, 0x35A60, 0x8C6430, 0x35A60, 0x35A60, 0x35A60, 0x35A60,
    0x35A60, 0x35A60, 0x35A60, 0x35A60, 0x35A60, 0x35A60, 0x35A60, 0x35A60,
    0x35A60, 0x35A60, 0x35A60, 0x35A60, 0x35A60, 0x35A60, 0x35A60, 0x35A60,
    0x35A60, 0x35A60, 0x35A60, 0x35A60, 0x35A60, 0x35A60, 0x35A60, 0x35A60,
    0x35A60, 0x35A60, 0x35A60, 0x35A60, 0x35A60, 0x35A60, 0x35A60, 0x35A60,
    0x35A60, 0x75CC60, 0x35A60, 0x35A60, 0x35A60, 0x35A60, 0x35A60, 0x35A60,
    0x35A60, 0x35A60, 0x35A60, 0x8C64A0, 0x50AF0, 0x50AF0, 0x35A60, 0x35A60,
    0x35A60, 0x35A60, 0x35A60, 0x35A60, 0x35A60, 0x35A60, 0x35A60, 0x35A60,
    0x35A60, 0x35A60, 0x35A60, 0x35A60, 0x803F40, 0x35A60, 0x75CBE0, 0x75CBF0,
    0x75CC10, 0x75CC40, 0x35A60, 0x35A60, 0x35A60, 0x35A60, 0x35A60, 0x35A60,
    0x35A60, 0x35A60, 0x35A60, 0x35A60, 0x35A60, 0x35A60, 0x35A60, 0x35A60,
    0x35A60, 0x35A60, 0x35A60, 0x35A60, 0x35A60, 0x75F0F0, 0x35A60, 0x35A60,
    0x35A60, 0x35A60, 0x35A60, 0x35A60, 0x35A60, 0x35A60, 0x75CC70, 0x35A60,
    0x35A60, 0x35A60, 0x35A60, 0x35A60, 0x2B5500, 0x2B5500, 0x35A60, 0x35A60,
    0x35A60, 0x35A60, 0x35A60, 0x35A60, 0x35A60, 0x35A60, 0x35A60, 0x35A60,
    0x35A60, 0x35A60, 0x35A60, 0x75CC10, 0x35A60, 0x35A60, 0x35A60, 0x50AF0,
    0x14C4E0, 0x803FA0, 0x35A60, 0x35A60
};

/* TransformAfterXTurns -172 vtable slot RVAs */
const UINT_PTR g_transformAfterXTurnsVtableRVAs[172] = {
    0x55A4A0, 0x55A490, 0x55A3C0, 0x55A3B0, 0x50AF0, 0x725CC0, 0x8CCF90, 0x75C5F0,
    0x35A60, 0x35A60, 0x35A60, 0x35A60, 0x35A60, 0x35A60, 0x35A60, 0x35A60,
    0x35A60, 0x35A60, 0x35A60, 0x35A60, 0x35A60, 0x35A60, 0x35A60, 0x35A60,
    0x35A60, 0x75C5C0, 0x35A60, 0x35A60, 0x804220, 0x26BD0, 0x803960, 0x803860,
    0x803740, 0x77BF0, 0x35A60, 0x35A60, 0x2B5500, 0x8CDAE0, 0x35A60, 0x35A60,
    0x35A60, 0x2B5500, 0x35A60, 0x35A60, 0x35A60, 0x35A60, 0x35A60, 0x35A60,
    0x35A60, 0x35A60, 0x35A60, 0x35A60, 0x35A60, 0x35A60, 0x35A60, 0x35A60,
    0x35A60, 0x35A60, 0x35A60, 0x35A60, 0x35A60, 0x35A60, 0x35A60, 0x35A60,
    0x35A60, 0x35A60, 0x35A60, 0x35A60, 0x35A60, 0x35A60, 0x35A60, 0x35A60,
    0x35A60, 0x35A60, 0x35A60, 0x35A60, 0x35A60, 0x35A60, 0x35A60, 0x35A60,
    0x35A60, 0x75CC60, 0x35A60, 0x35A60, 0x35A60, 0x35A60, 0x35A60, 0x35A60,
    0x35A60, 0x35A60, 0x35A60, 0x35A60, 0x50AF0, 0x50AF0, 0x35A60, 0x35A60,
    0x35A60, 0x35A60, 0x35A60, 0x35A60, 0x35A60, 0x35A60, 0x35A60, 0x35A60,
    0x35A60, 0x35A60, 0x35A60, 0x35A60, 0x803F40, 0x35A60, 0x75CBE0, 0x75CBF0,
    0x75CC10, 0x75CC40, 0x35A60, 0x35A60, 0x35A60, 0x35A60, 0x35A60, 0x35A60,
    0x35A60, 0x35A60, 0x35A60, 0x35A60, 0x35A60, 0x35A60, 0x35A60, 0x35A60,
    0x35A60, 0x35A60, 0x35A60, 0x35A60, 0x35A60, 0x75F0F0, 0x35A60, 0x35A60,
    0x35A60, 0x35A60, 0x35A60, 0x35A60, 0x35A60, 0x35A60, 0x75CC70, 0x35A60,
    0x35A60, 0x35A60, 0x35A60, 0x35A60, 0x2B5500, 0x2B5500, 0x35A60, 0x35A60,
    0x35A60, 0x35A60, 0x35A60, 0x35A60, 0x35A60, 0x35A60, 0x35A60, 0x35A60,
    0x35A60, 0x35A60, 0x35A60, 0x75CC10, 0x35A60, 0x35A60, 0x35A60, 0x50AF0,
    0x14C4E0, 0x803FA0, 0x35A60, 0x35A60
};

/* TransformBasicAttack -172 vtable slot RVAs */
const UINT_PTR g_transformBasicAttackVtableRVAs[172] = {
    0x596530, 0x596520, 0x596450, 0x596440, 0x50AF0, 0x725D40, 0x35A60, 0x75C5F0,
    0x35A60, 0x35A60, 0x35A60, 0x35A60, 0x35A60, 0x35A60, 0x35A60, 0x35A60,
    0x35A60, 0x35A60, 0x35A60, 0x35A60, 0x35A60, 0x35A60, 0x35A60, 0x35A60,
    0x35A60, 0x75C5C0, 0x35A60, 0x35A60, 0x804220, 0x26BD0, 0x803960, 0x803860,
    0x803740, 0x146A00, 0x35A60, 0x35A60, 0x2B5500, 0x2B5500, 0x35A60, 0x35A60,
    0x35A60, 0x2B5500, 0x35A60, 0x35A60, 0x35A60, 0x35A60, 0x35A60, 0x35A60,
    0x35A60, 0x35A60, 0x35A60, 0x35A60, 0x35A60, 0x35A60, 0x35A60, 0x35A60,
    0x35A60, 0x35A60, 0x35A60, 0x35A60, 0x35A60, 0x35A60, 0x35A60, 0x35A60,
    0x35A60, 0x35A60, 0x35A60, 0x35A60, 0x35A60, 0x35A60, 0x35A60, 0x35A60,
    0x35A60, 0x35A60, 0x35A60, 0x35A60, 0x35A60, 0x35A60, 0x35A60, 0x35A60,
    0x35A60, 0x75CC60, 0x35A60, 0x35A60, 0x146A20, 0x35A60, 0x35A60, 0x35A60,
    0x35A60, 0x35A60, 0x35A60, 0x35A60, 0x50AF0, 0x50AF0, 0x35A60, 0x35A60,
    0x35A60, 0x35A60, 0x35A60, 0x35A60, 0x35A60, 0x35A60, 0x35A60, 0x35A60,
    0x35A60, 0x35A60, 0x35A60, 0x35A60, 0x803F40, 0x35A60, 0x75CBE0, 0x75CBF0,
    0x75CC10, 0x75CC40, 0x35A60, 0x35A60, 0x35A60, 0x35A60, 0x35A60, 0x35A60,
    0x35A60, 0x35A60, 0x35A60, 0x35A60, 0x35A60, 0x35A60, 0x35A60, 0x35A60,
    0x35A60, 0x35A60, 0x35A60, 0x35A60, 0x35A60, 0x75F0F0, 0x35A60, 0x35A60,
    0x35A60, 0x35A60, 0x35A60, 0x35A60, 0x35A60, 0x35A60, 0x75CC70, 0x35A60,
    0x35A60, 0x35A60, 0x35A60, 0x35A60, 0x2B5500, 0x2B5500, 0x35A60, 0x35A60,
    0x35A60, 0x35A60, 0x35A60, 0x35A60, 0x35A60, 0x35A60, 0x35A60, 0x35A60,
    0x35A60, 0x35A60, 0x35A60, 0x75CC10, 0x35A60, 0x35A60, 0x35A60, 0x50AF0,
    0x14C4E0, 0x803FA0, 0x35A60, 0x35A60
};

/* TransformBasicMove -172 vtable slot RVAs */
const UINT_PTR g_transformBasicMoveVtableRVAs[172] = {
    0x5963E0, 0x5963D0, 0x596300, 0x5962F0, 0x50AF0, 0x725DC0, 0x35A60, 0x75C5F0,
    0x35A60, 0x35A60, 0x35A60, 0x35A60, 0x35A60, 0x35A60, 0x35A60, 0x35A60,
    0x35A60, 0x35A60, 0x35A60, 0x35A60, 0x35A60, 0x35A60, 0x35A60, 0x35A60,
    0x35A60, 0x75C5C0, 0x35A60, 0x35A60, 0x804220, 0x26BD0, 0x803960, 0x803860,
    0x803740, 0x146A00, 0x35A60, 0x35A60, 0x2B5500, 0x2B5500, 0x35A60, 0x35A60,
    0x35A60, 0x2B5500, 0x35A60, 0x35A60, 0x35A60, 0x35A60, 0x35A60, 0x35A60,
    0x35A60, 0x35A60, 0x35A60, 0x35A60, 0x35A60, 0x35A60, 0x35A60, 0x35A60,
    0x35A60, 0x35A60, 0x35A60, 0x35A60, 0x35A60, 0x35A60, 0x35A60, 0x35A60,
    0x35A60, 0x35A60, 0x35A60, 0x35A60, 0x35A60, 0x35A60, 0x35A60, 0x35A60,
    0x35A60, 0x35A60, 0x35A60, 0x35A60, 0x35A60, 0x35A60, 0x35A60, 0x35A60,
    0x35A60, 0x75CC60, 0x35A60, 0x35A60, 0x146A90, 0x35A60, 0x35A60, 0x35A60,
    0x35A60, 0x35A60, 0x35A60, 0x35A60, 0x50AF0, 0x50AF0, 0x35A60, 0x35A60,
    0x35A60, 0x35A60, 0x35A60, 0x35A60, 0x35A60, 0x35A60, 0x35A60, 0x35A60,
    0x35A60, 0x35A60, 0x35A60, 0x35A60, 0x803F40, 0x35A60, 0x75CBE0, 0x75CBF0,
    0x75CC10, 0x75CC40, 0x35A60, 0x35A60, 0x35A60, 0x35A60, 0x35A60, 0x35A60,
    0x35A60, 0x35A60, 0x35A60, 0x35A60, 0x35A60, 0x35A60, 0x35A60, 0x35A60,
    0x35A60, 0x35A60, 0x35A60, 0x35A60, 0x35A60, 0x75F0F0, 0x35A60, 0x35A60,
    0x35A60, 0x35A60, 0x35A60, 0x35A60, 0x35A60, 0x35A60, 0x75CC70, 0x35A60,
    0x35A60, 0x35A60, 0x35A60, 0x35A60, 0x2B5500, 0x2B5500, 0x35A60, 0x35A60,
    0x35A60, 0x35A60, 0x35A60, 0x35A60, 0x35A60, 0x35A60, 0x35A60, 0x35A60,
    0x35A60, 0x35A60, 0x35A60, 0x75CC10, 0x35A60, 0x35A60, 0x35A60, 0x50AF0,
    0x14C4E0, 0x803FA0, 0x35A60, 0x35A60
};

/* TransformedAbility -172 vtable slot RVAs */
const UINT_PTR g_transformedAbilityVtableRVAs[172] = {
    0x1661F0, 0x1661E0, 0x166110, 0x166100, 0x50AF0, 0x166770, 0x18D4D0, 0x75C5F0,
    0x35A60, 0x35A60, 0x35A60, 0x35A60, 0x35A60, 0x35A60, 0x35A60, 0x35A60,
    0x35A60, 0x35A60, 0x35A60, 0x35A60, 0x35A60, 0x35A60, 0x35A60, 0x35A60,
    0x35A60, 0x75C5C0, 0x35A60, 0x35A60, 0x804220, 0x26BD0, 0x803960, 0x803860,
    0x803740, 0x35A60, 0x35A60, 0x35A60, 0x2B5500, 0x2B5500, 0x35A60, 0x35A60,
    0x35A60, 0x2B5500, 0x35A60, 0x35A60, 0x35A60, 0x35A60, 0x35A60, 0x35A60,
    0x35A60, 0x35A60, 0x35A60, 0x35A60, 0x35A60, 0x35A60, 0x35A60, 0x35A60,
    0x35A60, 0x35A60, 0x35A60, 0x35A60, 0x35A60, 0x35A60, 0x35A60, 0x35A60,
    0x35A60, 0x35A60, 0x35A60, 0x35A60, 0x35A60, 0x35A60, 0x35A60, 0x35A60,
    0x35A60, 0x35A60, 0x35A60, 0x35A60, 0x35A60, 0x35A60, 0x35A60, 0x35A60,
    0x35A60, 0x75CC60, 0x35A60, 0x35A60, 0x35A60, 0x18D5C0, 0x18D4E0, 0x35A60,
    0x35A60, 0x35A60, 0x35A60, 0x35A60, 0x50AF0, 0x50AF0, 0x35A60, 0x35A60,
    0x35A60, 0x35A60, 0x35A60, 0x35A60, 0x35A60, 0x35A60, 0x35A60, 0x35A60,
    0x35A60, 0x35A60, 0x35A60, 0x35A60, 0x803F40, 0x35A60, 0x75CBE0, 0x75CBF0,
    0x75CC10, 0x75CC40, 0x35A60, 0x35A60, 0x35A60, 0x35A60, 0x35A60, 0x35A60,
    0x35A60, 0x35A60, 0x35A60, 0x35A60, 0x35A60, 0x35A60, 0x35A60, 0x35A60,
    0x35A60, 0x35A60, 0x35A60, 0x35A60, 0x35A60, 0x75F0F0, 0x35A60, 0x35A60,
    0x35A60, 0x35A60, 0x35A60, 0x35A60, 0x35A60, 0x35A60, 0x75CC70, 0x35A60,
    0x35A60, 0x35A60, 0x35A60, 0x35A60, 0x2B5500, 0x2B5500, 0x35A60, 0x35A60,
    0x35A60, 0x35A60, 0x35A60, 0x35A60, 0x35A60, 0x35A60, 0x35A60, 0x35A60,
    0x35A60, 0x35A60, 0x35A60, 0x75CC10, 0x35A60, 0x35A60, 0x35A60, 0x50AF0,
    0x14C4E0, 0x803FA0, 0x35A60, 0x35A60
};

/* TransformInXTurns -172 vtable slot RVAs */
const UINT_PTR g_transformInXTurnsVtableRVAs[172] = {
    0x55A5F0, 0x55A5E0, 0x55A510, 0x55A500, 0x50AF0, 0x725E40, 0x8CCF90, 0x75C5F0,
    0x35A60, 0x35A60, 0x35A60, 0x35A60, 0x35A60, 0x35A60, 0x35A60, 0x35A60,
    0x35A60, 0x35A60, 0x35A60, 0x35A60, 0x35A60, 0x35A60, 0x35A60, 0x35A60,
    0x35A60, 0x75C5C0, 0x35A60, 0x35A60, 0x804220, 0x26BD0, 0x803960, 0x803860,
    0x803740, 0x77BF0, 0x35A60, 0x35A60, 0x8CD2D0, 0x2B5500, 0x35A60, 0x35A60,
    0x35A60, 0x2B5500, 0x35A60, 0x35A60, 0x35A60, 0x35A60, 0x35A60, 0x35A60,
    0x35A60, 0x35A60, 0x35A60, 0x35A60, 0x35A60, 0x35A60, 0x35A60, 0x35A60,
    0x35A60, 0x35A60, 0x35A60, 0x35A60, 0x35A60, 0x35A60, 0x35A60, 0x35A60,
    0x35A60, 0x35A60, 0x35A60, 0x35A60, 0x35A60, 0x35A60, 0x35A60, 0x35A60,
    0x35A60, 0x35A60, 0x35A60, 0x35A60, 0x35A60, 0x35A60, 0x35A60, 0x35A60,
    0x35A60, 0x75CC60, 0x35A60, 0x35A60, 0x35A60, 0x35A60, 0x35A60, 0x35A60,
    0x35A60, 0x35A60, 0x35A60, 0x35A60, 0x50AF0, 0x50AF0, 0x35A60, 0x35A60,
    0x35A60, 0x35A60, 0x35A60, 0x35A60, 0x35A60, 0x35A60, 0x35A60, 0x35A60,
    0x35A60, 0x35A60, 0x35A60, 0x35A60, 0x803F40, 0x35A60, 0x75CBE0, 0x75CBF0,
    0x75CC10, 0x75CC40, 0x35A60, 0x35A60, 0x35A60, 0x35A60, 0x35A60, 0x35A60,
    0x35A60, 0x35A60, 0x35A60, 0x35A60, 0x35A60, 0x35A60, 0x35A60, 0x35A60,
    0x35A60, 0x35A60, 0x35A60, 0x35A60, 0x35A60, 0x75F0F0, 0x35A60, 0x35A60,
    0x35A60, 0x35A60, 0x35A60, 0x35A60, 0x35A60, 0x35A60, 0x75CC70, 0x35A60,
    0x35A60, 0x35A60, 0x35A60, 0x35A60, 0x2B5500, 0x2B5500, 0x35A60, 0x35A60,
    0x35A60, 0x35A60, 0x35A60, 0x35A60, 0x35A60, 0x35A60, 0x35A60, 0x35A60,
    0x35A60, 0x35A60, 0x35A60, 0x75CC10, 0x35A60, 0x35A60, 0x35A60, 0x50AF0,
    0x14C4E0, 0x803FA0, 0x35A60, 0x35A60
};

/* Trapper_Status -172 vtable slot RVAs */
const UINT_PTR g_trapper_StatusVtableRVAs[172] = {
    0x56F820, 0x56F810, 0x56F740, 0x56F730, 0x50AF0, 0x725EC0, 0x35A60, 0x75C5F0,
    0x35A60, 0x35A60, 0x35A60, 0x35A60, 0x35A60, 0x35A60, 0x35A60, 0x35A60,
    0x35A60, 0x35A60, 0x35A60, 0x35A60, 0x35A60, 0x35A60, 0x35A60, 0x35A60,
    0x35A60, 0x75C5C0, 0x35A60, 0x35A60, 0x804220, 0x26BD0, 0x803960, 0x803860,
    0x803740, 0x7D1950, 0x35A60, 0x35A60, 0x2B5500, 0x2B5500, 0x35A60, 0x35A60,
    0x35A60, 0x2B5500, 0x35A60, 0x35A60, 0x35A60, 0x35A60, 0x35A60, 0x35A60,
    0x35A60, 0x35A60, 0x35A60, 0x35A60, 0x35A60, 0x35A60, 0x35A60, 0x35A60,
    0x35A60, 0x35A60, 0x35A60, 0x35A60, 0x35A60, 0x35A60, 0x35A60, 0x35A60,
    0x35A60, 0x35A60, 0x35A60, 0x35A60, 0x35A60, 0x35A60, 0x35A60, 0x35A60,
    0x35A60, 0x35A60, 0x35A60, 0x35A60, 0x35A60, 0x35A60, 0x35A60, 0x35A60,
    0x35A60, 0x75CC60, 0x35A60, 0x35A60, 0x35A60, 0x35A60, 0x35A60, 0x35A60,
    0x35A60, 0x35A60, 0x35A60, 0x208990, 0x50AF0, 0x50AF0, 0x35A60, 0x35A60,
    0x35A60, 0x35A60, 0x35A60, 0x35A60, 0x35A60, 0x35A60, 0x35A60, 0x35A60,
    0x35A60, 0x35A60, 0x35A60, 0x35A60, 0x803F40, 0x35A60, 0x75CBE0, 0x75CBF0,
    0x75CC10, 0x75CC40, 0x35A60, 0x35A60, 0x35A60, 0x35A60, 0x35A60, 0x35A60,
    0x35A60, 0x35A60, 0x35A60, 0x35A60, 0x35A60, 0x35A60, 0x35A60, 0x35A60,
    0x35A60, 0x35A60, 0x35A60, 0x35A60, 0x35A60, 0x75F0F0, 0x35A60, 0x35A60,
    0x35A60, 0x35A60, 0x35A60, 0x35A60, 0x35A60, 0x35A60, 0x75CC70, 0x35A60,
    0x35A60, 0x35A60, 0x35A60, 0x35A60, 0x2B5500, 0x2B5500, 0x35A60, 0x7D1C40,
    0x35A60, 0x35A60, 0x35A60, 0x35A60, 0x35A60, 0x35A60, 0x35A60, 0x35A60,
    0x35A60, 0x35A60, 0x35A60, 0x75CC10, 0x35A60, 0x35A60, 0x35A60, 0x50AF0,
    0x14C4E0, 0x803FA0, 0x35A60, 0x35A60
};

/* TwoThirdsBasicAttackDamage -172 vtable slot RVAs */
const UINT_PTR g_twoThirdsBasicAttackDamageVtableRVAs[172] = {
    0x57EAB0, 0x57EAA0, 0x57E9D0, 0x57E9C0, 0x50AF0, 0x725F40, 0x35A60, 0x75C5F0,
    0x35A60, 0x35A60, 0x35A60, 0x35A60, 0x35A60, 0x35A60, 0x35A60, 0x35A60,
    0x35A60, 0x35A60, 0x35A60, 0x35A60, 0x35A60, 0x35A60, 0x35A60, 0x35A60,
    0x35A60, 0x75C5C0, 0x35A60, 0x35A60, 0x804220, 0x26BD0, 0x803960, 0x803860,
    0x803740, 0x77BF0, 0x35A60, 0x35A60, 0x2B5500, 0x2B5500, 0x35A60, 0x35A60,
    0x35A60, 0x2B5500, 0x35A60, 0x35A60, 0x35A60, 0x35A60, 0x35A60, 0x35A60,
    0x35A60, 0x35A60, 0x35A60, 0x35A60, 0x35A60, 0x35A60, 0x35A60, 0x35A60,
    0x35A60, 0x35A60, 0x35A60, 0x35A60, 0x35A60, 0x35A60, 0x35A60, 0x35A60,
    0x35A60, 0x35A60, 0x35A60, 0x35A60, 0x35A60, 0x35A60, 0x35A60, 0x35A60,
    0x35A60, 0x35A60, 0x35A60, 0x35A60, 0x35A60, 0x35A60, 0x35A60, 0x35A60,
    0x35A60, 0x75CC60, 0x35A60, 0x35A60, 0x35A60, 0x35A60, 0x35A60, 0x35A60,
    0x35A60, 0x218B70, 0x35A60, 0x35A60, 0x50AF0, 0x50AF0, 0x35A60, 0x35A60,
    0x35A60, 0x35A60, 0x35A60, 0x35A60, 0x35A60, 0x35A60, 0x35A60, 0x35A60,
    0x35A60, 0x35A60, 0x35A60, 0x35A60, 0x803F40, 0x35A60, 0x75CBE0, 0x75CBF0,
    0x75CC10, 0x75CC40, 0x35A60, 0x35A60, 0x35A60, 0x35A60, 0x35A60, 0x35A60,
    0x35A60, 0x35A60, 0x35A60, 0x35A60, 0x35A60, 0x35A60, 0x35A60, 0x35A60,
    0x35A60, 0x35A60, 0x35A60, 0x35A60, 0x35A60, 0x75F0F0, 0x35A60, 0x35A60,
    0x35A60, 0x35A60, 0x35A60, 0x35A60, 0x35A60, 0x35A60, 0x75CC70, 0x35A60,
    0x35A60, 0x35A60, 0x35A60, 0x35A60, 0x2B5500, 0x2B5500, 0x35A60, 0x35A60,
    0x35A60, 0x35A60, 0x35A60, 0x35A60, 0x35A60, 0x35A60, 0x35A60, 0x35A60,
    0x35A60, 0x35A60, 0x35A60, 0x75CC10, 0x35A60, 0x35A60, 0x35A60, 0x50AF0,
    0x14C4E0, 0x803FA0, 0x35A60, 0x35A60
};

/* VisualCountDownThenApplyStatus -172 vtable slot RVAs */
const UINT_PTR g_visualCountDownThenApplyStatusVtableRVAs[172] = {
    0x579590, 0x579580, 0x5794B0, 0x5794A0, 0x50AF0, 0x725FC0, 0x35A60, 0x75C5F0,
    0x35A60, 0x35A60, 0x35A60, 0x24DD00, 0x35A60, 0x35A60, 0x35A60, 0x35A60,
    0x35A60, 0x35A60, 0x35A60, 0x35A60, 0x35A60, 0x35A60, 0x35A60, 0x35A60,
    0x35A60, 0x75C5C0, 0x35A60, 0x35A60, 0x804220, 0x26BD0, 0x803960, 0x803860,
    0x803740, 0x24DC20, 0x35A60, 0x35A60, 0x2B5500, 0x2B5500, 0x35A60, 0x35A60,
    0x35A60, 0x2B5500, 0x35A60, 0x35A60, 0x35A60, 0x24D9E0, 0x35A60, 0x35A60,
    0x35A60, 0x35A60, 0x35A60, 0x35A60, 0x35A60, 0x35A60, 0x35A60, 0x35A60,
    0x35A60, 0x35A60, 0x35A60, 0x35A60, 0x35A60, 0x35A60, 0x35A60, 0x35A60,
    0x35A60, 0x35A60, 0x35A60, 0x35A60, 0x35A60, 0x35A60, 0x35A60, 0x35A60,
    0x35A60, 0x35A60, 0x35A60, 0x35A60, 0x35A60, 0x35A60, 0x35A60, 0x35A60,
    0x35A60, 0x75CC60, 0x35A60, 0x35A60, 0x35A60, 0x35A60, 0x35A60, 0x35A60,
    0x35A60, 0x35A60, 0x35A60, 0x35A60, 0x50AF0, 0x50AF0, 0x35A60, 0x35A60,
    0x35A60, 0x35A60, 0x35A60, 0x35A60, 0x35A60, 0x35A60, 0x35A60, 0x35A60,
    0x35A60, 0x35A60, 0x35A60, 0x35A60, 0x803F40, 0x35A60, 0x75CBE0, 0x75CBF0,
    0x75CC10, 0x75CC40, 0x35A60, 0x35A60, 0x35A60, 0x35A60, 0x35A60, 0x35A60,
    0x35A60, 0x35A60, 0x35A60, 0x35A60, 0x35A60, 0x35A60, 0x35A60, 0x35A60,
    0x35A60, 0x35A60, 0x35A60, 0x35A60, 0x35A60, 0x75F0F0, 0x35A60, 0x35A60,
    0x35A60, 0x35A60, 0x35A60, 0x35A60, 0x35A60, 0x35A60, 0x75CC70, 0x35A60,
    0x35A60, 0x35A60, 0x35A60, 0x35A60, 0x2B5500, 0x2B5500, 0x35A60, 0x35A60,
    0x35A60, 0x35A60, 0x35A60, 0x35A60, 0x35A60, 0x35A60, 0x35A60, 0x35A60,
    0x35A60, 0x35A60, 0x35A60, 0x75CC10, 0x35A60, 0x35A60, 0x35A60, 0x50AF0,
    0x14C4E0, 0x803FA0, 0x35A60, 0x35A60
};

/* Weakness -172 vtable slot RVAs */
const UINT_PTR g_weaknessVtableRVAs[172] = {
    0x5A0DB0, 0x5A0DA0, 0x5A0CD0, 0x5A0CC0, 0x50AF0, 0x726040, 0x35A60, 0x75C5F0,
    0x35A60, 0x35A60, 0x35A60, 0x35A60, 0x35A60, 0x35A60, 0x35A60, 0x35A60,
    0x35A60, 0x35A60, 0x35A60, 0x35A60, 0x35A60, 0x35A60, 0x35A60, 0x35A60,
    0x35A60, 0x75C5C0, 0x35A60, 0x35A60, 0x804220, 0x26BD0, 0x803960, 0x803860,
    0x803740, 0x35A60, 0x35A60, 0x35A60, 0x2B5500, 0x99A80, 0x35A60, 0x35A60,
    0x35A60, 0x2B5500, 0x35A60, 0x35A60, 0x35A60, 0x35A60, 0x35A60, 0x35A60,
    0x35A60, 0x35A60, 0x35A60, 0x35A60, 0x35A60, 0x35A60, 0x35A60, 0x35A60,
    0x35A60, 0x35A60, 0x35A60, 0x35A60, 0x35A60, 0x35A60, 0x35A60, 0x35A60,
    0x35A60, 0x35A60, 0x35A60, 0x35A60, 0x35A60, 0x35A60, 0x35A60, 0x35A60,
    0x35A60, 0x35A60, 0x35A60, 0x35A60, 0x35A60, 0x35A60, 0x35A60, 0x35A60,
    0x35A60, 0x75CC60, 0x99AD0, 0x35A60, 0x35A60, 0x35A60, 0x35A60, 0x35A60,
    0x35A60, 0x35A60, 0x35A60, 0x35A60, 0x50AF0, 0x50AF0, 0x35A60, 0x35A60,
    0x35A60, 0x35A60, 0x35A60, 0x35A60, 0x35A60, 0x35A60, 0x35A60, 0x35A60,
    0x35A60, 0x35A60, 0x35A60, 0x35A60, 0x803F40, 0x35A60, 0x75CBE0, 0x75CBF0,
    0x75CC10, 0x75CC40, 0x35A60, 0x35A60, 0x35A60, 0x35A60, 0x35A60, 0x35A60,
    0x35A60, 0x35A60, 0x35A60, 0x35A60, 0x35A60, 0x35A60, 0x35A60, 0x35A60,
    0x35A60, 0x35A60, 0x35A60, 0x35A60, 0x35A60, 0x75F0F0, 0x35A60, 0x35A60,
    0x35A60, 0x35A60, 0x35A60, 0x35A60, 0x35A60, 0x35A60, 0x75CC70, 0x35A60,
    0x35A60, 0x35A60, 0x35A60, 0x35A60, 0x2B5500, 0x2B5500, 0x35A60, 0x35A60,
    0x35A60, 0x35A60, 0x35A60, 0x35A60, 0x35A60, 0x35A60, 0x35A60, 0x35A60,
    0x35A60, 0x35A60, 0x35A60, 0x75CC10, 0x35A60, 0x35A60, 0x35A60, 0x50AF0,
    0x14C4E0, 0x803FA0, 0x35A60, 0x35A60
};

/* Webbed -172 vtable slot RVAs */
const UINT_PTR g_webbedVtableRVAs[172] = {
    0x59E0D0, 0x59E0C0, 0x59DFF0, 0x59DFE0, 0x50AF0, 0x7260C0, 0x35A60, 0x75C5F0,
    0x35A60, 0x35A60, 0x35A60, 0x9DD30, 0x35A60, 0x35A60, 0x35A60, 0x35A60,
    0x35A60, 0x35A60, 0x35A60, 0x35A60, 0x35A60, 0x35A60, 0x35A60, 0x35A60,
    0x35A60, 0x75C5C0, 0x35A60, 0x35A60, 0x804220, 0x26BD0, 0x803960, 0x803860,
    0x803740, 0x9D7B0, 0x9DA10, 0x35A60, 0x2B5500, 0x2B5500, 0x35A60, 0x35A60,
    0x35A60, 0x2B5500, 0x35A60, 0x9DC10, 0x35A60, 0x9DA90, 0x35A60, 0x35A60,
    0x35A60, 0x35A60, 0x35A60, 0x35A60, 0x35A60, 0x35A60, 0x35A60, 0x35A60,
    0x35A60, 0x35A60, 0x35A60, 0x35A60, 0x35A60, 0x35A60, 0x35A60, 0x9DC30,
    0x35A60, 0x35A60, 0x35A60, 0x35A60, 0x35A60, 0x35A60, 0x35A60, 0x35A60,
    0x35A60, 0x35A60, 0x35A60, 0x35A60, 0x35A60, 0x35A60, 0x35A60, 0x35A60,
    0x9DCF0, 0x7E0A0, 0x35A60, 0x35A60, 0x9DC90, 0x35A60, 0x35A60, 0x35A60,
    0x35A60, 0x35A60, 0x35A60, 0x35A60, 0x50AF0, 0x50AF0, 0x35A60, 0x35A60,
    0x35A60, 0x35A60, 0x35A60, 0x35A60, 0x35A60, 0x35A60, 0x35A60, 0x35A60,
    0x35A60, 0x35A60, 0x35A60, 0x35A60, 0x803F40, 0x35A60, 0x75CBE0, 0x75CBF0,
    0x75CC10, 0x75CC40, 0x35A60, 0x35A60, 0x35A60, 0x35A60, 0x35A60, 0x35A60,
    0x35A60, 0x35A60, 0x35A60, 0x35A60, 0x35A60, 0x35A60, 0x35A60, 0x35A60,
    0x35A60, 0x35A60, 0x35A60, 0x35A60, 0x35A60, 0x75F0F0, 0x35A60, 0x35A60,
    0x35A60, 0x35A60, 0x35A60, 0x35A60, 0x35A60, 0x35A60, 0x75CC70, 0x35A60,
    0x35A60, 0x35A60, 0x35A60, 0x35A60, 0x2B5500, 0x2B5500, 0x35A60, 0x35A60,
    0x35A60, 0x35A60, 0x35A60, 0x35A60, 0x35A60, 0x35A60, 0x35A60, 0x35A60,
    0x35A60, 0x35A60, 0x35A60, 0x75CC10, 0x35A60, 0x35A60, 0x35A60, 0x50AF0,
    0x14C4E0, 0x803FA0, 0x35A60, 0x35A60
};

/* Wet -172 vtable slot RVAs */
const UINT_PTR g_wetVtableRVAs[172] = {
    0x59CDB0, 0x59CDA0, 0x59CCD0, 0x59CCC0, 0x50AF0, 0x726140, 0x35A60, 0x75C5F0,
    0x35A60, 0x35A60, 0x35A60, 0x9F2E0, 0x35A60, 0x35A60, 0x35A60, 0x35A60,
    0x35A60, 0x35A60, 0x35A60, 0x35A60, 0x35A60, 0x35A60, 0x35A60, 0x35A60,
    0x35A60, 0x75C5C0, 0x35A60, 0x35A60, 0x804220, 0x26BD0, 0x803960, 0x803860,
    0x803740, 0x9F2A0, 0x9F150, 0x35A60, 0x2B5500, 0x2B5500, 0x35A60, 0x35A60,
    0x35A60, 0x2B5500, 0x35A60, 0x35A60, 0x35A60, 0x35A60, 0x35A60, 0x35A60,
    0x35A60, 0x35A60, 0x35A60, 0x35A60, 0x35A60, 0x35A60, 0x35A60, 0x35A60,
    0x35A60, 0x35A60, 0x35A60, 0x35A60, 0x35A60, 0x35A60, 0x35A60, 0x35A60,
    0x35A60, 0x35A60, 0x35A60, 0x35A60, 0x35A60, 0x35A60, 0x35A60, 0x35A60,
    0x35A60, 0x35A60, 0x35A60, 0x35A60, 0x35A60, 0x35A60, 0x35A60, 0x35A60,
    0x9F460, 0x9F470, 0x35A60, 0x35A60, 0x35A60, 0x35A60, 0x35A60, 0x35A60,
    0x35A60, 0x35A60, 0x35A60, 0x35A60, 0x50AF0, 0x50AF0, 0x35A60, 0x35A60,
    0x35A60, 0x35A60, 0x35A60, 0x35A60, 0x35A60, 0x35A60, 0x35A60, 0x35A60,
    0x35A60, 0x35A60, 0x35A60, 0x35A60, 0x803F40, 0x35A60, 0x75CBE0, 0x75CBF0,
    0x75CC10, 0x75CC40, 0x35A60, 0x35A60, 0x35A60, 0x35A60, 0x35A60, 0x35A60,
    0x35A60, 0x35A60, 0x35A60, 0x35A60, 0x35A60, 0x35A60, 0x35A60, 0x35A60,
    0x35A60, 0x35A60, 0x35A60, 0x35A60, 0x35A60, 0x75F0F0, 0x35A60, 0x35A60,
    0x35A60, 0x35A60, 0x35A60, 0x35A60, 0x35A60, 0x35A60, 0x75CC70, 0x35A60,
    0x35A60, 0x35A60, 0x35A60, 0x35A60, 0x2B5500, 0x2B5500, 0x35A60, 0x35A60,
    0x35A60, 0x35A60, 0x35A60, 0x35A60, 0x35A60, 0x35A60, 0x35A60, 0x35A60,
    0x35A60, 0x35A60, 0x35A60, 0x75CC10, 0x35A60, 0x35A60, 0x35A60, 0x50AF0,
    0x14C4E0, 0x803FA0, 0x35A60, 0x35A60
};

/* Zombie -172 vtable slot RVAs */
const UINT_PTR g_zombieVtableRVAs[172] = {
    0x5755B0, 0x5755A0, 0x5754D0, 0x5754C0, 0x50AF0, 0x7261C0, 0x35A60, 0x75C5F0,
    0x35A60, 0x35A60, 0x35A60, 0x35A60, 0x35A60, 0x35A60, 0x35A60, 0x35A60,
    0x35A60, 0x35A60, 0x35A60, 0x35A60, 0x35A60, 0x35A60, 0x35A60, 0x35A60,
    0x35A60, 0x75C5C0, 0x35A60, 0x35A60, 0x804220, 0x26BD0, 0x803960, 0x803860,
    0x803740, 0x2703E0, 0x35A60, 0x35A60, 0x2B5500, 0x2B5500, 0x35A60, 0x35A60,
    0x35A60, 0x2B5500, 0x35A60, 0x35A60, 0x35A60, 0x35A60, 0x35A60, 0x35A60,
    0x35A60, 0x35A60, 0x35A60, 0x35A60, 0x35A60, 0x35A60, 0x35A60, 0x35A60,
    0x35A60, 0x35A60, 0x35A60, 0x35A60, 0x35A60, 0x35A60, 0x35A60, 0x270430,
    0x35A60, 0x35A60, 0x35A60, 0x35A60, 0x35A60, 0x35A60, 0x35A60, 0x35A60,
    0x35A60, 0x35A60, 0x35A60, 0x35A60, 0x35A60, 0x35A60, 0x35A60, 0x35A60,
    0x35A60, 0x75CC60, 0x2703F0, 0x270460, 0x35A60, 0x35A60, 0x35A60, 0x35A60,
    0x35A60, 0x35A60, 0x35A60, 0x35A60, 0x50AF0, 0x50AF0, 0x26BE10, 0x35A60,
    0x35A60, 0x35A60, 0x35A60, 0x35A60, 0x35A60, 0x35A60, 0x35A60, 0x35A60,
    0x35A60, 0x35A60, 0x35A60, 0x35A60, 0x803F40, 0x35A60, 0x75CBE0, 0x75CBF0,
    0x2704F0, 0x75CC40, 0x35A60, 0x35A60, 0x35A60, 0x35A60, 0x35A60, 0x35A60,
    0x35A60, 0x35A60, 0x35A60, 0x35A60, 0x35A60, 0x35A60, 0x35A60, 0x35A60,
    0x35A60, 0x35A60, 0x35A60, 0x35A60, 0x35A60, 0x75F0F0, 0x35A60, 0x35A60,
    0x35A60, 0x35A60, 0x35A60, 0x35A60, 0x35A60, 0x35A60, 0x75CC70, 0x35A60,
    0x35A60, 0x35A60, 0x35A60, 0x35A60, 0x2B5500, 0x2B5500, 0x35A60, 0x35A60,
    0x35A60, 0x35A60, 0x35A60, 0x35A60, 0x35A60, 0x35A60, 0x35A60, 0x35A60,
    0x35A60, 0x35A60, 0x35A60, 0x75CC10, 0x35A60, 0x35A60, 0x35A60, 0x50AF0,
    0x14C4E0, 0x803FA0, 0x9B3F0, 0x35A60
};

/* Total: 303 donor vtable arrays */
